image_path,split,true_label,resnet_cx,resnet_cy,densenet_cx,densenet_cy,eff_cx,eff_cy,dist_resnet_to_mean,dist_dense_to_mean,dist_eff_to_mean
data\dataset_cls\train\Fractured\IMG0000019.jpg,train,Fractured,0.543759,0.600201,0.594387,0.477423,0.613049,0.580876,0.06198,0.07616,0.04057
data\dataset_cls\train\Fractured\IMG0000025.jpg,train,Fractured,0.624675,0.293168,0.498089,0.671587,0.386705,0.375419,0.195822,0.224919,0.136548
data\dataset_cls\train\Fractured\IMG0000044.jpg,train,Fractured,0.677058,0.584658,0.61367,0.616912,0.613308,0.606533,0.04606,0.025363,0.021712
data\dataset_cls\train\Fractured\IMG0000057.jpg,train,Fractured,0.428448,0.493661,0.540173,0.69175,0.498394,0.560013,0.106945,0.121266,0.023732
data\dataset_cls\train\Fractured\IMG0000058.jpg,train,Fractured,0.440782,0.595514,0.651532,0.592247,0.552678,0.527561,0.110137,0.105212,0.044427
data\dataset_cls\train\Fractured\IMG0000059.jpg,train,Fractured,0.525603,0.435108,0.639171,0.723847,0.505507,0.513198,0.126183,0.185745,0.067671
data\dataset_cls\train\Fractured\IMG0000092.jpg,train,Fractured,0.572846,0.636643,0.526228,0.597276,0.470621,0.534258,0.068515,0.008434,0.076208
data\dataset_cls\train\Fractured\IMG0000100.jpg,train,Fractured,0.602075,0.6945,0.692136,0.582303,0.524124,0.557852,0.083047,0.090861,0.098008
data\dataset_cls\train\Fractured\IMG0000142.jpg,train,Fractured,0.631017,0.485602,0.654293,0.58054,0.441499,0.476927,0.06243,0.102822,0.139229
data\dataset_cls\train\Fractured\IMG0000143.jpg,train,Fractured,0.727987,0.645145,0.753959,0.689395,0.526932,0.575346,0.058979,0.09948,0.155297
data\dataset_cls\train\Fractured\IMG0000144.jpg,train,Fractured,0.57256,0.505965,0.597888,0.517578,0.411689,0.414925,0.052367,0.080139,0.132487
data\dataset_cls\train\Fractured\IMG0000151.jpg,train,Fractured,0.755285,0.275252,0.399203,0.525727,0.520633,0.592523,0.27311,0.17054,0.133469
data\dataset_cls\train\Fractured\IMG0000155.jpg,train,Fractured,0.248382,0.534512,0.410315,0.546861,0.359409,0.410777,0.09827,0.086495,0.088895
data\dataset_cls\train\Fractured\IMG0000156.jpg,train,Fractured,0.375673,0.571064,0.490598,0.668743,0.464821,0.594152,0.079043,0.074143,0.02722
data\dataset_cls\train\Fractured\IMG0000188.jpg,train,Fractured,0.664578,0.235619,0.620587,0.250491,0.5854,0.309762,0.050656,0.015088,0.058574
data\dataset_cls\train\Fractured\IMG0000189.jpg,train,Fractured,0.760727,0.442989,0.537328,0.636533,0.422312,0.593764,0.219644,0.086661,0.155372
data\dataset_cls\train\Fractured\IMG0000190.jpg,train,Fractured,0.60133,0.548623,0.547756,0.493213,0.560173,0.488076,0.049911,0.027653,0.023899
data\dataset_cls\train\Fractured\IMG0000206.jpg,train,Fractured,0.501194,0.088438,0.381447,0.242742,0.603622,0.439651,0.168605,0.114855,0.212343
data\dataset_cls\train\Fractured\IMG0000207.jpg,train,Fractured,0.476483,0.194064,0.376002,0.181026,0.609695,0.274822,0.025072,0.116945,0.135437
data\dataset_cls\train\Fractured\IMG0000261.jpg,train,Fractured,0.590659,0.321059,0.522341,0.351327,0.633769,0.440889,0.050733,0.063091,0.086748
data\dataset_cls\train\Fractured\IMG0000284.jpg,train,Fractured,0.701188,0.333109,0.376828,0.391085,0.51497,0.526573,0.189711,0.156318,0.110816
data\dataset_cls\train\Fractured\IMG0000307.jpg,train,Fractured,0.528627,0.311389,0.552803,0.410251,0.460897,0.36167,0.051791,0.062552,0.053215
data\dataset_cls\train\Fractured\IMG0000319.jpg,train,Fractured,0.593725,0.325131,0.653242,0.353579,0.548417,0.409837,0.038014,0.055559,0.068646
data\dataset_cls\train\Fractured\IMG0000351.jpg,train,Fractured,0.557177,0.263535,0.547858,0.36541,0.618171,0.355606,0.066904,0.045721,0.05165
data\dataset_cls\train\Fractured\IMG0000352.jpg,train,Fractured,0.567346,0.459358,0.534498,0.506508,0.579654,0.515589,0.035134,0.028932,0.028998
data\dataset_cls\train\Fractured\IMG0000443.jpg,train,Fractured,0.50367,0.42624,0.473528,0.556018,0.569394,0.414421,0.041069,0.099734,0.074273
data\dataset_cls\train\Fractured\IMG0000453.jpg,train,Fractured,0.488981,0.592627,0.572276,0.673557,0.603885,0.63112,0.077132,0.044586,0.048855
data\dataset_cls\train\Fractured\IMG0000454.jpg,train,Fractured,0.562903,0.689645,0.621255,0.729098,0.626143,0.626216,0.041311,0.050682,0.059908
data\dataset_cls\train\Fractured\IMG0000455.jpg,train,Fractured,0.501305,0.58277,0.573764,0.619957,0.600761,0.642275,0.065747,0.015944,0.050206
data\dataset_cls\train\Fractured\IMG0000456.jpg,train,Fractured,0.438183,0.562268,0.457099,0.608144,0.467387,0.551071,0.019772,0.034437,0.02629
data\dataset_cls\train\Fractured\IMG0000466.jpg,train,Fractured,0.60666,0.357603,0.537462,0.467341,0.57493,0.500817,0.090781,0.043708,0.058928
data\dataset_cls\train\Fractured\IMG0000467.jpg,train,Fractured,0.564439,0.474323,0.666222,0.54817,0.605959,0.461415,0.051907,0.07605,0.033804
data\dataset_cls\train\Fractured\IMG0000468.jpg,train,Fractured,0.573165,0.506415,0.793761,0.560766,0.706897,0.46056,0.118143,0.114707,0.051132
data\dataset_cls\train\Fractured\IMG0000470.jpg,train,Fractured,0.683935,0.309263,0.668673,0.408048,0.683029,0.325613,0.038755,0.061208,0.02248
data\dataset_cls\train\Fractured\IMG0000471.jpg,train,Fractured,0.518192,0.45618,0.4554,0.425967,0.632097,0.406531,0.031606,0.07991,0.099567
data\dataset_cls\train\Fractured\IMG0000472.jpg,train,Fractured,0.547047,0.597381,0.447941,0.468043,0.621759,0.446607,0.093724,0.097827,0.100788
data\dataset_cls\train\Fractured\IMG0000479.jpg,train,Fractured,0.628839,0.402506,0.427902,0.475839,0.687325,0.378718,0.050274,0.163634,0.113375
data\dataset_cls\train\Fractured\IMG0000480.jpg,train,Fractured,0.595139,0.350326,0.502977,0.375297,0.604601,0.453569,0.050857,0.066994,0.070936
data\dataset_cls\train\Fractured\IMG0000599.jpg,train,Fractured,0.683558,0.542516,0.70938,0.401925,0.641988,0.534299,0.04988,0.096147,0.055063
data\dataset_cls\train\Fractured\IMG0000600.jpg,train,Fractured,0.539908,0.439602,0.663396,0.444355,0.651556,0.437085,0.078382,0.045287,0.033429
data\dataset_cls\train\Fractured\IMG0000671.jpg,train,Fractured,0.536316,0.572294,0.572235,0.54118,0.465655,0.603193,0.011581,0.056744,0.066706
data\dataset_cls\train\Fractured\IMG0000692.jpg,train,Fractured,0.419633,0.364021,0.495084,0.452575,0.641916,0.476202,0.119694,0.032164,0.131102
data\dataset_cls\train\Fractured\IMG0000702.jpg,train,Fractured,0.321135,0.332343,0.525398,0.533582,0.571256,0.429384,0.18118,0.11469,0.098688
data\dataset_cls\train\Fractured\IMG0000750.jpg,train,Fractured,0.599789,0.471325,0.385145,0.514885,0.556906,0.421168,0.085871,0.136689,0.064386
data\dataset_cls\train\Fractured\IMG0000751.jpg,train,Fractured,0.549491,0.455237,0.432338,0.490311,0.601475,0.487821,0.031313,0.096248,0.074386
data\dataset_cls\train\Fractured\IMG0000758.jpg,train,Fractured,0.619111,0.538374,0.708831,0.321072,0.330424,0.502955,0.107215,0.205072,0.227661
data\dataset_cls\train\Fractured\IMG0000762.jpg,train,Fractured,0.619648,0.557028,0.573988,0.399841,0.400055,0.221469,0.186535,0.043337,0.215764
data\dataset_cls\train\Fractured\IMG0000763.jpg,train,Fractured,0.63649,0.546987,0.372796,0.160054,0.505682,0.334457,0.239209,0.229098,0.012728
data\dataset_cls\train\Fractured\IMG0000776.jpg,train,Fractured,0.45074,0.600732,0.511083,0.508428,0.537828,0.487026,0.084444,0.026153,0.05889
data\dataset_cls\train\Fractured\IMG0000777.jpg,train,Fractured,0.752386,0.484965,0.782092,0.373213,0.761199,0.372076,0.075973,0.040546,0.038221
data\dataset_cls\train\Fractured\IMG0000801.jpg,train,Fractured,0.501166,0.267819,0.477867,0.369573,0.536096,0.313444,0.049279,0.05923,0.03125
data\dataset_cls\train\Fractured\IMG0000804.jpg,train,Fractured,0.488199,0.422769,0.402609,0.365115,0.477324,0.399175,0.042041,0.061562,0.021564
data\dataset_cls\train\Fractured\IMG0000805.jpg,train,Fractured,0.507246,0.397597,0.466971,0.380691,0.521592,0.373299,0.016228,0.031791,0.0253
data\dataset_cls\train\Fractured\IMG0000822.jpg,train,Fractured,0.734587,0.608377,0.763204,0.735311,0.7402,0.676004,0.065849,0.064421,0.006426
data\dataset_cls\train\Fractured\IMG0000844.jpg,train,Fractured,0.65878,0.476254,0.33959,0.324992,0.6227,0.246319,0.173695,0.202219,0.131767
data\dataset_cls\train\Fractured\IMG0000845.jpg,train,Fractured,0.678846,0.576753,0.370621,0.575849,0.60673,0.528337,0.127842,0.182109,0.06333
data\dataset_cls\train\Fractured\IMG0000851.jpg,train,Fractured,0.524349,0.39201,0.474256,0.376626,0.523797,0.373254,0.020359,0.033452,0.017918
data\dataset_cls\train\Fractured\IMG0000852.jpg,train,Fractured,0.684809,0.495322,0.536265,0.431755,0.511697,0.340826,0.129535,0.04232,0.105046
data\dataset_cls\train\Fractured\IMG0001007.jpg,train,Fractured,0.531188,0.304816,0.522973,0.285835,0.485025,0.400035,0.031215,0.045486,0.075226
data\dataset_cls\train\Fractured\IMG0001008.jpg,train,Fractured,0.536747,0.494942,0.475591,0.430937,0.48601,0.398251,0.065272,0.026042,0.045171
data\dataset_cls\train\Fractured\IMG0001025.jpg,train,Fractured,0.586706,0.398713,0.372013,0.471988,0.554429,0.598668,0.122769,0.133561,0.119829
data\dataset_cls\train\Fractured\IMG0001026.jpg,train,Fractured,0.564663,0.508456,0.520303,0.515446,0.477419,0.395871,0.056243,0.042191,0.088714
data\dataset_cls\train\Fractured\IMG0001041.jpg,train,Fractured,0.278449,0.224914,0.737419,0.458295,0.652343,0.44349,0.315863,0.199327,0.117822
data\dataset_cls\train\Fractured\IMG0001073.jpg,train,Fractured,0.454283,0.401765,0.573419,0.500403,0.458682,0.39816,0.051953,0.102767,0.050967
data\dataset_cls\train\Fractured\IMG0001123.jpg,train,Fractured,0.676696,0.953144,0.713631,0.396819,0.484662,0.529459,0.330736,0.246165,0.170604
data\dataset_cls\train\Fractured\IMG0001147.jpg,train,Fractured,0.577945,0.395334,0.484475,0.427387,0.589229,0.506478,0.055035,0.067909,0.074277
data\dataset_cls\train\Fractured\IMG0001148.jpg,train,Fractured,0.6002,0.445327,0.417589,0.455212,0.592168,0.39002,0.065326,0.121665,0.068522
data\dataset_cls\train\Fractured\IMG0001151.jpg,train,Fractured,0.566867,0.428434,0.508887,0.411353,0.527155,0.43798,0.032661,0.029296,0.014017
data\dataset_cls\train\Fractured\IMG0001152.jpg,train,Fractured,0.595956,0.542638,0.491592,0.457104,0.54507,0.545953,0.058559,0.078403,0.030733
data\dataset_cls\train\Fractured\IMG0001191.jpg,train,Fractured,0.635287,0.649134,0.465891,0.738345,0.635921,0.597322,0.057619,0.136715,0.085837
data\dataset_cls\train\Fractured\IMG0001192.jpg,train,Fractured,0.759605,0.440697,0.468891,0.562498,0.711249,0.399667,0.116186,0.201434,0.093806
data\dataset_cls\train\Fractured\IMG0001198.jpg,train,Fractured,0.678932,0.449021,0.619895,0.450431,0.672835,0.586066,0.051004,0.058267,0.092225
data\dataset_cls\train\Fractured\IMG0001199.jpg,train,Fractured,0.54664,0.418009,0.519938,0.410486,0.660432,0.508878,0.040182,0.065974,0.105663
data\dataset_cls\train\Fractured\IMG0001200.jpg,train,Fractured,0.547511,0.284166,0.538765,0.173959,0.526414,0.428347,0.015074,0.121537,0.133323
data\dataset_cls\train\Fractured\IMG0001236.jpg,train,Fractured,0.420703,0.32372,0.404241,0.353866,0.494466,0.527852,0.080394,0.059696,0.137382
data\dataset_cls\train\Fractured\IMG0001350.jpg,train,Fractured,0.824588,0.360643,0.372143,0.518852,0.599009,0.391117,0.234596,0.24568,0.032424
data\dataset_cls\train\Fractured\IMG0001351.jpg,train,Fractured,0.70897,0.614113,0.592494,0.425246,0.642252,0.599854,0.091177,0.133228,0.053748
data\dataset_cls\train\Fractured\IMG0001360.jpg,train,Fractured,0.628366,0.368803,0.566373,0.458662,0.551075,0.368572,0.05521,0.061969,0.043116
data\dataset_cls\train\Fractured\IMG0001361.jpg,train,Fractured,0.517316,0.412979,0.502416,0.31408,0.284869,0.410686,0.089082,0.09386,0.153257
data\dataset_cls\train\Fractured\IMG0001362.jpg,train,Fractured,0.538466,0.423255,0.611465,0.534151,0.61234,0.420455,0.060788,0.07863,0.046138
data\dataset_cls\train\Fractured\IMG0001363.jpg,train,Fractured,0.60018,0.595728,0.6708,0.722979,0.461899,0.459905,0.022734,0.16003,0.176275
data\dataset_cls\train\Fractured\IMG0001364.jpg,train,Fractured,0.631809,0.381994,0.641353,0.38445,0.481673,0.481477,0.057887,0.064619,0.122294
data\dataset_cls\train\Fractured\IMG0001365.jpg,train,Fractured,0.64025,0.34199,0.604866,0.388815,0.645724,0.463943,0.057136,0.027109,0.067484
data\dataset_cls\train\Fractured\IMG0001366.jpg,train,Fractured,0.70303,0.52636,0.455121,0.36575,0.545772,0.39924,0.165646,0.130084,0.038301
data\dataset_cls\train\Fractured\IMG0001367.jpg,train,Fractured,0.540345,0.382069,0.491894,0.373919,0.556209,0.383018,0.011124,0.038026,0.026935
data\dataset_cls\train\Fractured\IMG0001380.jpg,train,Fractured,0.618974,0.631348,0.580145,0.523488,0.551611,0.462541,0.098782,0.016009,0.082988
data\dataset_cls\train\Fractured\IMG0001381.jpg,train,Fractured,0.551837,0.397251,0.504659,0.405609,0.491491,0.477272,0.046395,0.023954,0.056187
data\dataset_cls\train\Fractured\IMG0001382.jpg,train,Fractured,0.476858,0.377782,0.378502,0.435169,0.482597,0.43635,0.049468,0.070037,0.041678
data\dataset_cls\train\Fractured\IMG0001391.jpg,train,Fractured,0.592678,0.706774,0.26527,0.828077,0.378341,0.29392,0.205072,0.263238,0.31747
data\dataset_cls\train\Fractured\IMG0001392.jpg,train,Fractured,0.563978,0.479967,0.688488,0.148703,0.555791,0.252822,0.190132,0.168561,0.062346
data\dataset_cls\train\Fractured\IMG0001410.jpg,train,Fractured,0.549442,0.38728,0.443962,0.460405,0.52635,0.447226,0.061679,0.068915,0.025173
data\dataset_cls\train\Fractured\IMG0001411.jpg,train,Fractured,0.590193,0.492494,0.493628,0.418017,0.515805,0.462871,0.066718,0.056115,0.018129
data\dataset_cls\train\Fractured\IMG0001428.jpg,train,Fractured,0.437853,0.565972,0.324466,0.608744,0.481236,0.587601,0.031707,0.092538,0.066718
data\dataset_cls\train\Fractured\IMG0001440.jpg,train,Fractured,0.579654,0.429653,0.365252,0.500708,0.550473,0.339152,0.081453,0.154131,0.098816
data\dataset_cls\train\Fractured\IMG0001441.jpg,train,Fractured,0.637553,0.411103,0.436265,0.512132,0.551809,0.349444,0.096573,0.137408,0.075439
data\dataset_cls\train\Fractured\IMG0001494.jpg,train,Fractured,0.536356,0.428754,0.517377,0.557047,0.464477,0.473737,0.065217,0.071435,0.043511
data\dataset_cls\train\Fractured\IMG0001495.jpg,train,Fractured,0.581718,0.47415,0.518952,0.566875,0.603491,0.434624,0.022387,0.089637,0.067338
data\dataset_cls\train\Fractured\IMG0001546.jpg,train,Fractured,0.628756,0.617588,0.629983,0.56083,0.631088,0.518126,0.052086,0.004685,0.047402
data\dataset_cls\train\Fractured\IMG0001570.jpg,train,Fractured,0.582812,0.449363,0.555931,0.490357,0.634124,0.549802,0.047842,0.035561,0.068584
data\dataset_cls\train\Fractured\IMG0001571.jpg,train,Fractured,0.588055,0.393134,0.587465,0.388698,0.606473,0.425173,0.010953,0.015121,0.026023
data\dataset_cls\train\Fractured\IMG0001572.jpg,train,Fractured,0.627327,0.363484,0.566209,0.3488,0.576946,0.36272,0.037521,0.02578,0.013923
data\dataset_cls\train\Fractured\IMG0001577.jpg,train,Fractured,0.34724,0.451714,0.362504,0.413263,0.461942,0.451201,0.045227,0.037889,0.072462
data\dataset_cls\train\Fractured\IMG0001578.jpg,train,Fractured,0.461368,0.550417,0.432805,0.484488,0.551333,0.418615,0.069015,0.04903,0.095769
data\dataset_cls\train\Fractured\IMG0001639.jpg,train,Fractured,0.5978,0.367895,0.501302,0.465337,0.63888,0.498563,0.078249,0.080908,0.080816
data\dataset_cls\train\Fractured\IMG0001640.jpg,train,Fractured,0.542771,0.414702,0.497732,0.462443,0.566022,0.42292,0.020017,0.047677,0.032248
data\dataset_cls\train\Fractured\IMG0001710.jpg,train,Fractured,0.352227,0.591184,0.344803,0.567859,0.304413,0.54653,0.029198,0.011009,0.036718
data\dataset_cls\train\Fractured\IMG0001730.jpg,train,Fractured,0.354183,0.575285,0.332458,0.515444,0.438142,0.495561,0.050937,0.04451,0.071404
data\dataset_cls\train\Fractured\IMG0001731.jpg,train,Fractured,0.379669,0.652936,0.278213,0.500581,0.464625,0.378177,0.142478,0.096474,0.160339
data\dataset_cls\train\Fractured\IMG0001738.jpg,train,Fractured,0.428236,0.366285,0.353811,0.376711,0.468813,0.529322,0.058911,0.078951,0.117302
data\dataset_cls\train\Fractured\IMG0001739.jpg,train,Fractured,0.579245,0.330179,0.499818,0.342602,0.555395,0.451234,0.056256,0.055259,0.077289
data\dataset_cls\train\Fractured\IMG0001760.jpg,train,Fractured,0.853574,0.622864,0.370029,0.55047,0.554342,0.650547,0.261351,0.229923,0.05728
data\dataset_cls\train\Fractured\IMG0001762.jpg,train,Fractured,0.532787,0.369946,0.424591,0.496453,0.459409,0.358058,0.071575,0.100347,0.051717
data\dataset_cls\train\Fractured\IMG0001763.jpg,train,Fractured,0.552497,0.622644,0.595884,0.750895,0.634901,0.439721,0.04572,0.146482,0.169599
data\dataset_cls\train\Fractured\IMG0001774.jpg,train,Fractured,0.459989,0.415463,0.618889,0.496046,0.489489,0.416737,0.068471,0.10989,0.042255
data\dataset_cls\train\Fractured\IMG0001780.jpg,train,Fractured,0.553023,0.406246,0.559823,0.457028,0.49881,0.379597,0.017734,0.048347,0.051758
data\dataset_cls\train\Fractured\IMG0001781.jpg,train,Fractured,0.486075,0.434639,0.39149,0.847667,0.3666,0.393623,0.143067,0.289956,0.171893
data\dataset_cls\train\Fractured\IMG0001805.jpg,train,Fractured,0.520852,0.517124,0.474002,0.469785,0.555612,0.584776,0.007879,0.069003,0.072188
data\dataset_cls\train\Fractured\IMG0001867.jpg,train,Fractured,0.516881,0.554114,0.500292,0.579987,0.519067,0.605644,0.026244,0.011788,0.026661
data\dataset_cls\train\Fractured\IMG0001868.jpg,train,Fractured,0.58731,0.518256,0.48692,0.601947,0.581179,0.594336,0.064008,0.071666,0.0372
data\dataset_cls\train\Fractured\IMG0001869.jpg,train,Fractured,0.548884,0.521806,0.567413,0.553009,0.510376,0.593305,0.034876,0.02537,0.049021
data\dataset_cls\train\Fractured\IMG0001870.jpg,train,Fractured,0.29654,0.425492,0.55268,0.5129,0.548904,0.513813,0.179337,0.09131,0.08804
data\dataset_cls\train\Fractured\IMG0001916.jpg,train,Fractured,0.585397,0.450975,0.588206,0.413609,0.411117,0.411141,0.062682,0.061084,0.117968
data\dataset_cls\train\Fractured\IMG0001933.jpg,train,Fractured,0.649863,0.471283,0.460485,0.608799,0.512276,0.556182,0.131814,0.102368,0.030556
data\dataset_cls\train\Fractured\IMG0001934.jpg,train,Fractured,0.433852,0.444885,0.505874,0.4695,0.582022,0.406211,0.073547,0.029334,0.082135
data\dataset_cls\train\Fractured\IMG0001938.jpg,train,Fractured,0.559611,0.500893,0.536433,0.53054,0.592463,0.491669,0.007533,0.03491,0.033686
data\dataset_cls\train\Fractured\IMG0001939.jpg,train,Fractured,0.464273,0.28993,0.45502,0.370644,0.562868,0.457011,0.087803,0.039079,0.108962
data\dataset_cls\train\Fractured\IMG0001948.jpg,train,Fractured,0.598337,0.34905,0.648767,0.474089,0.372364,0.373306,0.076814,0.13242,0.169391
data\dataset_cls\train\Fractured\IMG0001964.jpg,train,Fractured,0.515475,0.534806,0.440624,0.60686,0.340382,0.420724,0.084485,0.086478,0.135786
data\dataset_cls\train\Fractured\IMG0001965.jpg,train,Fractured,0.384696,0.47313,0.477586,0.513189,0.296144,0.498883,0.021985,0.093222,0.090079
data\dataset_cls\train\Fractured\IMG0001970.jpg,train,Fractured,0.595091,0.545895,0.532567,0.542384,0.598839,0.539706,0.019857,0.042933,0.023526
data\dataset_cls\train\Fractured\IMG0001971.jpg,train,Fractured,0.530328,0.535029,0.480376,0.505859,0.536674,0.508275,0.023639,0.036948,0.022402
data\dataset_cls\train\Fractured\IMG0001980.jpg,train,Fractured,0.646141,0.538057,0.571409,0.406367,0.65903,0.273051,0.133829,0.054121,0.136936
data\dataset_cls\train\Fractured\IMG0001981.jpg,train,Fractured,0.825833,0.344197,0.253749,0.316003,0.491955,0.238389,0.305273,0.270598,0.068958
data\dataset_cls\train\Fractured\IMG0002020.jpg,train,Fractured,0.530792,0.389442,0.398901,0.523874,0.590678,0.499494,0.084956,0.120177,0.088615
data\dataset_cls\train\Fractured\IMG0002021.jpg,train,Fractured,0.52839,0.482515,0.382929,0.468456,0.632296,0.458184,0.018858,0.131615,0.118321
data\dataset_cls\train\Fractured\IMG0002036.jpg,train,Fractured,0.537352,0.286945,0.549929,0.313146,0.522501,0.561646,0.100303,0.07529,0.174969
data\dataset_cls\train\Fractured\IMG0002037.jpg,train,Fractured,0.536009,0.459674,0.382649,0.514849,0.516008,0.562348,0.078153,0.095607,0.062718
data\dataset_cls\train\Fractured\IMG0002085.jpg,train,Fractured,0.650579,0.513991,0.49496,0.714023,0.510643,0.617336,0.141182,0.114206,0.041477
data\dataset_cls\train\Fractured\IMG0002086.jpg,train,Fractured,0.484373,0.341719,0.664644,0.750069,0.59999,0.580498,0.237189,0.209226,0.028649
data\dataset_cls\train\Fractured\IMG0002105.jpg,train,Fractured,0.453812,0.583994,0.488735,0.728632,0.530488,0.522405,0.04637,0.116978,0.097611
data\dataset_cls\train\Fractured\IMG0002106.jpg,train,Fractured,0.710534,0.476831,0.396831,0.297777,0.502132,0.215952,0.22758,0.143379,0.119293
data\dataset_cls\train\Fractured\IMG0002122.jpg,train,Fractured,0.515585,0.165517,0.533858,0.299282,0.660442,0.555137,0.18274,0.054403,0.233409
data\dataset_cls\train\Fractured\IMG0002123.jpg,train,Fractured,0.60823,0.308827,0.439461,0.229673,0.69703,0.473673,0.03907,0.178323,0.178614
data\dataset_cls\train\Fractured\IMG0002126.jpg,train,Fractured,0.615802,0.395741,0.498926,0.424626,0.54732,0.366055,0.061787,0.062327,0.030171
data\dataset_cls\train\Fractured\IMG0002127.jpg,train,Fractured,0.631581,0.422062,0.568608,0.449228,0.537296,0.37768,0.052733,0.034555,0.056974
data\dataset_cls\train\Fractured\IMG0002148.jpg,train,Fractured,0.506398,0.405064,0.476478,0.462174,0.481095,0.546281,0.068624,0.014612,0.075424
data\dataset_cls\train\Fractured\IMG0002180.jpg,train,Fractured,0.579797,0.631163,0.292575,0.579095,0.578017,0.515455,0.111391,0.190927,0.111868
data\dataset_cls\train\Fractured\IMG0002181.jpg,train,Fractured,0.691581,0.334673,0.294962,0.422916,0.513075,0.34951,0.194763,0.211877,0.023568
data\dataset_cls\train\Fractured\IMG0002208.jpg,train,Fractured,0.665232,0.247726,0.640225,0.445697,0.49675,0.381901,0.128131,0.095775,0.1066
data\dataset_cls\train\Fractured\IMG0002225.jpg,train,Fractured,0.596481,0.455274,0.636646,0.462332,0.432935,0.395234,0.044759,0.084967,0.129547
data\dataset_cls\train\Fractured\IMG0002265.jpg,train,Fractured,0.668303,0.091559,0.379857,0.357506,0.505545,0.414533,0.2473,0.154616,0.127269
data\dataset_cls\train\Fractured\IMG0002272.jpg,train,Fractured,0.528147,0.20473,0.510702,0.335904,0.477365,0.35271,0.09579,0.038489,0.061672
data\dataset_cls\train\Fractured\IMG0002274.jpg,train,Fractured,0.558597,0.266271,0.374897,0.409811,0.558839,0.685913,0.197437,0.13027,0.239903
data\dataset_cls\train\Fractured\IMG0002287.jpg,train,Fractured,0.507624,0.218908,0.568433,0.578868,0.452745,0.467128,0.202737,0.16788,0.072816
data\dataset_cls\train\Fractured\IMG0002298.jpg,train,Fractured,0.459508,0.692829,0.578915,0.683528,0.384962,0.47983,0.075594,0.12292,0.165237
data\dataset_cls\train\Fractured\IMG0002299.jpg,train,Fractured,0.590659,0.321059,0.522341,0.351327,0.633769,0.440889,0.050733,0.063091,0.086748
data\dataset_cls\train\Fractured\IMG0002300.jpg,train,Fractured,0.590659,0.321059,0.522341,0.351327,0.633769,0.440889,0.050733,0.063091,0.086748
data\dataset_cls\train\Fractured\IMG0002301.jpg,train,Fractured,0.497364,0.234889,0.560316,0.431838,0.579796,0.410844,0.133414,0.074079,0.061824
data\dataset_cls\train\Fractured\IMG0002302.jpg,train,Fractured,0.628309,0.447431,0.635179,0.323705,0.46525,0.488852,0.05885,0.112894,0.130619
data\dataset_cls\train\Fractured\IMG0002303.jpg,train,Fractured,0.524845,0.687959,0.358485,0.431676,0.369007,0.533681,0.173964,0.133191,0.051477
data\dataset_cls\train\Fractured\IMG0002304.jpg,train,Fractured,0.674721,0.592571,0.509409,0.343223,0.525872,0.378557,0.186608,0.112589,0.074127
data\dataset_cls\train\Fractured\IMG0002305.jpg,train,Fractured,0.518976,0.613422,0.319958,0.44345,0.423206,0.490118,0.138609,0.123961,0.025667
data\dataset_cls\train\Fractured\IMG0002306.jpg,train,Fractured,0.658385,0.709508,0.516481,0.43971,0.493171,0.521639,0.183721,0.123727,0.072084
data\dataset_cls\train\Fractured\IMG0002307.jpg,train,Fractured,0.478681,0.437873,0.614703,0.331978,0.429754,0.597549,0.03412,0.163643,0.161773
data\dataset_cls\train\Fractured\IMG0002308.jpg,train,Fractured,0.717391,0.58091,0.670547,0.530865,0.470348,0.351006,0.135295,0.066974,0.202191
data\dataset_cls\train\Fractured\IMG0002309.jpg,train,Fractured,0.409993,0.635099,0.571918,0.389845,0.489568,0.626989,0.116674,0.18024,0.07635
data\dataset_cls\train\Fractured\IMG0002310.jpg,train,Fractured,0.701079,0.203682,0.530406,0.763646,0.580668,0.357797,0.257043,0.330254,0.087108
data\dataset_cls\train\Fractured\IMG0002311.jpg,train,Fractured,0.62231,0.397992,0.545298,0.312645,0.497478,0.374687,0.07641,0.050084,0.058982
data\dataset_cls\train\Fractured\IMG0002312.jpg,train,Fractured,0.55177,0.517127,0.526565,0.402919,0.511158,0.515154,0.04451,0.075552,0.041226
data\dataset_cls\train\Fractured\IMG0002313.jpg,train,Fractured,0.545202,0.587069,0.592852,0.464134,0.555012,0.483998,0.077732,0.055478,0.029267
data\dataset_cls\train\Fractured\IMG0002314.jpg,train,Fractured,0.507245,0.664346,0.471658,0.613962,0.505347,0.477068,0.0802,0.036943,0.108576
data\dataset_cls\train\Fractured\IMG0002315.jpg,train,Fractured,0.652554,0.128736,0.71189,0.145168,0.574233,0.245407,0.044817,0.07136,0.102033
data\dataset_cls\train\Fractured\IMG0002316.jpg,train,Fractured,0.665515,0.645233,0.559674,0.591203,0.510794,0.51581,0.106222,0.020279,0.096265
data\dataset_cls\train\Fractured\IMG0002317.jpg,train,Fractured,0.465274,0.522527,0.446115,0.613,0.396801,0.39152,0.032185,0.104469,0.123882
data\dataset_cls\train\Fractured\IMG0002318.jpg,train,Fractured,0.593718,0.539726,0.509453,0.589992,0.534663,0.429321,0.051809,0.079218,0.09106
data\dataset_cls\train\Fractured\IMG0002319.jpg,train,Fractured,0.4287,0.411662,0.532755,0.536274,0.50121,0.531984,0.100647,0.062364,0.041017
data\dataset_cls\train\Fractured\IMG0002320.jpg,train,Fractured,0.607851,0.571549,0.541468,0.512659,0.556257,0.431294,0.077156,0.028076,0.074885
data\dataset_cls\train\Fractured\IMG0002321.jpg,train,Fractured,0.389314,0.258529,0.441208,0.326794,0.460666,0.356143,0.068884,0.016887,0.052032
data\dataset_cls\train\Fractured\IMG0002322.jpg,train,Fractured,0.546606,0.414531,0.547282,0.577294,0.560843,0.372861,0.040669,0.122474,0.082556
data\dataset_cls\train\Fractured\IMG0002323.jpg,train,Fractured,0.521355,0.567695,0.53971,0.479219,0.597103,0.536528,0.050739,0.050307,0.045227
data\dataset_cls\train\Fractured\IMG0002324.jpg,train,Fractured,0.689216,0.584877,0.60285,0.619696,0.528173,0.584791,0.083278,0.023565,0.079434
data\dataset_cls\train\Fractured\IMG0002325.jpg,train,Fractured,0.453307,0.380831,0.502672,0.4408,0.544753,0.508225,0.078125,0.003475,0.078729
data\dataset_cls\train\Fractured\IMG0002326.jpg,train,Fractured,0.688223,0.645687,0.610479,0.649213,0.551908,0.619763,0.071742,0.012715,0.067534
data\dataset_cls\train\Fractured\IMG0002327.jpg,train,Fractured,0.832827,0.684425,0.580767,0.626667,0.558145,0.494376,0.19404,0.080414,0.146171
data\dataset_cls\train\Fractured\IMG0002328.jpg,train,Fractured,0.721589,0.497731,0.51044,0.70284,0.526125,0.465616,0.147294,0.165701,0.107942
data\dataset_cls\train\Fractured\IMG0002329.jpg,train,Fractured,0.695123,0.300855,0.543114,0.586942,0.606273,0.466179,0.17055,0.153414,0.017146
data\dataset_cls\train\Fractured\IMG0002330.jpg,train,Fractured,0.291924,0.328149,0.315974,0.412676,0.392376,0.40764,0.06864,0.03458,0.063963
data\dataset_cls\train\Fractured\IMG0002331.jpg,train,Fractured,0.342712,0.662093,0.523726,0.72358,0.586638,0.441298,0.151273,0.121164,0.196423
data\dataset_cls\train\Fractured\IMG0002332.jpg,train,Fractured,0.267706,0.484448,0.312304,0.753676,0.507923,0.515422,0.137937,0.176492,0.160872
data\dataset_cls\train\Fractured\IMG0002333.jpg,train,Fractured,0.653428,0.697554,0.658567,0.615895,0.421215,0.535721,0.110981,0.080832,0.176086
data\dataset_cls\train\Fractured\IMG0002334.jpg,train,Fractured,0.284145,0.506526,0.376685,0.667263,0.475075,0.517702,0.110508,0.103451,0.106904
data\dataset_cls\train\Fractured\IMG0002335.jpg,train,Fractured,0.343304,0.583052,0.48214,0.715328,0.47447,0.616378,0.10558,0.091244,0.046617
data\dataset_cls\train\Fractured\IMG0002336.jpg,train,Fractured,0.465217,0.543256,0.403735,0.448772,0.555661,0.498641,0.047361,0.085882,0.08081
data\dataset_cls\train\Fractured\IMG0002337.jpg,train,Fractured,0.493837,0.443387,0.244297,0.509926,0.5751,0.38708,0.056196,0.203488,0.149775
data\dataset_cls\train\Fractured\IMG0002338.jpg,train,Fractured,0.626105,0.467172,0.425672,0.452006,0.673517,0.479473,0.051016,0.1501,0.099308
data\dataset_cls\train\Fractured\IMG0002339.jpg,train,Fractured,0.577387,0.370837,0.497977,0.382415,0.589919,0.42208,0.030585,0.05788,0.046163
data\dataset_cls\train\Fractured\IMG0002340.jpg,train,Fractured,0.478654,0.463973,0.234109,0.528509,0.574281,0.430713,0.050723,0.202277,0.151692
data\dataset_cls\train\Fractured\IMG0002341.jpg,train,Fractured,0.425825,0.568502,0.223042,0.590702,0.527954,0.540414,0.033609,0.170948,0.138172
data\dataset_cls\train\Fractured\IMG0002342.jpg,train,Fractured,0.571348,0.506709,0.53699,0.538283,0.537347,0.647944,0.061946,0.028486,0.08438
data\dataset_cls\train\Fractured\IMG0002343.jpg,train,Fractured,0.507378,0.318705,0.515195,0.579565,0.449733,0.51037,0.151753,0.112697,0.057883
data\dataset_cls\train\Fractured\IMG0002344.jpg,train,Fractured,0.484909,0.357148,0.532351,0.393214,0.524777,0.411493,0.041896,0.019273,0.026494
data\dataset_cls\train\Fractured\IMG0002345.jpg,train,Fractured,0.529875,0.56924,0.486891,0.443639,0.517668,0.580408,0.042349,0.090847,0.049699
data\dataset_cls\train\Fractured\IMG0002346.jpg,train,Fractured,0.400712,0.650318,0.675361,0.618582,0.576941,0.643463,0.150842,0.12578,0.026623
data\dataset_cls\train\Fractured\IMG0002347.jpg,train,Fractured,0.4832,0.197975,0.258592,0.148709,0.437872,0.451539,0.112844,0.178605,0.190764
data\dataset_cls\train\Fractured\IMG0002348.jpg,train,Fractured,0.439925,0.164526,0.404887,0.157078,0.654056,0.34306,0.08256,0.114595,0.196502
data\dataset_cls\train\Fractured\IMG0002349.jpg,train,Fractured,0.512921,0.325171,0.504874,0.404663,0.556928,0.394327,0.050979,0.036027,0.037546
data\dataset_cls\train\Fractured\IMG0002350.jpg,train,Fractured,0.61221,0.380076,0.587383,0.332808,0.605755,0.43457,0.010702,0.051721,0.052237
data\dataset_cls\train\Fractured\IMG0002351.jpg,train,Fractured,0.332456,0.367837,0.558137,0.593742,0.430947,0.448718,0.148775,0.170654,0.023423
data\dataset_cls\train\Fractured\IMG0002352.jpg,train,Fractured,0.47192,0.696211,0.466509,0.818055,0.391792,0.496245,0.038615,0.149678,0.181422
data\dataset_cls\train\Fractured\IMG0002353.jpg,train,Fractured,0.693701,0.316582,0.646999,0.41764,0.653594,0.450855,0.083611,0.028758,0.056936
data\dataset_cls\train\Fractured\IMG0002354.jpg,train,Fractured,0.623192,0.457624,0.565583,0.449161,0.599593,0.420753,0.031002,0.031255,0.022035
data\dataset_cls\train\Fractured\IMG0002355.jpg,train,Fractured,0.510479,0.330307,0.468459,0.496639,0.528464,0.634452,0.15703,0.035312,0.149596
data\dataset_cls\train\Fractured\IMG0002356.jpg,train,Fractured,0.654471,0.721438,0.617841,0.547374,0.557536,0.522507,0.132063,0.050355,0.091172
data\dataset_cls\train\Fractured\IMG0002357.jpg,train,Fractured,0.270658,0.365698,0.414728,0.595593,0.40122,0.507375,0.154016,0.118334,0.042895
data\dataset_cls\train\Fractured\IMG0002358.jpg,train,Fractured,0.354082,0.580745,0.415101,0.582713,0.4016,0.436749,0.059584,0.055214,0.097316
data\dataset_cls\train\Fractured\IMG0002359.jpg,train,Fractured,0.728096,0.399951,0.726718,0.420627,0.621508,0.232867,0.060637,0.077622,0.137749
data\dataset_cls\train\Fractured\IMG0002360.jpg,train,Fractured,0.771881,0.631521,0.715805,0.517628,0.468632,0.469873,0.150937,0.067406,0.196303
data\dataset_cls\train\Fractured\IMG0002361.jpg,train,Fractured,0.689602,0.431728,0.363917,0.476515,0.524251,0.447853,0.164933,0.163846,0.004501
data\dataset_cls\train\Fractured\IMG0002362.jpg,train,Fractured,0.414139,0.439994,0.577417,0.492335,0.558662,0.470196,0.106226,0.06556,0.042009
data\dataset_cls\train\Fractured\IMG0002363.jpg,train,Fractured,0.575799,0.439526,0.560103,0.403549,0.499392,0.389715,0.041956,0.016722,0.05039
data\dataset_cls\train\Fractured\IMG0002364.jpg,train,Fractured,0.554608,0.502259,0.462223,0.537788,0.55812,0.52621,0.035647,0.064695,0.033392
data\dataset_cls\train\Fractured\IMG0002365.jpg,train,Fractured,0.620634,0.169365,0.600523,0.587132,0.577584,0.477161,0.242769,0.175915,0.069514
data\dataset_cls\train\Fractured\IMG0002366.jpg,train,Fractured,0.433891,0.367139,0.315299,0.679297,0.659978,0.327908,0.097777,0.269756,0.230545
data\dataset_cls\train\Fractured\IMG0002367.jpg,train,Fractured,0.484298,0.540208,0.501222,0.596287,0.646149,0.531051,0.06161,0.058786,0.105223
data\dataset_cls\train\Fractured\IMG0002368.jpg,train,Fractured,0.389776,0.28218,0.27108,0.344353,0.549997,0.420781,0.068341,0.132623,0.162986
data\dataset_cls\train\Fractured\IMG0002369.jpg,train,Fractured,0.308149,0.320771,0.335949,0.324333,0.58124,0.474954,0.113245,0.087514,0.200451
data\dataset_cls\train\Fractured\IMG0002370.jpg,train,Fractured,0.329873,0.596724,0.353141,0.566203,0.635359,0.422637,0.129075,0.094184,0.222686
data\dataset_cls\train\Fractured\IMG0002371.jpg,train,Fractured,0.642823,0.655588,0.644456,0.707357,0.548356,0.63209,0.032348,0.053427,0.071547
data\dataset_cls\train\Fractured\IMG0002372.jpg,train,Fractured,0.390357,0.516582,0.587745,0.561443,0.599,0.494738,0.135561,0.072336,0.079019
data\dataset_cls\train\Fractured\IMG0002373.jpg,train,Fractured,0.690374,0.623101,0.736426,0.630046,0.634899,0.516206,0.033464,0.063568,0.090292
data\dataset_cls\train\Fractured\IMG0002374.jpg,train,Fractured,0.527867,0.550569,0.434063,0.667532,0.471543,0.540504,0.061433,0.092356,0.046127
data\dataset_cls\train\Fractured\IMG0002375.jpg,train,Fractured,0.739091,0.46354,0.789845,0.456438,0.493053,0.443322,0.065729,0.115866,0.181284
data\dataset_cls\train\Fractured\IMG0002376.jpg,train,Fractured,0.760135,0.523628,0.612523,0.724768,0.601149,0.440085,0.109459,0.168188,0.135242
data\dataset_cls\train\Fractured\IMG0002377.jpg,train,Fractured,0.787398,0.603202,0.646736,0.772312,0.664927,0.542027,0.094803,0.143275,0.103185
data\dataset_cls\train\Fractured\IMG0002378.jpg,train,Fractured,0.556648,0.468855,0.458146,0.520106,0.48098,0.507882,0.065392,0.045646,0.019748
data\dataset_cls\train\Fractured\IMG0002379.jpg,train,Fractured,0.459508,0.692829,0.578915,0.683528,0.384962,0.47983,0.075594,0.12292,0.165237
data\dataset_cls\train\Fractured\IMG0002380.jpg,train,Fractured,0.521714,0.356683,0.521028,0.469054,0.441091,0.494337,0.087638,0.03925,0.076251
data\dataset_cls\train\Fractured\IMG0002381.jpg,train,Fractured,0.283846,0.590645,0.455416,0.596488,0.500857,0.388401,0.145132,0.082781,0.162362
data\dataset_cls\train\Fractured\IMG0002382.jpg,train,Fractured,0.572269,0.42414,0.540669,0.484011,0.511836,0.475998,0.048251,0.022646,0.033151
data\dataset_cls\train\Fractured\IMG0002383.jpg,train,Fractured,0.443696,0.412371,0.433004,0.610747,0.545937,0.554985,0.117688,0.094204,0.077347
data\dataset_cls\train\Fractured\IMG0002384.jpg,train,Fractured,0.538336,0.287933,0.706736,0.395567,0.608958,0.411442,0.110835,0.09385,0.047335
data\dataset_cls\train\Fractured\IMG0002385.jpg,train,Fractured,0.663173,0.407995,0.713662,0.437108,0.73758,0.44058,0.046435,0.012309,0.034909
data\dataset_cls\train\Fractured\IMG0002386.jpg,train,Fractured,0.701966,0.424078,0.426789,0.722298,0.537826,0.514814,0.195586,0.212105,0.042752
data\dataset_cls\train\Fractured\IMG0002387.jpg,train,Fractured,0.639077,0.589055,0.636359,0.507295,0.62828,0.568633,0.034357,0.047733,0.01502
data\dataset_cls\train\Fractured\IMG0002388.jpg,train,Fractured,0.67214,0.631768,0.537061,0.57085,0.433233,0.356865,0.167545,0.052075,0.199019
data\dataset_cls\train\Fractured\IMG0002389.jpg,train,Fractured,0.52155,0.369969,0.767586,0.594712,0.581204,0.428012,0.13881,0.194426,0.055644
data\dataset_cls\train\Fractured\IMG0002390.jpg,train,Fractured,0.591481,0.519569,0.583068,0.489789,0.384217,0.296752,0.110716,0.083612,0.193753
data\dataset_cls\train\Fractured\IMG0002391.jpg,train,Fractured,0.541333,0.558157,0.521063,0.46709,0.495416,0.426801,0.077354,0.01702,0.061989
data\dataset_cls\train\Fractured\IMG0002392.jpg,train,Fractured,0.49163,0.342217,0.518688,0.371774,0.528681,0.445856,0.049274,0.015894,0.06128
data\dataset_cls\train\Fractured\IMG0002393.jpg,train,Fractured,0.458495,0.432707,0.567732,0.438229,0.379983,0.531059,0.036107,0.103185,0.109263
data\dataset_cls\train\Fractured\IMG0002394.jpg,train,Fractured,0.365171,0.431218,0.544836,0.525759,0.588245,0.495511,0.144309,0.061588,0.08955
data\dataset_cls\train\Fractured\IMG0002395.jpg,train,Fractured,0.360355,0.528956,0.59794,0.614157,0.549958,0.552043,0.1469,0.107109,0.048967
data\dataset_cls\train\Fractured\IMG0002396.jpg,train,Fractured,0.486559,0.213,0.414191,0.385394,0.512311,0.454947,0.138985,0.066368,0.111742
data\dataset_cls\train\Fractured\IMG0002397.jpg,train,Fractured,0.643536,0.527823,0.629505,0.535128,0.626408,0.557597,0.016144,0.006232,0.018674
data\dataset_cls\train\Fractured\IMG0002398.jpg,train,Fractured,0.656714,0.208347,0.56692,0.433958,0.552759,0.600657,0.215861,0.031957,0.19045
data\dataset_cls\train\Fractured\IMG0002399.jpg,train,Fractured,0.630052,0.468063,0.603968,0.615458,0.503705,0.472531,0.071723,0.099883,0.088521
data\dataset_cls\train\Fractured\IMG0002400.jpg,train,Fractured,0.508584,0.443719,0.455458,0.505121,0.574249,0.439901,0.019644,0.071172,0.065651
data\dataset_cls\train\Fractured\IMG0002401.jpg,train,Fractured,0.533694,0.536276,0.553008,0.457527,0.518198,0.548953,0.022061,0.059525,0.03854
data\dataset_cls\train\Fractured\IMG0002402.jpg,train,Fractured,0.721275,0.225117,0.525643,0.409018,0.512499,0.366956,0.173094,0.096817,0.081106
data\dataset_cls\train\Fractured\IMG0002403.jpg,train,Fractured,0.262569,0.472242,0.561016,0.462514,0.584677,0.411694,0.208174,0.092614,0.121087
data\dataset_cls\train\Fractured\IMG0002404.jpg,train,Fractured,0.629219,0.444238,0.520215,0.503688,0.526846,0.523434,0.084263,0.040754,0.045894
data\dataset_cls\train\Fractured\IMG0002405.jpg,train,Fractured,0.492509,0.458514,0.520143,0.462772,0.558486,0.50657,0.035745,0.013655,0.046332
data\dataset_cls\train\Fractured\IMG0002406.jpg,train,Fractured,0.434333,0.445261,0.704885,0.68026,0.570906,0.477686,0.162367,0.198638,0.056723
data\dataset_cls\train\Fractured\IMG0002407.jpg,train,Fractured,0.374608,0.636675,0.20305,0.504983,0.60279,0.322616,0.149778,0.191181,0.266818
data\dataset_cls\train\Fractured\IMG0002408.jpg,train,Fractured,0.700292,0.368297,0.762992,0.240225,0.556696,0.381405,0.046858,0.126866,0.127466
data\dataset_cls\train\Fractured\IMG0002409.jpg,train,Fractured,0.528287,0.438045,0.556148,0.513649,0.449096,0.437952,0.030435,0.067572,0.067025
data\dataset_cls\train\Fractured\IMG0002410.jpg,train,Fractured,0.538773,0.36784,0.706311,0.465323,0.422106,0.517094,0.083975,0.15135,0.149484
data\dataset_cls\train\Fractured\IMG0002411.jpg,train,Fractured,0.562016,0.406591,0.548928,0.531677,0.613764,0.49813,0.073349,0.058913,0.043403
data\dataset_cls\train\Fractured\IMG0002412.jpg,train,Fractured,0.535569,0.483342,0.53749,0.462012,0.471275,0.442044,0.029463,0.022716,0.048058
data\dataset_cls\train\Fractured\IMG0002413.jpg,train,Fractured,0.549906,0.450222,0.299416,0.454545,0.428535,0.526084,0.126803,0.128505,0.049202
data\dataset_cls\train\Fractured\IMG0002414.jpg,train,Fractured,0.560218,0.497557,0.536067,0.598946,0.362461,0.218665,0.094722,0.168108,0.252195
data\dataset_cls\train\Fractured\IMG0002415.jpg,train,Fractured,0.461356,0.415527,0.56087,0.227877,0.615423,0.482105,0.093667,0.148053,0.127558
data\dataset_cls\train\Fractured\IMG0002416.jpg,train,Fractured,0.584599,0.661903,0.529205,0.531139,0.577507,0.42426,0.124556,0.03547,0.11566
data\dataset_cls\train\Fractured\IMG0002417.jpg,train,Fractured,0.595685,0.467583,0.580395,0.399747,0.584128,0.378469,0.053076,0.016765,0.03689
data\dataset_cls\train\Fractured\IMG0002418.jpg,train,Fractured,0.583057,0.467806,0.624583,0.500721,0.599663,0.498868,0.028814,0.024998,0.010123
data\dataset_cls\train\Fractured\IMG0002419.jpg,train,Fractured,0.598309,0.415659,0.61686,0.406821,0.373424,0.415614,0.068842,0.087527,0.156134
data\dataset_cls\train\Fractured\IMG0002420.jpg,train,Fractured,0.534893,0.458024,0.55091,0.448819,0.552118,0.525567,0.022381,0.029073,0.048488
data\dataset_cls\train\Fractured\IMG0002421.jpg,train,Fractured,0.476737,0.524586,0.522155,0.489933,0.546593,0.609798,0.041958,0.051979,0.075238
data\dataset_cls\train\Fractured\IMG0002422.jpg,train,Fractured,0.555403,0.635026,0.530044,0.482941,0.565891,0.565,0.074202,0.08067,0.015958
data\dataset_cls\train\Fractured\IMG0002423.jpg,train,Fractured,0.610639,0.465776,0.397115,0.319126,0.52368,0.314712,0.140998,0.122878,0.053481
data\dataset_cls\train\Fractured\IMG0002424.jpg,train,Fractured,0.495099,0.47401,0.552798,0.469095,0.517988,0.295811,0.066688,0.064036,0.117228
data\dataset_cls\train\Fractured\IMG0002425.jpg,train,Fractured,0.695639,0.488323,0.642207,0.639228,0.608289,0.529147,0.079288,0.087238,0.046551
data\dataset_cls\train\Fractured\IMG0002426.jpg,train,Fractured,0.512175,0.344836,0.679863,0.674185,0.508637,0.548172,0.185801,0.189214,0.063702
data\dataset_cls\train\Fractured\IMG0002427.jpg,train,Fractured,0.633871,0.623271,0.763616,0.594136,0.49099,0.376961,0.09192,0.148047,0.207489
data\dataset_cls\train\Fractured\IMG0002428.jpg,train,Fractured,0.577112,0.325823,0.472483,0.328494,0.704695,0.523175,0.067112,0.129241,0.177371
data\dataset_cls\train\Fractured\IMG0002429.jpg,train,Fractured,0.293542,0.522144,0.418083,0.30883,0.51237,0.480116,0.142635,0.128596,0.112915
data\dataset_cls\train\Fractured\IMG0002430.jpg,train,Fractured,0.343823,0.580457,0.56018,0.625697,0.618671,0.513323,0.163897,0.074359,0.1262
data\dataset_cls\train\Fractured\IMG0002431.jpg,train,Fractured,0.213189,0.635699,0.509552,0.388768,0.43649,0.484634,0.218187,0.16799,0.053353
data\dataset_cls\train\Fractured\IMG0002432.jpg,train,Fractured,0.456618,0.57946,0.528287,0.579047,0.549021,0.58381,0.054706,0.017065,0.037835
data\dataset_cls\train\Fractured\IMG0002433.jpg,train,Fractured,0.707736,0.515265,0.464433,0.736119,0.606508,0.558302,0.144661,0.184829,0.046944
data\dataset_cls\train\Fractured\IMG0002434.jpg,train,Fractured,0.492661,0.624125,0.341824,0.680049,0.380735,0.68293,0.095573,0.065675,0.031862
data\dataset_cls\train\Fractured\IMG0002435.jpg,train,Fractured,0.640591,0.304798,0.446355,0.372892,0.504664,0.375953,0.119442,0.086928,0.035797
data\dataset_cls\train\Fractured\IMG0002436.jpg,train,Fractured,0.594642,0.240328,0.546317,0.346681,0.558436,0.391089,0.090218,0.02885,0.06555
data\dataset_cls\train\Fractured\IMG0002437.jpg,train,Fractured,0.271975,0.638942,0.555521,0.44475,0.525279,0.353301,0.240011,0.11006,0.146042
data\dataset_cls\train\Fractured\IMG0002438.jpg,train,Fractured,0.405941,0.511652,0.482763,0.67414,0.491797,0.442213,0.06247,0.133399,0.105317
data\dataset_cls\train\Fractured\IMG0002439.jpg,train,Fractured,0.520073,0.58506,0.454605,0.540635,0.572751,0.574698,0.018753,0.066562,0.057487
data\dataset_cls\train\Fractured\IMG0002440.jpg,train,Fractured,0.44703,0.501314,0.498134,0.490696,0.486217,0.539052,0.031425,0.02877,0.030103
data\dataset_cls\train\Fractured\IMG0002441.jpg,train,Fractured,0.525825,0.374843,0.650826,0.341845,0.617264,0.380229,0.072732,0.057963,0.024188
data\dataset_cls\train\Fractured\IMG0002442.jpg,train,Fractured,0.522954,0.387988,0.616519,0.434817,0.567756,0.434148,0.05557,0.050015,0.015221
data\dataset_cls\train\Fractured\IMG0002443.jpg,train,Fractured,0.673887,0.413634,0.643897,0.450127,0.566159,0.337667,0.047754,0.052139,0.08813
data\dataset_cls\train\Fractured\IMG0002444.jpg,train,Fractured,0.509366,0.457518,0.467694,0.392717,0.454439,0.550379,0.033531,0.074757,0.086545
data\dataset_cls\train\Fractured\IMG0002445.jpg,train,Fractured,0.624946,0.629827,0.589253,0.521411,0.627529,0.564444,0.058975,0.056182,0.015524
data\dataset_cls\train\Fractured\IMG0002446.jpg,train,Fractured,0.619811,0.486823,0.592223,0.599547,0.604283,0.453765,0.030195,0.087176,0.059624
data\dataset_cls\train\Fractured\IMG0002447.jpg,train,Fractured,0.531454,0.557046,0.418505,0.72143,0.618506,0.46404,0.02531,0.175065,0.150988
data\dataset_cls\train\Fractured\IMG0002448.jpg,train,Fractured,0.47048,0.524999,0.429207,0.527582,0.504976,0.584149,0.020701,0.042964,0.05328
data\dataset_cls\train\Fractured\IMG0002449.jpg,train,Fractured,0.645173,0.358212,0.655552,0.549687,0.728624,0.351121,0.068961,0.131682,0.086148
data\dataset_cls\train\Fractured\IMG0002450.jpg,train,Fractured,0.521307,0.694782,0.509947,0.554012,0.551498,0.598239,0.079353,0.064139,0.029597
data\dataset_cls\train\Fractured\IMG0002451.jpg,train,Fractured,0.516367,0.405153,0.580219,0.537402,0.504458,0.429228,0.054909,0.092673,0.040495
data\dataset_cls\train\Fractured\IMG0002452.jpg,train,Fractured,0.570606,0.374092,0.491747,0.482151,0.701502,0.338357,0.029699,0.127684,0.128355
data\dataset_cls\train\Fractured\IMG0002453.jpg,train,Fractured,0.480012,0.553095,0.458914,0.479341,0.564434,0.381387,0.0845,0.04297,0.109947
data\dataset_cls\train\Fractured\IMG0002454.jpg,train,Fractured,0.612257,0.466174,0.662976,0.497502,0.620376,0.530928,0.037555,0.031115,0.034686
data\dataset_cls\train\Fractured\IMG0002455.jpg,train,Fractured,0.509263,0.500452,0.499288,0.512391,0.591156,0.381318,0.043028,0.058523,0.101542
data\dataset_cls\train\Fractured\IMG0002456.jpg,train,Fractured,0.626118,0.280984,0.58238,0.510306,0.6494,0.431826,0.126905,0.109041,0.038573
data\dataset_cls\train\Fractured\IMG0002457.jpg,train,Fractured,0.497425,0.716068,0.282719,0.641771,0.518511,0.441338,0.133045,0.155941,0.180051
data\dataset_cls\train\Fractured\IMG0002458.jpg,train,Fractured,0.548042,0.492773,0.53765,0.471947,0.575434,0.399187,0.038556,0.023613,0.059553
data\dataset_cls\train\Fractured\IMG0002459.jpg,train,Fractured,0.618364,0.441525,0.643371,0.507105,0.606781,0.526978,0.050542,0.025567,0.038607
data\dataset_cls\train\Fractured\IMG0002460.jpg,train,Fractured,0.261171,0.516035,0.253781,0.658068,0.620966,0.45881,0.120822,0.168913,0.256966
data\dataset_cls\train\Fractured\IMG0002461.jpg,train,Fractured,0.494698,0.534801,0.263077,0.525545,0.696729,0.463543,0.028593,0.222454,0.216501
data\dataset_cls\train\Fractured\IMG0002462.jpg,train,Fractured,0.402396,0.422052,0.463531,0.510902,0.499456,0.442294,0.064054,0.053155,0.047169
data\dataset_cls\train\Fractured\IMG0002463.jpg,train,Fractured,0.438678,0.329637,0.445137,0.326283,0.447178,0.5223,0.0633,0.066473,0.129607
data\dataset_cls\train\Fractured\IMG0002464.jpg,train,Fractured,0.762848,0.796029,0.391124,0.52191,0.572882,0.485565,0.270233,0.200798,0.115635
data\dataset_cls\train\Fractured\IMG0002465.jpg,train,Fractured,0.511195,0.749425,0.516821,0.797893,0.460795,0.489297,0.072115,0.120782,0.192865
data\dataset_cls\train\Fractured\IMG0002466.jpg,train,Fractured,0.538953,0.441533,0.353171,0.182665,0.401955,0.390715,0.149105,0.174175,0.060096
data\dataset_cls\train\Fractured\IMG0002467.jpg,train,Fractured,0.420396,0.668453,0.575196,0.694462,0.441251,0.47924,0.079924,0.125418,0.139983
data\dataset_cls\train\Fractured\IMG0002468.jpg,train,Fractured,0.367179,0.456546,0.310094,0.429318,0.464684,0.500754,0.014614,0.077847,0.092451
data\dataset_cls\train\Fractured\IMG0002469.jpg,train,Fractured,0.628515,0.565774,0.611209,0.501189,0.591487,0.387492,0.082957,0.016391,0.099148
data\dataset_cls\train\Fractured\IMG0002470.jpg,train,Fractured,0.529111,0.413887,0.44648,0.480606,0.491839,0.40624,0.044555,0.063497,0.02747
data\dataset_cls\train\Fractured\IMG0002471.jpg,train,Fractured,0.592589,0.510236,0.528747,0.564797,0.590796,0.576882,0.045946,0.044288,0.033048
data\dataset_cls\train\Fractured\IMG0002472.jpg,train,Fractured,0.567041,0.467935,0.530713,0.486687,0.505437,0.492027,0.035631,0.005793,0.030577
data\dataset_cls\train\Fractured\IMG0002473.jpg,train,Fractured,0.595695,0.416158,0.530544,0.399874,0.612622,0.471122,0.020607,0.057095,0.05347
data\dataset_cls\train\Fractured\IMG0002474.jpg,train,Fractured,0.481091,0.522116,0.441682,0.461967,0.530339,0.503408,0.026489,0.054489,0.046589
data\dataset_cls\train\Fractured\IMG0002475.jpg,train,Fractured,0.468519,0.481356,0.477479,0.467452,0.563275,0.489986,0.034617,0.028346,0.061074
data\dataset_cls\train\Fractured\IMG0002476.jpg,train,Fractured,0.545186,0.450235,0.516649,0.490303,0.582702,0.553287,0.0478,0.032442,0.06523
data\dataset_cls\train\Fractured\IMG0002477.jpg,train,Fractured,0.514618,0.272561,0.471678,0.38259,0.548285,0.405009,0.080885,0.049404,0.063372
data\dataset_cls\train\Fractured\IMG0002478.jpg,train,Fractured,0.612604,0.427359,0.554215,0.474135,0.64333,0.523497,0.048523,0.049176,0.062833
data\dataset_cls\train\Fractured\IMG0002479.jpg,train,Fractured,0.237391,0.576309,0.253012,0.648811,0.251861,0.675314,0.058042,0.01632,0.042071
data\dataset_cls\train\Fractured\IMG0002480.jpg,train,Fractured,0.433548,0.382945,0.380656,0.347215,0.585667,0.423477,0.033114,0.093723,0.125248
data\dataset_cls\train\Fractured\IMG0002481.jpg,train,Fractured,0.478424,0.381628,0.558211,0.576093,0.400599,0.510834,0.107892,0.117291,0.081322
data\dataset_cls\train\Fractured\IMG0002482.jpg,train,Fractured,0.684953,0.664753,0.713466,0.843036,0.590699,0.494095,0.022061,0.182833,0.1877
data\dataset_cls\train\Fractured\IMG0002483.jpg,train,Fractured,0.476636,0.574533,0.5,0.480501,0.569534,0.630321,0.040797,0.082728,0.087343
data\dataset_cls\train\Fractured\IMG0002484.jpg,train,Fractured,0.539109,0.626088,0.579589,0.661803,0.503607,0.554207,0.012169,0.061555,0.070428
data\dataset_cls\train\Fractured\IMG0002485.jpg,train,Fractured,0.604511,0.676605,0.374695,0.697337,0.501243,0.551336,0.116368,0.131147,0.090755
data\dataset_cls\train\Fractured\IMG0002486.jpg,train,Fractured,0.542214,0.522008,0.489812,0.439946,0.589578,0.487179,0.039,0.06656,0.049217
data\dataset_cls\train\Fractured\IMG0002487.jpg,train,Fractured,0.505215,0.432298,0.536659,0.450102,0.57818,0.454331,0.03725,0.005635,0.039153
data\dataset_cls\train\Fractured\IMG0002488.jpg,train,Fractured,0.481484,0.470594,0.508056,0.467067,0.549399,0.544413,0.039255,0.027404,0.062172
data\dataset_cls\train\Fractured\IMG0002489.jpg,train,Fractured,0.271711,0.343095,0.335653,0.344775,0.462016,0.330618,0.084826,0.021466,0.105929
data\dataset_cls\train\Fractured\IMG0002490.jpg,train,Fractured,0.366687,0.413926,0.309515,0.480995,0.595029,0.412772,0.061141,0.122808,0.172839
data\dataset_cls\train\Fractured\IMG0002491.jpg,train,Fractured,0.448272,0.331491,0.494486,0.203312,0.624881,0.324104,0.086941,0.087606,0.109093
data\dataset_cls\train\Fractured\IMG0002492.jpg,train,Fractured,0.644577,0.431583,0.678769,0.442575,0.5277,0.456983,0.030113,0.061764,0.090296
data\dataset_cls\train\Fractured\IMG0002493.jpg,train,Fractured,0.579488,0.531717,0.541824,0.768241,0.645031,0.402412,0.036928,0.206202,0.174367
data\dataset_cls\train\Fractured\IMG0002494.jpg,train,Fractured,0.570041,0.432362,0.511006,0.221114,0.561375,0.301276,0.116321,0.103756,0.02194
data\dataset_cls\train\Fractured\IMG0002495.jpg,train,Fractured,0.542273,0.552251,0.431779,0.53305,0.504143,0.604308,0.050738,0.068003,0.04266
data\dataset_cls\train\Fractured\IMG0002496.jpg,train,Fractured,0.57298,0.456452,0.423627,0.564217,0.466358,0.373262,0.085717,0.118382,0.09383
data\dataset_cls\train\Fractured\IMG0002497.jpg,train,Fractured,0.56024,0.373043,0.417641,0.491334,0.577182,0.579139,0.115958,0.101224,0.114272
data\dataset_cls\train\Fractured\IMG0002498.jpg,train,Fractured,0.606727,0.494158,0.430392,0.595283,0.596007,0.363616,0.063118,0.159053,0.131313
data\dataset_cls\train\Fractured\IMG0002499.jpg,train,Fractured,0.604935,0.377091,0.503343,0.245669,0.620694,0.431657,0.038405,0.128532,0.091642
data\dataset_cls\train\Fractured\IMG0002500.jpg,train,Fractured,0.45505,0.386948,0.330906,0.390596,0.38982,0.562247,0.086849,0.082822,0.115669
data\dataset_cls\train\Fractured\IMG0002501.jpg,train,Fractured,0.437961,0.676573,0.409006,0.478844,0.413576,0.285495,0.197072,0.01127,0.194921
data\dataset_cls\train\Fractured\IMG0002502.jpg,train,Fractured,0.654621,0.284755,0.567771,0.241821,0.480251,0.250256,0.090818,0.017124,0.087728
data\dataset_cls\train\Fractured\IMG0002503.jpg,train,Fractured,0.351209,0.318193,0.362121,0.579096,0.619764,0.536148,0.184814,0.13047,0.184846
data\dataset_cls\train\Fractured\IMG0002504.jpg,train,Fractured,0.492437,0.561488,0.286772,0.553181,0.390612,0.521561,0.10375,0.103461,0.023858
data\dataset_cls\train\Fractured\IMG0002505.jpg,train,Fractured,0.656984,0.384911,0.644054,0.486212,0.504179,0.485514,0.087071,0.054282,0.103087
data\dataset_cls\train\Fractured\IMG0002506.jpg,train,Fractured,0.558133,0.598486,0.496489,0.542078,0.573386,0.64306,0.015959,0.069893,0.057424
data\dataset_cls\train\Fractured\IMG0002507.jpg,train,Fractured,0.550257,0.484667,0.516036,0.527634,0.555068,0.517747,0.027178,0.03011,0.016534
data\dataset_cls\train\Fractured\IMG0002508.jpg,train,Fractured,0.522028,0.525932,0.664628,0.482605,0.496193,0.460574,0.053173,0.103921,0.071007
data\dataset_cls\train\Fractured\IMG0002509.jpg,train,Fractured,0.467108,0.604677,0.260089,0.772747,0.289464,0.712021,0.157698,0.109661,0.051808
data\dataset_cls\train\Fractured\IMG0002510.jpg,train,Fractured,0.585346,0.493808,0.464411,0.572294,0.51408,0.603555,0.089674,0.059007,0.047551
data\dataset_cls\train\Fractured\IMG0002511.jpg,train,Fractured,0.585873,0.445633,0.477369,0.456269,0.533448,0.550034,0.065939,0.061462,0.066067
data\dataset_cls\train\Fractured\IMG0002512.jpg,train,Fractured,0.576963,0.34667,0.593725,0.290755,0.531476,0.42628,0.012412,0.069035,0.080202
data\dataset_cls\train\Fractured\IMG0002513.jpg,train,Fractured,0.561717,0.46825,0.470428,0.526806,0.572762,0.522302,0.046091,0.067878,0.041244
data\dataset_cls\train\Fractured\IMG0002514.jpg,train,Fractured,0.54582,0.46003,0.510259,0.464549,0.569465,0.502781,0.01625,0.033528,0.038618
data\dataset_cls\train\Fractured\IMG0002515.jpg,train,Fractured,0.432541,0.481415,0.387203,0.451773,0.484142,0.490607,0.007129,0.052633,0.052037
data\dataset_cls\train\Fractured\IMG0002516.jpg,train,Fractured,0.715262,0.337114,0.636161,0.35888,0.564536,0.511941,0.100813,0.043836,0.132057
data\dataset_cls\train\Fractured\IMG0002517.jpg,train,Fractured,0.659746,0.434445,0.45308,0.30549,0.691839,0.490249,0.063093,0.181604,0.120753
data\dataset_cls\train\Fractured\IMG0002518.jpg,train,Fractured,0.715173,0.425792,0.632828,0.374742,0.585675,0.529547,0.072767,0.069614,0.104381
data\dataset_cls\train\Fractured\IMG0002519.jpg,train,Fractured,0.513107,0.33348,0.379159,0.246881,0.603371,0.306837,0.040458,0.128995,0.105412
data\dataset_cls\train\Fractured\IMG0002520.jpg,train,Fractured,0.663984,0.440085,0.638476,0.413394,0.627011,0.510333,0.025389,0.041475,0.058021
data\dataset_cls\train\Fractured\IMG0002521.jpg,train,Fractured,0.480323,0.372302,0.433951,0.44169,0.54346,0.430683,0.042954,0.058464,0.059676
data\dataset_cls\train\Fractured\IMG0002522.jpg,train,Fractured,0.404007,0.532751,0.431021,0.546726,0.477823,0.529005,0.033782,0.012455,0.040838
data\dataset_cls\train\Fractured\IMG0002523.jpg,train,Fractured,0.488686,0.37566,0.604166,0.568354,0.648849,0.682384,0.190145,0.035277,0.15599
data\dataset_cls\train\Fractured\IMG0002524.jpg,train,Fractured,0.612143,0.482971,0.480723,0.385478,0.559361,0.544681,0.062548,0.110563,0.07414
data\dataset_cls\train\Fractured\IMG0002525.jpg,train,Fractured,0.507472,0.513297,0.517691,0.419685,0.632601,0.347113,0.097646,0.035594,0.112854
data\dataset_cls\train\Fractured\IMG0002526.jpg,train,Fractured,0.570047,0.54171,0.565933,0.457571,0.586779,0.487993,0.046144,0.039083,0.014737
data\dataset_cls\train\Fractured\IMG0002527.jpg,train,Fractured,0.577321,0.555793,0.531641,0.517788,0.541159,0.503063,0.040731,0.019969,0.024176
data\dataset_cls\train\Fractured\IMG0002528.jpg,train,Fractured,0.538657,0.509271,0.54706,0.454619,0.632671,0.476255,0.044938,0.03618,0.059995
data\dataset_cls\train\Fractured\IMG0002529.jpg,train,Fractured,0.497347,0.268254,0.430578,0.360946,0.413554,0.360292,0.079439,0.035258,0.045357
data\dataset_cls\train\Fractured\IMG0002530.jpg,train,Fractured,0.0,0.072828,0.472862,0.317676,0.440758,0.352435,0.35115,0.182309,0.17186
data\dataset_cls\train\Fractured\IMG0002531.jpg,train,Fractured,0.535541,0.588346,0.323943,0.464108,0.467674,0.462701,0.124963,0.12532,0.049326
data\dataset_cls\train\Fractured\IMG0002532.jpg,train,Fractured,0.578988,0.589777,0.397064,0.710173,0.595584,0.313033,0.075849,0.214108,0.235795
data\dataset_cls\train\Fractured\IMG0002533.jpg,train,Fractured,0.655096,0.496723,0.384648,0.355095,0.561516,0.442675,0.137762,0.16754,0.029928
data\dataset_cls\train\Fractured\IMG0002534.jpg,train,Fractured,0.759002,0.48843,0.685057,0.646231,0.542974,0.694391,0.155065,0.04303,0.146371
data\dataset_cls\train\Fractured\IMG0002535.jpg,train,Fractured,0.653348,0.514411,0.428033,0.519483,0.603044,0.384946,0.100797,0.141324,0.097325
data\dataset_cls\train\Fractured\IMG0002536.jpg,train,Fractured,0.62166,0.399665,0.433053,0.489236,0.580056,0.37102,0.079379,0.131575,0.060256
data\dataset_cls\train\Fractured\IMG0002537.jpg,train,Fractured,0.50829,0.632083,0.428742,0.566013,0.440572,0.612678,0.056758,0.048372,0.020727
data\dataset_cls\train\Fractured\IMG0002538.jpg,train,Fractured,0.420683,0.258101,0.489518,0.524974,0.557502,0.39819,0.151991,0.131219,0.068412
data\dataset_cls\train\Fractured\IMG0002539.jpg,train,Fractured,0.519325,0.216742,0.57763,0.339739,0.397817,0.346667,0.0869,0.0883,0.110314
data\dataset_cls\train\Fractured\IMG0002540.jpg,train,Fractured,0.663318,0.494799,0.363605,0.398282,0.679933,0.275277,0.141432,0.205537,0.159226
data\dataset_cls\train\Fractured\IMG0002541.jpg,train,Fractured,0.522996,0.393545,0.346243,0.38999,0.594089,0.428783,0.036769,0.142235,0.109139
data\dataset_cls\train\Fractured\IMG0002542.jpg,train,Fractured,0.444254,0.393467,0.38251,0.420341,0.561442,0.520953,0.054672,0.083906,0.124595
data\dataset_cls\train\Fractured\IMG0002543.jpg,train,Fractured,0.545865,0.375295,0.470021,0.360234,0.608986,0.448894,0.019968,0.079513,0.086388
data\dataset_cls\train\Fractured\IMG0002544.jpg,train,Fractured,0.633979,0.577596,0.615826,0.663716,0.642729,0.469337,0.008018,0.094698,0.101577
data\dataset_cls\train\Fractured\IMG0002545.jpg,train,Fractured,0.650271,0.399712,0.578303,0.430547,0.382832,0.547408,0.127832,0.05017,0.177725
data\dataset_cls\train\Fractured\IMG0002546.jpg,train,Fractured,0.338137,0.823846,0.260627,0.749592,0.474594,0.577587,0.108629,0.102477,0.181885
data\dataset_cls\train\Fractured\IMG0002547.jpg,train,Fractured,0.369139,0.667145,0.375231,0.626786,0.54591,0.501022,0.091938,0.061809,0.151261
data\dataset_cls\train\Fractured\IMG0002548.jpg,train,Fractured,0.430784,0.671309,0.43525,0.682475,0.501213,0.514084,0.054714,0.063266,0.117676
data\dataset_cls\train\Fractured\IMG0002549.jpg,train,Fractured,0.460467,0.407936,0.32282,0.595588,0.444872,0.621426,0.143139,0.101995,0.087312
data\dataset_cls\train\Fractured\IMG0002550.jpg,train,Fractured,0.638113,0.559262,0.505728,0.643464,0.546829,0.650854,0.094828,0.063243,0.036992
data\dataset_cls\train\Fractured\IMG0002551.jpg,train,Fractured,0.444465,0.38117,0.484236,0.387393,0.373739,0.136105,0.08028,0.099383,0.176134
data\dataset_cls\train\Fractured\IMG0002552.jpg,train,Fractured,0.401343,0.459957,0.42996,0.528289,0.505289,0.423171,0.045422,0.059877,0.076213
data\dataset_cls\train\Fractured\IMG0002553.jpg,train,Fractured,0.36795,0.403893,0.374271,0.165984,0.384406,0.34221,0.100152,0.138051,0.039196
data\dataset_cls\train\Fractured\IMG0002556.jpg,train,Fractured,0.596346,0.604481,0.741922,0.667636,0.625557,0.582036,0.059822,0.100411,0.046272
data\dataset_cls\train\Fractured\IMG0002557.jpg,train,Fractured,0.524232,0.254843,0.515622,0.34859,0.605422,0.412283,0.087154,0.034299,0.093177
data\dataset_cls\train\Fractured\IMG0002558.jpg,train,Fractured,0.525915,0.229069,0.501898,0.256334,0.50079,0.352969,0.052984,0.024352,0.07403
data\dataset_cls\train\Fractured\IMG0002559.jpg,train,Fractured,0.529905,0.487979,0.555174,0.502303,0.408833,0.503743,0.033472,0.057365,0.089322
data\dataset_cls\train\Fractured\IMG0002560.jpg,train,Fractured,0.611411,0.571643,0.540799,0.557576,0.607054,0.507581,0.036093,0.047168,0.043257
data\dataset_cls\train\Fractured\IMG0002561.jpg,train,Fractured,0.562158,0.298224,0.563302,0.564025,0.447252,0.298332,0.096408,0.181421,0.11732
data\dataset_cls\train\Fractured\IMG0002562.jpg,train,Fractured,0.61945,0.519229,0.453061,0.485652,0.597997,0.393823,0.08203,0.105576,0.083293
data\dataset_cls\train\Fractured\IMG0002563.jpg,train,Fractured,0.505155,0.504379,0.651796,0.431182,0.602323,0.562786,0.081419,0.094518,0.065302
data\dataset_cls\train\Fractured\IMG0002564.jpg,train,Fractured,0.476127,0.350014,0.468601,0.453073,0.627027,0.401538,0.070279,0.075601,0.103109
data\dataset_cls\train\Fractured\IMG0002565.jpg,train,Fractured,0.545236,0.456093,0.592182,0.555852,0.545118,0.560983,0.069979,0.044463,0.039904
data\dataset_cls\train\Fractured\IMG0002566.jpg,train,Fractured,0.744493,0.525318,0.720624,0.398427,0.559737,0.5276,0.081001,0.096806,0.123265
data\dataset_cls\train\Fractured\IMG0002567.jpg,train,Fractured,0.261031,0.570226,0.515648,0.468596,0.42077,0.551233,0.143852,0.131699,0.03029
data\dataset_cls\train\Fractured\IMG0002568.jpg,train,Fractured,0.494536,0.366831,0.450342,0.514113,0.564277,0.561326,0.114243,0.062377,0.101193
data\dataset_cls\train\Fractured\IMG0002569.jpg,train,Fractured,0.744076,0.52108,0.650945,0.518531,0.510633,0.529399,0.108875,0.016351,0.124749
data\dataset_cls\train\Fractured\IMG0002570.jpg,train,Fractured,0.556808,0.236235,0.430856,0.553669,0.55381,0.457785,0.184731,0.160826,0.057909
data\dataset_cls\train\Fractured\IMG0002571.jpg,train,Fractured,0.506846,0.402373,0.605167,0.407689,0.561398,0.450724,0.054007,0.049004,0.030673
data\dataset_cls\train\Fractured\IMG0002572.jpg,train,Fractured,0.471077,0.44367,0.774757,0.64236,0.485158,0.516102,0.139236,0.22548,0.093575
data\dataset_cls\train\Fractured\IMG0002573.jpg,train,Fractured,0.481713,0.465735,0.581226,0.572023,0.640911,0.387534,0.086744,0.097831,0.113976
data\dataset_cls\train\Fractured\IMG0002574.jpg,train,Fractured,0.37209,0.343958,0.397731,0.319686,0.543368,0.432914,0.06909,0.060832,0.125306
data\dataset_cls\train\Fractured\IMG0002575.jpg,train,Fractured,0.650355,0.460189,0.450136,0.495532,0.612104,0.458246,0.080266,0.123132,0.043262
data\dataset_cls\train\Fractured\IMG0002576.jpg,train,Fractured,0.445752,0.367644,0.456957,0.416748,0.558118,0.456142,0.061648,0.030159,0.082966
data\dataset_cls\train\Fractured\IMG0002577.jpg,train,Fractured,0.617684,0.258004,0.352833,0.578031,0.553428,0.470554,0.208686,0.21066,0.057377
data\dataset_cls\train\Fractured\IMG0002578.jpg,train,Fractured,0.450389,0.336016,0.538947,0.6947,0.543025,0.473334,0.17602,0.19539,0.042711
data\dataset_cls\train\Fractured\IMG0002579.jpg,train,Fractured,0.672263,0.464532,0.547333,0.497461,0.47018,0.61414,0.124836,0.03214,0.128617
data\dataset_cls\train\Fractured\IMG0002580.jpg,train,Fractured,0.629056,0.472084,0.580999,0.430102,0.473231,0.41811,0.075112,0.022273,0.090574
data\dataset_cls\train\Fractured\IMG0002581.jpg,train,Fractured,0.536218,0.490433,0.48249,0.354337,0.575633,0.475007,0.050733,0.098601,0.056419
data\dataset_cls\train\Fractured\IMG0002582.jpg,train,Fractured,0.409435,0.438765,0.457167,0.493565,0.437871,0.579071,0.069815,0.024576,0.075333
data\dataset_cls\train\Fractured\IMG0002583.jpg,train,Fractured,0.584925,0.510392,0.759125,0.544699,0.529065,0.35836,0.055641,0.153518,0.147665
data\dataset_cls\train\Fractured\IMG0002584.jpg,train,Fractured,0.439923,0.444862,0.578049,0.411973,0.601978,0.413031,0.10236,0.039712,0.062838
data\dataset_cls\train\Fractured\IMG0002585.jpg,train,Fractured,0.480656,0.395723,0.585182,0.410675,0.319494,0.545676,0.05812,0.12973,0.171075
data\dataset_cls\train\Fractured\IMG0002586.jpg,train,Fractured,0.47567,0.462302,0.495056,0.461084,0.468163,0.558041,0.031755,0.036179,0.065247
data\dataset_cls\train\Fractured\IMG0002587.jpg,train,Fractured,0.414635,0.259866,0.385627,0.382354,0.458083,0.348965,0.070693,0.061997,0.042866
data\dataset_cls\train\Fractured\IMG0002588.jpg,train,Fractured,0.464207,0.475973,0.482023,0.583246,0.521156,0.484112,0.045838,0.069168,0.04411
data\dataset_cls\train\Fractured\IMG0002589.jpg,train,Fractured,0.43911,0.232852,0.450371,0.488927,0.564454,0.696877,0.244314,0.037842,0.237785
data\dataset_cls\train\Fractured\IMG0002590.jpg,train,Fractured,0.08869,0.815385,0.425403,0.314835,0.443133,0.359861,0.393245,0.210661,0.184699
data\dataset_cls\train\Fractured\IMG0002591.jpg,train,Fractured,0.501397,0.578798,0.506271,0.452147,0.453928,0.522702,0.062548,0.068446,0.033618
data\dataset_cls\train\Fractured\IMG0002592.jpg,train,Fractured,0.763187,0.41257,0.322765,0.409647,0.620481,0.340735,0.195967,0.247027,0.069791
data\dataset_cls\train\Fractured\IMG0002593.jpg,train,Fractured,0.557043,0.615938,0.45735,0.528749,0.573411,0.475367,0.080841,0.072795,0.078284
data\dataset_cls\train\Fractured\IMG0002594.jpg,train,Fractured,0.530438,0.737707,0.813109,0.534877,0.598368,0.55498,0.173709,0.181695,0.07303
data\dataset_cls\train\Fractured\IMG0002595.jpg,train,Fractured,0.546395,0.499623,0.492767,0.480368,0.586224,0.566348,0.016478,0.060285,0.067564
data\dataset_cls\train\Fractured\IMG0002596.jpg,train,Fractured,0.456354,0.460223,0.449947,0.490176,0.483743,0.481822,0.018553,0.018511,0.020867
data\dataset_cls\train\Fractured\IMG0002597.jpg,train,Fractured,0.124267,0.327361,0.331195,0.53035,0.23068,0.589077,0.186826,0.113203,0.106832
data\dataset_cls\train\Fractured\IMG0002598.jpg,train,Fractured,0.710158,0.328352,0.641621,0.4232,0.541067,0.424792,0.101685,0.032867,0.095638
data\dataset_cls\train\Fractured\IMG0002599.jpg,train,Fractured,0.388995,0.5378,0.418044,0.421582,0.542246,0.530267,0.073445,0.081402,0.098439
data\dataset_cls\train\Fractured\IMG0002600.jpg,train,Fractured,0.607138,0.334679,0.59981,0.573055,0.396599,0.347409,0.110815,0.167891,0.155107
data\dataset_cls\train\Fractured\IMG0002601.jpg,train,Fractured,0.609322,0.346086,0.445579,0.446578,0.577207,0.452597,0.094992,0.10337,0.050073
data\dataset_cls\train\Fractured\IMG0002602.jpg,train,Fractured,0.569838,0.462429,0.629566,0.319302,0.556809,0.444966,0.055747,0.099889,0.046028
data\dataset_cls\train\Fractured\IMG0002603.jpg,train,Fractured,0.623348,0.262719,0.52117,0.343698,0.569542,0.360349,0.079044,0.054572,0.038136
data\dataset_cls\train\Fractured\IMG0002604.jpg,train,Fractured,0.591706,0.421926,0.411975,0.523729,0.427909,0.404976,0.117951,0.09828,0.066899
data\dataset_cls\train\Fractured\IMG0002605.jpg,train,Fractured,0.647767,0.361134,0.573837,0.411843,0.622482,0.462796,0.060608,0.040858,0.051464
data\dataset_cls\train\Fractured\IMG0002606.jpg,train,Fractured,0.570258,0.276473,0.492952,0.453616,0.577923,0.41026,0.106211,0.091259,0.043152
data\dataset_cls\train\Fractured\IMG0002607.jpg,train,Fractured,0.701014,0.575268,0.787744,0.686985,0.785594,0.700978,0.097592,0.044033,0.054069
data\dataset_cls\train\Fractured\IMG0002608.jpg,train,Fractured,0.497657,0.581044,0.445494,0.621001,0.509927,0.637555,0.034797,0.039641,0.035311
data\dataset_cls\train\Fractured\IMG0002609.jpg,train,Fractured,0.528821,0.395174,0.676063,0.349064,0.705042,0.427691,0.107916,0.057296,0.077789
data\dataset_cls\train\Fractured\IMG0002610.jpg,train,Fractured,0.58862,0.578318,0.545086,0.493406,0.621864,0.476489,0.062342,0.046066,0.053961
data\dataset_cls\train\Fractured\IMG0002611.jpg,train,Fractured,0.649997,0.824254,0.651591,0.575236,0.648366,0.686823,0.128817,0.120212,0.008766
data\dataset_cls\train\Fractured\IMG0002612.jpg,train,Fractured,0.706688,0.527011,0.64072,0.598943,0.67049,0.504587,0.037843,0.063959,0.038986
data\dataset_cls\train\Fractured\IMG0002613.jpg,train,Fractured,0.485832,0.528908,0.482454,0.530797,0.5512,0.518227,0.02087,0.02452,0.045371
data\dataset_cls\train\Fractured\IMG0002614.jpg,train,Fractured,0.526682,0.484901,0.353278,0.455464,0.553578,0.510863,0.048849,0.127737,0.080442
data\dataset_cls\train\Fractured\IMG0002615.jpg,train,Fractured,0.552497,0.622644,0.595884,0.750895,0.634901,0.439721,0.04572,0.146482,0.169599
data\dataset_cls\train\Fractured\IMG0002617.jpg,train,Fractured,0.651513,0.502372,0.526465,0.661531,0.535412,0.480051,0.092423,0.122015,0.076751
data\dataset_cls\train\Fractured\IMG0002619.jpg,train,Fractured,0.382156,0.662939,0.347071,0.634384,0.38093,0.62465,0.025357,0.023822,0.019354
data\dataset_cls\train\Fractured\IMG0002620.jpg,train,Fractured,0.433567,0.734845,0.403401,0.554828,0.490338,0.230788,0.228197,0.061874,0.280158
data\dataset_cls\train\Fractured\IMG0002621.jpg,train,Fractured,0.325927,0.693834,0.3062,0.427914,0.259798,0.553862,0.138291,0.130925,0.037801
data\dataset_cls\train\Fractured\IMG0002622.jpg,train,Fractured,0.263714,0.379084,0.596386,0.366461,0.518264,0.477423,0.197815,0.142994,0.091247
data\dataset_cls\train\Fractured\IMG0002627.jpg,train,Fractured,0.646733,0.468413,0.380904,0.530461,0.66385,0.421516,0.083057,0.191599,0.112706
data\dataset_cls\train\Fractured\IMG0002628.jpg,train,Fractured,0.704249,0.47006,0.63274,0.289584,0.543504,0.392987,0.115601,0.094811,0.083788
data\dataset_cls\train\Fractured\IMG0002646.jpg,train,Fractured,0.575981,0.384036,0.557319,0.436498,0.571071,0.48311,0.05112,0.010979,0.048652
data\dataset_cls\train\Fractured\IMG0002647.jpg,train,Fractured,0.690108,0.286579,0.635612,0.394324,0.672807,0.335712,0.057509,0.063317,0.007346
data\dataset_cls\train\Fractured\IMG0002650.jpg,train,Fractured,0.619775,0.507252,0.509407,0.660096,0.525702,0.524139,0.088572,0.105119,0.047407
data\dataset_cls\train\Fractured\IMG0002651.jpg,train,Fractured,0.504355,0.49791,0.388513,0.67683,0.439623,0.42644,0.070042,0.153544,0.107383
data\dataset_cls\train\Fractured\IMG0002652.jpg,train,Fractured,0.522801,0.433858,0.411623,0.539166,0.50171,0.445108,0.058766,0.094431,0.035929
data\dataset_cls\train\Fractured\IMG0002653.jpg,train,Fractured,0.596893,0.49551,0.395115,0.441911,0.545109,0.514381,0.08531,0.12456,0.044707
data\dataset_cls\train\Fractured\IMG0002664.jpg,train,Fractured,0.605456,0.541367,0.708627,0.668796,0.440753,0.344474,0.030932,0.194866,0.22578
data\dataset_cls\train\Fractured\IMG0002668.jpg,train,Fractured,0.735169,0.814188,0.601384,0.64367,0.548758,0.540301,0.182581,0.035112,0.14887
data\dataset_cls\train\Fractured\IMG0002701.jpg,train,Fractured,0.473604,0.527265,0.727143,0.703528,0.534051,0.446938,0.109438,0.207322,0.120696
data\dataset_cls\train\Fractured\IMG0002704.jpg,train,Fractured,0.432806,0.450744,0.494819,0.52484,0.663486,0.398641,0.097839,0.07564,0.145781
data\dataset_cls\train\Fractured\IMG0002705.jpg,train,Fractured,0.343967,0.490879,0.320094,0.538455,0.58818,0.368828,0.077529,0.121297,0.196505
data\dataset_cls\train\Fractured\IMG0002731.jpg,train,Fractured,0.297443,0.33919,0.552734,0.495625,0.627995,0.330176,0.201369,0.122936,0.147242
data\dataset_cls\train\Fractured\IMG0002732.jpg,train,Fractured,0.575815,0.336168,0.608168,0.446932,0.554529,0.463825,0.079559,0.042435,0.054272
data\dataset_cls\train\Fractured\IMG0002737.jpg,train,Fractured,0.563439,0.422165,0.599019,0.7698,0.441426,0.238038,0.061649,0.300121,0.256185
data\dataset_cls\train\Fractured\IMG0002738.jpg,train,Fractured,0.676771,0.383815,0.460616,0.508879,0.762559,0.3835,0.060146,0.191818,0.135865
data\dataset_cls\train\Fractured\IMG0002745.jpg,train,Fractured,0.510452,0.353368,0.426776,0.333441,0.466469,0.37404,0.042554,0.045805,0.020474
data\dataset_cls\train\Fractured\IMG0002746.jpg,train,Fractured,0.683218,0.321584,0.751947,0.501294,0.739972,0.528466,0.135482,0.057524,0.079433
data\dataset_cls\train\Fractured\IMG0002749.jpg,train,Fractured,0.517026,0.697694,0.587877,0.633642,0.649389,0.625847,0.08149,0.019009,0.069865
data\dataset_cls\train\Fractured\IMG0002750.jpg,train,Fractured,0.542643,0.574006,0.449064,0.610222,0.543563,0.560173,0.031775,0.068973,0.038277
data\dataset_cls\train\Fractured\IMG0002768.jpg,train,Fractured,0.599521,0.346363,0.592864,0.436257,0.427096,0.42295,0.081504,0.063216,0.114688
data\dataset_cls\train\Fractured\IMG0002790.jpg,train,Fractured,0.558264,0.515563,0.551754,0.511872,0.576173,0.589621,0.023761,0.029039,0.052532
data\dataset_cls\train\Fractured\IMG0002791.jpg,train,Fractured,0.562801,0.472486,0.491256,0.489653,0.559626,0.532994,0.035927,0.047447,0.040872
data\dataset_cls\train\Fractured\IMG0002809.jpg,train,Fractured,0.477287,0.22585,0.492439,0.324529,0.402933,0.324314,0.068613,0.047997,0.063686
data\dataset_cls\train\Fractured\IMG0002810.jpg,train,Fractured,0.562251,0.413482,0.550996,0.545057,0.521998,0.30325,0.018585,0.124601,0.119595
data\dataset_cls\train\Fractured\IMG0002831.jpg,train,Fractured,0.636543,0.420299,0.522975,0.618033,0.578037,0.503249,0.109744,0.118371,0.010674
data\dataset_cls\train\Fractured\IMG0002832.jpg,train,Fractured,0.495282,0.461493,0.502817,0.689434,0.476545,0.595234,0.120618,0.10797,0.01997
data\dataset_cls\train\Fractured\IMG0002833.jpg,train,Fractured,0.537659,0.407953,0.594014,0.417686,0.653419,0.358279,0.058896,0.023069,0.068784
data\dataset_cls\train\Fractured\IMG0002834.jpg,train,Fractured,0.508714,0.455082,0.573606,0.635086,0.487614,0.620406,0.116031,0.082103,0.06161
data\dataset_cls\train\Fractured\IMG0002840.jpg,train,Fractured,0.383131,0.214001,0.590963,0.501369,0.568399,0.379058,0.199782,0.156674,0.056075
data\dataset_cls\train\Fractured\IMG0002846.jpg,train,Fractured,0.480632,0.530474,0.460069,0.435851,0.512521,0.494562,0.043675,0.05661,0.029122
data\dataset_cls\train\Fractured\IMG0002847.jpg,train,Fractured,0.552952,0.491511,0.486051,0.471561,0.540176,0.530833,0.027333,0.048217,0.035638
data\dataset_cls\train\Fractured\IMG0002848.jpg,train,Fractured,0.590442,0.332941,0.496639,0.54157,0.640033,0.596206,0.157987,0.094267,0.123964
data\dataset_cls\train\Fractured\IMG0002849.jpg,train,Fractured,0.60634,0.633898,0.520859,0.669275,0.62733,0.480802,0.044743,0.098293,0.121525
data\dataset_cls\train\Fractured\IMG0002885.jpg,train,Fractured,0.451296,0.392779,0.465128,0.341929,0.576972,0.27442,0.073101,0.033139,0.100533
data\dataset_cls\train\Fractured\IMG0002886.jpg,train,Fractured,0.517224,0.420058,0.495904,0.362502,0.568664,0.578041,0.034949,0.096282,0.13121
data\dataset_cls\train\Fractured\IMG0002904.jpg,train,Fractured,0.673954,0.657355,0.543911,0.474738,0.580836,0.657344,0.096122,0.13386,0.063682
data\dataset_cls\train\Fractured\IMG0002905.jpg,train,Fractured,0.500745,0.25548,0.418328,0.177436,0.488701,0.318717,0.031871,0.0891,0.070891
data\dataset_cls\train\Fractured\IMG0002934.jpg,train,Fractured,0.540066,0.439734,0.622917,0.500395,0.709867,0.457095,0.088142,0.03468,0.08602
data\dataset_cls\train\Fractured\IMG0002935.jpg,train,Fractured,0.236645,0.244735,0.685189,0.475227,0.497901,0.392876,0.268158,0.236209,0.032998
data\dataset_cls\train\Fractured\IMG0002945.jpg,train,Fractured,0.575368,0.538091,0.584846,0.525781,0.582488,0.573187,0.009397,0.020293,0.027547
data\dataset_cls\train\Fractured\IMG0002946.jpg,train,Fractured,0.538738,0.344865,0.495689,0.429742,0.542401,0.572049,0.104846,0.03552,0.124303
data\dataset_cls\train\Fractured\IMG0002970.jpg,train,Fractured,0.840896,0.547935,0.485168,0.57475,0.516604,0.393404,0.230637,0.146526,0.148541
data\dataset_cls\train\Fractured\IMG0002971.jpg,train,Fractured,0.269584,0.388062,0.473834,0.458721,0.399022,0.491079,0.125393,0.093893,0.048661
data\dataset_cls\train\Fractured\IMG0002979.jpg,train,Fractured,0.392756,0.346846,0.570148,0.779735,0.461254,0.59209,0.240446,0.227797,0.023451
data\dataset_cls\train\Fractured\IMG0002980.jpg,train,Fractured,0.525627,0.7898,0.426748,0.80763,0.466112,0.483252,0.109771,0.123025,0.210415
data\dataset_cls\train\Fractured\IMG0002987.jpg,train,Fractured,0.625548,0.41153,0.458905,0.702863,0.493381,0.505735,0.162592,0.176082,0.047302
data\dataset_cls\train\Fractured\IMG0002998.jpg,train,Fractured,0.66717,0.501916,0.493519,0.301906,0.538502,0.235486,0.185281,0.085406,0.114403
data\dataset_cls\train\Fractured\IMG0002999.jpg,train,Fractured,0.611943,0.448847,0.642476,0.53125,0.605048,0.442703,0.026612,0.061321,0.034851
data\dataset_cls\train\Fractured\IMG0003000.jpg,train,Fractured,0.548474,0.570346,0.617001,0.683066,0.501035,0.384718,0.025299,0.15019,0.170272
data\dataset_cls\train\Fractured\IMG0003001.jpg,train,Fractured,0.697501,0.369581,0.60859,0.688334,0.57559,0.501508,0.165851,0.169554,0.054783
data\dataset_cls\train\Fractured\IMG0003020.jpg,train,Fractured,0.555411,0.403525,0.528504,0.310261,0.552809,0.536364,0.016455,0.107816,0.119866
data\dataset_cls\train\Fractured\IMG0003021.jpg,train,Fractured,0.62894,0.303512,0.603835,0.304024,0.611003,0.429321,0.044484,0.042963,0.083779
data\dataset_cls\train\Fractured\IMG0003034.jpg,train,Fractured,0.516891,0.362409,0.344887,0.573444,0.420564,0.432819,0.12962,0.143376,0.024396
data\dataset_cls\train\Fractured\IMG0003035.jpg,train,Fractured,0.55103,0.403432,0.467475,0.531838,0.49931,0.600027,0.117343,0.043386,0.08851
data\dataset_cls\train\Fractured\IMG0003070.jpg,train,Fractured,0.493004,0.500315,0.486839,0.560963,0.4423,0.422322,0.019819,0.06765,0.078882
data\dataset_cls\train\Fractured\IMG0003077.jpg,train,Fractured,0.51935,0.516452,0.524853,0.780627,0.345178,0.468105,0.091306,0.201899,0.168468
data\dataset_cls\train\Fractured\IMG0003093.jpg,train,Fractured,0.581754,0.39683,0.512768,0.465756,0.619912,0.422899,0.033291,0.069536,0.048756
data\dataset_cls\train\Fractured\IMG0003094.jpg,train,Fractured,0.537234,0.441034,0.532518,0.412759,0.577076,0.459165,0.012187,0.029823,0.035415
data\dataset_cls\train\Fractured\IMG0003101.jpg,train,Fractured,0.551695,0.392834,0.503946,0.491262,0.621832,0.506981,0.07125,0.061712,0.07617
data\dataset_cls\train\Fractured\IMG0003102.jpg,train,Fractured,0.484821,0.403822,0.457666,0.433235,0.467909,0.480442,0.038275,0.013805,0.041335
data\dataset_cls\train\Fractured\IMG0003111.jpg,train,Fractured,0.494683,0.298801,0.471931,0.374714,0.521052,0.474138,0.083759,0.025207,0.094981
data\dataset_cls\train\Fractured\IMG0003112.jpg,train,Fractured,0.519436,0.405914,0.488928,0.462095,0.599153,0.473681,0.044454,0.04921,0.068617
data\dataset_cls\train\Fractured\IMG0003121.jpg,train,Fractured,0.411758,0.284515,0.416676,0.687247,0.603084,0.614094,0.252717,0.169773,0.152183
data\dataset_cls\train\Fractured\IMG0003130.jpg,train,Fractured,0.419992,0.398616,0.435735,0.389701,0.455296,0.403076,0.01708,0.007538,0.01923
data\dataset_cls\train\Fractured\IMG0003131.jpg,train,Fractured,0.529169,0.316898,0.571597,0.267143,0.706597,0.414546,0.075004,0.072603,0.132355
data\dataset_cls\train\Fractured\IMG0003132.jpg,train,Fractured,0.311323,0.510225,0.400195,0.474495,0.376713,0.60417,0.05496,0.066651,0.075837
data\dataset_cls\train\Fractured\IMG0003146.jpg,train,Fractured,0.482035,0.381093,0.489616,0.418779,0.509774,0.376643,0.016166,0.026936,0.022272
data\dataset_cls\train\Fractured\IMG0003147.jpg,train,Fractured,0.539641,0.364179,0.5188,0.465617,0.592038,0.413088,0.051208,0.060145,0.041896
data\dataset_cls\train\Fractured\IMG0003157.jpg,train,Fractured,0.611665,0.706803,0.469991,0.726119,0.751787,0.537784,0.049904,0.157214,0.184305
data\dataset_cls\train\Fractured\IMG0003164.jpg,train,Fractured,0.460115,0.455427,0.502988,0.57836,0.564619,0.424041,0.057832,0.092628,0.083058
data\dataset_cls\train\Fractured\IMG0003165.jpg,train,Fractured,0.558957,0.552274,0.545136,0.581949,0.576161,0.561069,0.012873,0.022526,0.016573
data\dataset_cls\train\Fractured\IMG0003171.jpg,train,Fractured,0.547483,0.361322,0.452596,0.435362,0.545312,0.405962,0.051105,0.07141,0.030606
data\dataset_cls\train\Fractured\IMG0003172.jpg,train,Fractured,0.594783,0.293838,0.519631,0.326639,0.55308,0.335115,0.046119,0.037097,0.016811
data\dataset_cls\train\Fractured\IMG0003182.jpg,train,Fractured,0.438882,0.42845,0.459689,0.343931,0.479066,0.519515,0.020447,0.086702,0.091073
data\dataset_cls\train\Fractured\IMG0003183.jpg,train,Fractured,0.601053,0.529695,0.466051,0.535853,0.479653,0.389477,0.096445,0.070985,0.102065
data\dataset_cls\train\Fractured\IMG0003184.jpg,train,Fractured,0.508944,0.730375,0.516498,0.35313,0.470546,0.372917,0.245117,0.13354,0.116016
data\dataset_cls\train\Fractured\IMG0003199.jpg,train,Fractured,0.60976,0.501185,0.536486,0.722598,0.557427,0.528015,0.092737,0.142177,0.056888
data\dataset_cls\train\Fractured\IMG0003200.jpg,train,Fractured,0.616749,0.668252,0.501546,0.654523,0.574261,0.457605,0.091416,0.087478,0.136228
data\dataset_cls\train\Fractured\IMG0003201.jpg,train,Fractured,0.549835,0.590677,0.642026,0.489689,0.46126,0.362231,0.109818,0.091412,0.148777
data\dataset_cls\train\Fractured\IMG0003213.jpg,train,Fractured,0.688127,0.589372,0.68418,0.666088,0.650608,0.375442,0.047781,0.122851,0.169853
data\dataset_cls\train\Fractured\IMG0003214.jpg,train,Fractured,0.371758,0.396619,0.282155,0.15439,0.637079,0.300307,0.127142,0.196713,0.207408
data\dataset_cls\train\Fractured\IMG0003217.jpg,train,Fractured,0.606197,0.430608,0.433151,0.499648,0.559388,0.577132,0.102634,0.0998,0.079224
data\dataset_cls\train\Fractured\IMG0003218.jpg,train,Fractured,0.61278,0.345633,0.465655,0.517099,0.512005,0.502745,0.137201,0.089418,0.050927
data\dataset_cls\train\Fractured\IMG0003219.jpg,train,Fractured,0.519682,0.54434,0.476736,0.448982,0.572725,0.390111,0.083264,0.047882,0.086681
data\dataset_cls\train\Fractured\IMG0003220.jpg,train,Fractured,0.475291,0.441025,0.442319,0.434467,0.573835,0.53616,0.036735,0.065638,0.100923
data\dataset_cls\train\Fractured\IMG0003233.jpg,train,Fractured,0.63445,0.34639,0.596094,0.444511,0.678966,0.529184,0.093661,0.040657,0.098751
data\dataset_cls\train\Fractured\IMG0003234.jpg,train,Fractured,0.613936,0.373658,0.597161,0.389564,0.624635,0.379389,0.007492,0.017122,0.01281
data\dataset_cls\train\Fractured\IMG0003254.jpg,train,Fractured,0.641673,0.486698,0.608468,0.286056,0.584528,0.386078,0.104839,0.100269,0.027029
data\dataset_cls\train\Fractured\IMG0003255.jpg,train,Fractured,0.653057,0.35998,0.604315,0.385575,0.605102,0.423744,0.043888,0.017034,0.037439
data\dataset_cls\train\Fractured\IMG0003264.jpg,train,Fractured,0.594544,0.527046,0.637941,0.733562,0.611382,0.490353,0.060063,0.151711,0.093356
data\dataset_cls\train\Fractured\IMG0003265.jpg,train,Fractured,0.632813,0.743413,0.640928,0.756055,0.638414,0.627771,0.034636,0.047109,0.081315
data\dataset_cls\train\Fractured\IMG0003266.jpg,train,Fractured,0.567967,0.272502,0.506334,0.225448,0.693978,0.338712,0.022389,0.098793,0.120458
data\dataset_cls\train\Fractured\IMG0003267.jpg,train,Fractured,0.561182,0.406256,0.490572,0.582462,0.649052,0.334186,0.035186,0.160786,0.134706
data\dataset_cls\train\Fractured\IMG0003279.jpg,train,Fractured,0.534141,0.322351,0.382282,0.536823,0.720879,0.344472,0.079716,0.212407,0.184076
data\dataset_cls\train\Fractured\IMG0003280.jpg,train,Fractured,0.763059,0.392308,0.470668,0.55138,0.669712,0.355376,0.134871,0.202097,0.085265
data\dataset_cls\train\Fractured\IMG0003293.jpg,train,Fractured,0.679207,0.392328,0.39819,0.666974,0.498288,0.45696,0.191048,0.20552,0.055446
data\dataset_cls\train\Fractured\IMG0003294.jpg,train,Fractured,0.562016,0.489208,0.564602,0.64031,0.714383,0.560308,0.090298,0.091333,0.100759
data\dataset_cls\train\Non_fractured\IMG0000000.jpg,train,Non_fractured,0.473995,0.518923,0.5,0.5,0.425127,0.369967,0.056476,0.050024,0.101733
data\dataset_cls\train\Non_fractured\IMG0000003.jpg,train,Non_fractured,0.648239,0.853099,1.0,1.0,0.442895,0.684034,0.049362,0.339981,0.301217
data\dataset_cls\train\Non_fractured\IMG0000004.jpg,train,Non_fractured,0.889078,0.834639,0.5,0.5,0.504428,0.373031,0.370085,0.148314,0.233569
data\dataset_cls\train\Non_fractured\IMG0000005.jpg,train,Non_fractured,0.648239,0.853099,1.0,1.0,0.442895,0.684034,0.049362,0.339981,0.301217
data\dataset_cls\train\Non_fractured\IMG0000007.jpg,train,Non_fractured,0.553329,0.352672,0.91751,0.302355,0.335559,0.474218,0.054273,0.323956,0.283949
data\dataset_cls\train\Non_fractured\IMG0000009.jpg,train,Non_fractured,0.489128,0.453989,0.5,0.5,0.572377,0.583111,0.066274,0.023943,0.087726
data\dataset_cls\train\Non_fractured\IMG0000010.jpg,train,Non_fractured,0.875296,0.097206,0.5,0.5,0.632762,0.568774,0.356873,0.202674,0.183793
data\dataset_cls\train\Non_fractured\IMG0000011.jpg,train,Non_fractured,0.382957,0.368383,0.573769,0.333333,0.559577,0.372626,0.122907,0.072689,0.056053
data\dataset_cls\train\Non_fractured\IMG0000012.jpg,train,Non_fractured,0.7635,0.435819,1.0,0.374475,0.468682,0.288167,0.072327,0.256075,0.286209
data\dataset_cls\train\Non_fractured\IMG0000015.jpg,train,Non_fractured,0.220878,0.150876,0.27175,0.651095,0.377605,0.433845,0.270078,0.239858,0.090227
data\dataset_cls\train\Non_fractured\IMG0000016.jpg,train,Non_fractured,0.810171,0.603522,0.893846,0.146156,0.536972,0.432898,0.218655,0.288247,0.213561
data\dataset_cls\train\Non_fractured\IMG0000017.jpg,train,Non_fractured,0.499321,0.531427,0.544841,0.886283,0.481234,0.546182,0.123543,0.234491,0.111815
data\dataset_cls\train\Non_fractured\IMG0000018.jpg,train,Non_fractured,0.326319,0.75324,0.50859,0.804729,0.570638,0.546324,0.151341,0.110799,0.185707
data\dataset_cls\train\Non_fractured\IMG0000020.jpg,train,Non_fractured,0.381651,0.580133,0.395962,0.890839,0.43255,0.418765,0.054318,0.261032,0.213151
data\dataset_cls\train\Non_fractured\IMG0000021.jpg,train,Non_fractured,0.368501,0.063853,0.5,0.5,0.513946,0.230047,0.220986,0.238606,0.063396
data\dataset_cls\train\Non_fractured\IMG0000022.jpg,train,Non_fractured,0.54605,0.241887,0.5,0.5,0.612043,0.522843,0.179813,0.094484,0.117374
data\dataset_cls\train\Non_fractured\IMG0000024.jpg,train,Non_fractured,0.533067,0.649851,0.0,1.0,0.588578,0.597683,0.187632,0.450221,0.262765
data\dataset_cls\train\Non_fractured\IMG0000026.jpg,train,Non_fractured,0.324584,0.343989,0.561012,0.819236,0.382746,0.301956,0.174629,0.358559,0.190688
data\dataset_cls\train\Non_fractured\IMG0000027.jpg,train,Non_fractured,0.593933,0.784287,0.0,1.0,0.267959,0.524604,0.306986,0.368253,0.245788
data\dataset_cls\train\Non_fractured\IMG0000029.jpg,train,Non_fractured,0.590372,0.432677,0.5,0.5,0.515928,0.406822,0.056651,0.06417,0.044213
data\dataset_cls\train\Non_fractured\IMG0000030.jpg,train,Non_fractured,0.864017,0.0,0.0,0.0,0.54755,0.322588,0.407922,0.482653,0.228437
data\dataset_cls\train\Non_fractured\IMG0000032.jpg,train,Non_fractured,0.392456,0.169512,0.020133,0.020133,0.390522,0.393386,0.1272,0.302722,0.233885
data\dataset_cls\train\Non_fractured\IMG0000033.jpg,train,Non_fractured,0.421262,0.338835,0.655687,0.876339,0.552323,0.397217,0.233014,0.357092,0.14055
data\dataset_cls\train\Non_fractured\IMG0000035.jpg,train,Non_fractured,0.813344,0.271053,1.0,0.08508,0.569419,0.357496,0.038276,0.256277,0.254676
data\dataset_cls\train\Non_fractured\IMG0000036.jpg,train,Non_fractured,0.547258,0.547258,0.0,0.333333,0.54175,0.519607,0.201083,0.386738,0.186404
data\dataset_cls\train\Non_fractured\IMG0000037.jpg,train,Non_fractured,0.561878,0.702365,0.614244,0.964315,0.470377,0.506633,0.025639,0.248636,0.231504
data\dataset_cls\train\Non_fractured\IMG0000038.jpg,train,Non_fractured,0.359213,0.632375,0.457588,0.133281,0.423232,0.532889,0.206739,0.302817,0.100528
data\dataset_cls\train\Non_fractured\IMG0000039.jpg,train,Non_fractured,0.885611,1.0,1.0,0.693335,0.527801,0.252999,0.360473,0.200542,0.482894
data\dataset_cls\train\Non_fractured\IMG0000042.jpg,train,Non_fractured,0.000954,0.21936,0.5,0.5,0.498019,0.573468,0.39372,0.180723,0.218054
data\dataset_cls\train\Non_fractured\IMG0000043.jpg,train,Non_fractured,0.701444,0.216208,0.0,0.921054,0.63494,0.30235,0.367485,0.62696,0.259646
data\dataset_cls\train\Non_fractured\IMG0000045.jpg,train,Non_fractured,0.83191,0.064755,0.5,0.5,0.537542,0.362546,0.32138,0.227176,0.100923
data\dataset_cls\train\Non_fractured\IMG0000046.jpg,train,Non_fractured,0.580343,0.41837,0.573725,0.410306,0.366447,0.405092,0.073848,0.066894,0.140526
data\dataset_cls\train\Non_fractured\IMG0000047.jpg,train,Non_fractured,0.841741,0.375948,0.833333,0.779271,0.637589,0.458743,0.176853,0.249233,0.155075
data\dataset_cls\train\Non_fractured\IMG0000048.jpg,train,Non_fractured,0.542765,0.457235,0.642427,0.740853,0.492686,0.386458,0.072847,0.228342,0.156595
data\dataset_cls\train\Non_fractured\IMG0000049.jpg,train,Non_fractured,0.568756,0.209356,0.5,0.5,0.388648,0.36043,0.169,0.144106,0.097229
data\dataset_cls\train\Non_fractured\IMG0000051.jpg,train,Non_fractured,0.597506,0.31426,0.484432,0.902427,0.569832,0.442077,0.243229,0.355712,0.112503
data\dataset_cls\train\Non_fractured\IMG0000052.jpg,train,Non_fractured,0.608828,0.275541,1.0,0.080755,0.673217,0.653537,0.163674,0.350336,0.328774
data\dataset_cls\train\Non_fractured\IMG0000053.jpg,train,Non_fractured,0.182052,0.088519,0.897035,0.770877,0.687212,0.495579,0.54524,0.443768,0.107799
data\dataset_cls\train\Non_fractured\IMG0000054.jpg,train,Non_fractured,0.744765,0.27767,0.5,0.5,0.49855,0.375581,0.195396,0.1412,0.083027
data\dataset_cls\train\Non_fractured\IMG0000055.jpg,train,Non_fractured,0.664675,0.526604,0.673842,0.828069,0.671596,0.528342,0.101209,0.200433,0.099342
data\dataset_cls\train\Non_fractured\IMG0000056.jpg,train,Non_fractured,0.532625,0.595292,0.5,0.5,0.534246,0.384311,0.102613,0.023304,0.109544
data\dataset_cls\train\Non_fractured\IMG0000060.jpg,train,Non_fractured,0.903983,0.254162,0.5,0.5,0.55479,0.368581,0.2783,0.197989,0.098297
data\dataset_cls\train\Non_fractured\IMG0000061.jpg,train,Non_fractured,0.0,0.162339,0.5,0.5,0.358462,0.503796,0.364868,0.241071,0.135915
data\dataset_cls\train\Non_fractured\IMG0000062.jpg,train,Non_fractured,0.192663,0.673647,0.899311,0.427566,0.496996,0.60278,0.353166,0.39543,0.047713
data\dataset_cls\train\Non_fractured\IMG0000063.jpg,train,Non_fractured,0.536603,0.61983,0.273024,0.262135,0.54368,0.477849,0.187222,0.261237,0.095785
data\dataset_cls\train\Non_fractured\IMG0000064.jpg,train,Non_fractured,0.510727,0.422299,0.77401,0.718347,0.471059,0.325171,0.099762,0.297331,0.199384
data\dataset_cls\train\Non_fractured\IMG0000065.jpg,train,Non_fractured,0.70009,0.583619,0.5,0.5,0.454421,0.23579,0.206787,0.079223,0.225934
data\dataset_cls\train\Non_fractured\IMG0000067.jpg,train,Non_fractured,0.496802,0.162441,0.655574,0.910915,0.439272,0.317864,0.303183,0.464324,0.17208
data\dataset_cls\train\Non_fractured\IMG0000068.jpg,train,Non_fractured,0.054157,0.605235,0.5,0.5,0.469973,0.43152,0.301896,0.159096,0.151837
data\dataset_cls\train\Non_fractured\IMG0000069.jpg,train,Non_fractured,0.102848,0.615693,0.486287,0.549867,0.655964,0.38548,0.32741,0.078464,0.274497
data\dataset_cls\train\Non_fractured\IMG0000070.jpg,train,Non_fractured,0.15222,0.734868,0.350233,0.649767,0.585521,0.351941,0.26196,0.071988,0.318056
data\dataset_cls\train\Non_fractured\IMG0000071.jpg,train,Non_fractured,0.790608,0.166459,0.5,0.5,0.547476,0.52827,0.292194,0.151838,0.145466
data\dataset_cls\train\Non_fractured\IMG0000072.jpg,train,Non_fractured,0.546076,0.438752,0.130007,0.129487,0.366392,0.560717,0.208167,0.328976,0.185364
data\dataset_cls\train\Non_fractured\IMG0000073.jpg,train,Non_fractured,0.923836,0.132797,0.5,0.5,0.321545,0.497402,0.420116,0.147936,0.286863
data\dataset_cls\train\Non_fractured\IMG0000074.jpg,train,Non_fractured,0.785846,0.026232,0.965719,0.075413,0.474375,0.367615,0.137379,0.237952,0.340905
data\dataset_cls\train\Non_fractured\IMG0000075.jpg,train,Non_fractured,0.881755,0.239231,0.481135,0.786311,0.387925,0.38946,0.378048,0.330909,0.212247
data\dataset_cls\train\Non_fractured\IMG0000076.jpg,train,Non_fractured,0.953187,0.467317,1.0,0.320514,0.386359,0.472081,0.179688,0.241575,0.396925
data\dataset_cls\train\Non_fractured\IMG0000077.jpg,train,Non_fractured,0.6454,0.21365,0.5,0.5,0.623786,0.471027,0.1896,0.138199,0.083405
data\dataset_cls\train\Non_fractured\IMG0000078.jpg,train,Non_fractured,0.790598,0.112792,0.5,0.5,0.619063,0.488077,0.297202,0.19065,0.122377
data\dataset_cls\train\Non_fractured\IMG0000079.jpg,train,Non_fractured,0.918228,0.213007,0.795955,0.079397,0.541479,0.591612,0.185306,0.219739,0.36393
data\dataset_cls\train\Non_fractured\IMG0000080.jpg,train,Non_fractured,0.432615,0.436257,0.437515,0.665823,0.541434,0.413433,0.078651,0.164007,0.11595
data\dataset_cls\train\Non_fractured\IMG0000081.jpg,train,Non_fractured,0.681646,0.530418,0.809963,0.477802,0.579922,0.532296,0.019095,0.124674,0.112173
data\dataset_cls\train\Non_fractured\IMG0000082.jpg,train,Non_fractured,0.527668,0.069858,0.833333,0.833333,0.455292,0.499865,0.405356,0.430857,0.153549
data\dataset_cls\train\Non_fractured\IMG0000083.jpg,train,Non_fractured,0.409836,0.398256,0.833333,0.833333,0.361006,0.295576,0.166954,0.440821,0.27523
data\dataset_cls\train\Non_fractured\IMG0000084.jpg,train,Non_fractured,0.936421,0.274948,1.0,0.874214,0.467913,0.678233,0.360413,0.331199,0.340614
data\dataset_cls\train\Non_fractured\IMG0000086.jpg,train,Non_fractured,0.345681,0.290939,0.049093,0.916746,0.510408,0.45948,0.268406,0.440639,0.229804
data\dataset_cls\train\Non_fractured\IMG0000087.jpg,train,Non_fractured,0.480185,0.347518,1.0,0.208915,0.538056,0.373682,0.196176,0.342521,0.14897
data\dataset_cls\train\Non_fractured\IMG0000088.jpg,train,Non_fractured,0.532119,0.834093,0.0,0.476752,0.382301,0.446269,0.336702,0.323694,0.159524
data\dataset_cls\train\Non_fractured\IMG0000089.jpg,train,Non_fractured,0.278172,0.148091,0.95068,0.833333,0.685155,0.353766,0.466552,0.498519,0.102755
data\dataset_cls\train\Non_fractured\IMG0000090.jpg,train,Non_fractured,0.718855,0.332804,0.5,0.5,0.636446,0.419467,0.13132,0.14438,0.018128
data\dataset_cls\train\Non_fractured\IMG0000091.jpg,train,Non_fractured,0.719246,0.826761,0.867423,0.085101,0.583645,0.468862,0.366544,0.401823,0.140058
data\dataset_cls\train\Non_fractured\IMG0000094.jpg,train,Non_fractured,0.5773,0.196318,0.625768,0.487888,0.50372,0.556471,0.217402,0.093571,0.157086
data\dataset_cls\train\Non_fractured\IMG0000095.jpg,train,Non_fractured,0.588229,0.862113,0.875759,0.801027,0.489141,0.408754,0.182624,0.250368,0.325065
data\dataset_cls\train\Non_fractured\IMG0000096.jpg,train,Non_fractured,0.128304,0.964004,0.833333,0.333333,0.606501,0.574264,0.520818,0.425318,0.09737
data\dataset_cls\train\Non_fractured\IMG0000097.jpg,train,Non_fractured,0.588498,0.973471,0.820303,0.68643,0.593798,0.533889,0.254777,0.159213,0.210698
data\dataset_cls\train\Non_fractured\IMG0000098.jpg,train,Non_fractured,0.468354,0.444666,0.954818,0.866193,0.653896,0.481002,0.271054,0.375762,0.12248
data\dataset_cls\train\Non_fractured\IMG0000099.jpg,train,Non_fractured,0.640691,0.622275,0.873621,1.0,0.467411,0.400987,0.055808,0.38909,0.33478
data\dataset_cls\train\Non_fractured\IMG0000101.jpg,train,Non_fractured,0.860152,0.261965,0.322529,0.0,0.541613,0.439436,0.286774,0.343927,0.208291
data\dataset_cls\train\Non_fractured\IMG0000102.jpg,train,Non_fractured,0.518015,0.0,0.0,0.0,0.316205,0.403504,0.275068,0.308894,0.271692
data\dataset_cls\train\Non_fractured\IMG0000103.jpg,train,Non_fractured,0.817409,0.370907,0.5,0.5,0.637874,0.281041,0.166163,0.191027,0.103874
data\dataset_cls\train\Non_fractured\IMG0000105.jpg,train,Non_fractured,0.043395,0.130084,0.121553,0.285088,0.528597,0.239121,0.207389,0.128476,0.298157
data\dataset_cls\train\Non_fractured\IMG0000106.jpg,train,Non_fractured,0.913076,0.231107,0.833333,0.833333,0.731909,0.453602,0.288336,0.327399,0.107796
data\dataset_cls\train\Non_fractured\IMG0000107.jpg,train,Non_fractured,0.475407,0.500566,0.833333,0.833333,0.665204,0.383611,0.196235,0.314294,0.18903
data\dataset_cls\train\Non_fractured\IMG0000111.jpg,train,Non_fractured,0.696107,0.672956,0.5,0.5,0.479398,0.332395,0.219625,0.058529,0.186949
data\dataset_cls\train\Non_fractured\IMG0000112.jpg,train,Non_fractured,0.49851,0.393793,0.0,0.166667,0.529007,0.360209,0.178576,0.370098,0.193973
data\dataset_cls\train\Non_fractured\IMG0000113.jpg,train,Non_fractured,0.496861,0.271519,0.5,0.5,0.468574,0.52344,0.160353,0.069311,0.09392
data\dataset_cls\train\Non_fractured\IMG0000114.jpg,train,Non_fractured,0.653778,0.493017,0.093306,0.174308,0.487595,0.49704,0.263956,0.383408,0.132833
data\dataset_cls\train\Non_fractured\IMG0000115.jpg,train,Non_fractured,0.62753,0.191096,0.5,0.5,0.593935,0.334369,0.160009,0.174557,0.02145
data\dataset_cls\train\Non_fractured\IMG0000117.jpg,train,Non_fractured,0.595939,0.374107,0.231631,0.820981,0.618388,0.505926,0.224042,0.356625,0.149453
data\dataset_cls\train\Non_fractured\IMG0000118.jpg,train,Non_fractured,0.148841,0.727317,1.0,0.312637,0.345237,0.323046,0.443227,0.52159,0.201447
data\dataset_cls\train\Non_fractured\IMG0000119.jpg,train,Non_fractured,0.637194,0.297055,0.653687,0.673157,0.59381,0.413314,0.164365,0.213504,0.058953
data\dataset_cls\train\Non_fractured\IMG0000120.jpg,train,Non_fractured,0.68465,0.227039,0.927651,0.025845,0.599993,0.408855,0.053175,0.272222,0.233103
data\dataset_cls\train\Non_fractured\IMG0000122.jpg,train,Non_fractured,0.374965,0.249915,0.0,0.001495,0.459978,0.305717,0.116033,0.333757,0.217724
data\dataset_cls\train\Non_fractured\IMG0000123.jpg,train,Non_fractured,0.886212,0.208316,0.507138,0.069464,0.421714,0.254407,0.282885,0.145706,0.198827
data\dataset_cls\train\Non_fractured\IMG0000124.jpg,train,Non_fractured,0.302501,0.692046,0.5,0.5,0.418169,0.618389,0.136899,0.139202,0.018696
data\dataset_cls\train\Non_fractured\IMG0000125.jpg,train,Non_fractured,0.684615,0.475306,0.489703,0.455661,0.540695,0.400682,0.117233,0.08281,0.053158
data\dataset_cls\train\Non_fractured\IMG0000126.jpg,train,Non_fractured,0.482398,0.384615,0.562862,1.0,0.622691,0.365668,0.211993,0.416629,0.227748
data\dataset_cls\train\Non_fractured\IMG0000127.jpg,train,Non_fractured,0.537351,0.278109,0.716263,1.0,0.835822,0.274783,0.287562,0.482775,0.279985
data\dataset_cls\train\Non_fractured\IMG0000128.jpg,train,Non_fractured,0.609573,0.43192,0.919862,0.586908,0.490962,0.432427,0.082273,0.267119,0.189584
data\dataset_cls\train\Non_fractured\IMG0000129.jpg,train,Non_fractured,0.622716,0.674542,0.833333,1.0,0.682725,0.5902,0.120819,0.273067,0.16746
data\dataset_cls\train\Non_fractured\IMG0000131.jpg,train,Non_fractured,0.487074,0.514918,0.556082,0.999795,0.455657,0.481865,0.151128,0.339007,0.188846
data\dataset_cls\train\Non_fractured\IMG0000132.jpg,train,Non_fractured,0.232406,0.294344,0.0,1.0,0.531977,0.404214,0.272763,0.503105,0.321038
data\dataset_cls\train\Non_fractured\IMG0000133.jpg,train,Non_fractured,0.146814,0.0,0.5,0.5,0.321594,0.379885,0.342044,0.272261,0.086598
data\dataset_cls\train\Non_fractured\IMG0000134.jpg,train,Non_fractured,0.5,0.5,0.5,0.5,0.603027,0.491934,0.034447,0.034447,0.068895
data\dataset_cls\train\Non_fractured\IMG0000135.jpg,train,Non_fractured,0.850698,0.075428,0.5,0.5,0.557101,0.401553,0.329758,0.22107,0.109427
data\dataset_cls\train\Non_fractured\IMG0000137.jpg,train,Non_fractured,0.285011,0.924487,0.542871,0.997548,0.462896,0.441844,0.199341,0.237926,0.347651
data\dataset_cls\train\Non_fractured\IMG0000140.jpg,train,Non_fractured,0.817094,0.273729,0.666667,0.333333,0.653509,0.486176,0.13849,0.055314,0.135267
data\dataset_cls\train\Non_fractured\IMG0000141.jpg,train,Non_fractured,0.380482,0.0,0.879734,0.057655,0.570392,0.525487,0.300925,0.302227,0.333491
data\dataset_cls\train\Non_fractured\IMG0000145.jpg,train,Non_fractured,0.554269,0.540443,0.774338,0.193344,0.413572,0.478006,0.139053,0.286064,0.182832
data\dataset_cls\train\Non_fractured\IMG0000146.jpg,train,Non_fractured,0.469096,0.72558,0.5,0.5,0.567054,0.543947,0.142372,0.090647,0.071636
data\dataset_cls\train\Non_fractured\IMG0000147.jpg,train,Non_fractured,0.58707,0.2634,0.5,1.0,0.478911,0.456954,0.316808,0.427115,0.124208
data\dataset_cls\train\Non_fractured\IMG0000148.jpg,train,Non_fractured,0.597233,0.414672,0.839378,0.487518,0.593168,0.39364,0.081217,0.17201,0.091798
data\dataset_cls\train\Non_fractured\IMG0000149.jpg,train,Non_fractured,0.448078,0.300832,0.0,0.930686,0.46784,0.286754,0.25003,0.522965,0.272994
data\dataset_cls\train\Non_fractured\IMG0000150.jpg,train,Non_fractured,0.771577,0.218761,0.614331,0.911846,0.686597,0.415464,0.30739,0.403803,0.099983
data\dataset_cls\train\Non_fractured\IMG0000152.jpg,train,Non_fractured,0.970181,0.072272,0.833333,0.833333,0.55759,0.460303,0.424565,0.380855,0.229499
data\dataset_cls\train\Non_fractured\IMG0000153.jpg,train,Non_fractured,0.737653,0.549647,0.89504,0.8059,0.52608,0.425683,0.047652,0.275305,0.256302
data\dataset_cls\train\Non_fractured\IMG0000154.jpg,train,Non_fractured,0.889543,0.20512,0.589401,0.921609,0.458359,0.60785,0.445657,0.348012,0.18974
data\dataset_cls\train\Non_fractured\IMG0000157.jpg,train,Non_fractured,0.766977,0.170935,0.561157,0.0,0.663779,0.31143,0.103504,0.19085,0.150642
data\dataset_cls\train\Non_fractured\IMG0000158.jpg,train,Non_fractured,0.998232,0.210474,0.5,0.5,0.537842,0.353257,0.350531,0.230388,0.140855
data\dataset_cls\train\Non_fractured\IMG0000159.jpg,train,Non_fractured,0.551134,0.796337,0.859169,0.895847,0.229689,0.418145,0.093001,0.366986,0.42646
data\dataset_cls\train\Non_fractured\IMG0000160.jpg,train,Non_fractured,0.292515,0.497015,0.218163,0.288032,0.246989,0.394561,0.111238,0.110652,0.00573
data\dataset_cls\train\Non_fractured\IMG0000162.jpg,train,Non_fractured,0.794898,0.454121,0.038165,0.038165,0.489271,0.590349,0.36619,0.515985,0.234539
data\dataset_cls\train\Non_fractured\IMG0000163.jpg,train,Non_fractured,0.356511,0.239453,0.670727,0.037969,0.57104,0.414756,0.176465,0.237045,0.187969
data\dataset_cls\train\Non_fractured\IMG0000164.jpg,train,Non_fractured,0.692938,0.399931,0.353642,0.099906,0.505343,0.298471,0.220808,0.233255,0.034509
data\dataset_cls\train\Non_fractured\IMG0000165.jpg,train,Non_fractured,0.664163,0.089569,0.5,0.5,0.594809,0.373496,0.244191,0.198709,0.053156
data\dataset_cls\train\Non_fractured\IMG0000166.jpg,train,Non_fractured,0.75588,0.077706,0.833333,0.5,0.742375,0.521662,0.289536,0.144864,0.159064
data\dataset_cls\train\Non_fractured\IMG0000167.jpg,train,Non_fractured,0.49106,0.440233,0.0,0.850157,0.511371,0.382664,0.196004,0.444063,0.249082
data\dataset_cls\train\Non_fractured\IMG0000168.jpg,train,Non_fractured,0.126064,0.43339,0.0,0.397065,0.392708,0.383212,0.05502,0.173086,0.220818
data\dataset_cls\train\Non_fractured\IMG0000169.jpg,train,Non_fractured,0.417864,0.594969,0.562936,0.884527,0.329706,0.404516,0.038095,0.285842,0.247838
data\dataset_cls\train\Non_fractured\IMG0000171.jpg,train,Non_fractured,0.417292,0.177585,0.0,0.920393,0.54934,0.297591,0.302914,0.557701,0.282271
data\dataset_cls\train\Non_fractured\IMG0000173.jpg,train,Non_fractured,0.794506,0.403794,0.5,0.5,0.524032,0.641663,0.218787,0.107255,0.150842
data\dataset_cls\train\Non_fractured\IMG0000174.jpg,train,Non_fractured,0.518317,0.672506,0.403995,0.961541,0.53448,0.389637,0.032784,0.298356,0.289087
data\dataset_cls\train\Non_fractured\IMG0000175.jpg,train,Non_fractured,0.3868,0.30687,1.0,0.313547,0.586783,0.336695,0.271334,0.342183,0.073238
data\dataset_cls\train\Non_fractured\IMG0000178.jpg,train,Non_fractured,0.632636,1.0,0.74774,0.586619,0.568463,0.421366,0.331107,0.128335,0.260903
data\dataset_cls\train\Non_fractured\IMG0000179.jpg,train,Non_fractured,0.270503,0.381339,0.468842,0.913096,0.4249,0.540529,0.258592,0.312072,0.08009
data\dataset_cls\train\Non_fractured\IMG0000180.jpg,train,Non_fractured,0.107024,0.527793,0.5,0.5,0.586861,0.514966,0.291253,0.103029,0.188901
data\dataset_cls\train\Non_fractured\IMG0000181.jpg,train,Non_fractured,0.489571,0.789252,0.13904,0.164086,0.33472,0.431635,0.368371,0.348853,0.032963
data\dataset_cls\train\Non_fractured\IMG0000182.jpg,train,Non_fractured,0.945158,0.597823,0.0,0.0,0.493515,0.33913,0.546166,0.572292,0.030228
data\dataset_cls\train\Non_fractured\IMG0000183.jpg,train,Non_fractured,0.311202,0.006194,0.778284,0.753075,0.30105,0.695189,0.502275,0.413573,0.265799
data\dataset_cls\train\Non_fractured\IMG0000184.jpg,train,Non_fractured,0.54091,0.210654,0.833333,0.154192,0.580991,0.398238,0.119141,0.207385,0.160333
data\dataset_cls\train\Non_fractured\IMG0000186.jpg,train,Non_fractured,0.586117,0.797614,0.750927,0.770532,0.549307,0.43017,0.138257,0.160698,0.248962
data\dataset_cls\train\Non_fractured\IMG0000187.jpg,train,Non_fractured,0.874324,0.309249,1.0,0.833333,0.367461,0.333569,0.222623,0.424677,0.411539
data\dataset_cls\train\Non_fractured\IMG0000191.jpg,train,Non_fractured,0.221096,0.188581,0.131717,0.189282,0.447868,0.314708,0.062327,0.141426,0.199456
data\dataset_cls\train\Non_fractured\IMG0000192.jpg,train,Non_fractured,0.829462,0.229421,0.922663,0.654673,0.447497,0.440458,0.232916,0.285182,0.285713
data\dataset_cls\train\Non_fractured\IMG0000193.jpg,train,Non_fractured,0.581092,0.223779,0.327177,0.953444,0.419134,0.483978,0.357892,0.416005,0.073555
data\dataset_cls\train\Non_fractured\IMG0000195.jpg,train,Non_fractured,0.50304,0.305388,0.790646,0.933424,0.507443,0.361256,0.247879,0.443009,0.195589
data\dataset_cls\train\Non_fractured\IMG0000196.jpg,train,Non_fractured,0.406991,0.344362,0.155575,0.118107,0.266685,0.357951,0.148576,0.196829,0.085037
data\dataset_cls\train\Non_fractured\IMG0000199.jpg,train,Non_fractured,0.415281,0.255141,0.834381,0.704616,0.299911,0.443802,0.235577,0.396346,0.217945
data\dataset_cls\train\Non_fractured\IMG0000200.jpg,train,Non_fractured,0.489849,0.548787,0.0,0.905037,0.629786,0.402345,0.135998,0.470386,0.335633
data\dataset_cls\train\Non_fractured\IMG0000201.jpg,train,Non_fractured,0.673297,0.220611,0.530771,0.6187,0.505925,0.636401,0.290294,0.132725,0.158066
data\dataset_cls\train\Non_fractured\IMG0000202.jpg,train,Non_fractured,0.361447,0.187532,0.0,1.0,0.453898,0.525241,0.393738,0.507909,0.187759
data\dataset_cls\train\Non_fractured\IMG0000203.jpg,train,Non_fractured,0.281331,0.382968,0.597332,0.400445,0.52059,0.45763,0.187617,0.131581,0.069758
data\dataset_cls\train\Non_fractured\IMG0000205.jpg,train,Non_fractured,0.200707,0.337367,0.0,0.157182,0.59294,0.221825,0.117444,0.276851,0.328829
data\dataset_cls\train\Non_fractured\IMG0000209.jpg,train,Non_fractured,0.046357,0.159256,0.5,0.5,0.394152,0.446843,0.339461,0.228081,0.112297
data\dataset_cls\train\Non_fractured\IMG0000210.jpg,train,Non_fractured,0.691323,0.378002,0.5,0.5,0.632919,0.413482,0.098411,0.128501,0.030106
data\dataset_cls\train\Non_fractured\IMG0000212.jpg,train,Non_fractured,0.399266,0.522106,0.607179,0.906966,0.453584,0.851278,0.253554,0.189962,0.096982
data\dataset_cls\train\Non_fractured\IMG0000213.jpg,train,Non_fractured,0.180059,0.412968,0.208815,0.310929,0.534395,0.438884,0.130194,0.125167,0.23237
data\dataset_cls\train\Non_fractured\IMG0000214.jpg,train,Non_fractured,0.610266,0.193547,0.5,0.5,0.503687,0.262419,0.144488,0.18528,0.06587
data\dataset_cls\train\Non_fractured\IMG0000215.jpg,train,Non_fractured,0.347544,0.086505,0.5,0.5,0.604475,0.403786,0.279212,0.170654,0.141219
data\dataset_cls\train\Non_fractured\IMG0000216.jpg,train,Non_fractured,0.615303,0.061474,0.0,0.420769,0.374372,0.587304,0.410499,0.336091,0.235036
data\dataset_cls\train\Non_fractured\IMG0000217.jpg,train,Non_fractured,0.691161,0.757657,0.5,0.5,0.559005,0.400339,0.231596,0.098627,0.154266
data\dataset_cls\train\Non_fractured\IMG0000218.jpg,train,Non_fractured,0.287448,0.505984,0.081168,0.0,0.557259,0.350534,0.221493,0.365035,0.256998
data\dataset_cls\train\Non_fractured\IMG0000219.jpg,train,Non_fractured,0.226602,0.167129,0.51785,1.0,0.523469,0.454419,0.421722,0.469245,0.132586
data\dataset_cls\train\Non_fractured\IMG0000220.jpg,train,Non_fractured,0.514657,0.229953,0.0,0.556413,0.560148,0.517809,0.257661,0.37837,0.218308
data\dataset_cls\train\Non_fractured\IMG0000221.jpg,train,Non_fractured,0.546195,0.360201,0.673881,1.0,0.413104,0.581577,0.287064,0.375756,0.146803
data\dataset_cls\train\Non_fractured\IMG0000222.jpg,train,Non_fractured,0.858396,0.340371,0.787099,0.930116,0.348536,0.404571,0.291622,0.391402,0.351559
data\dataset_cls\train\Non_fractured\IMG0000223.jpg,train,Non_fractured,0.673427,0.593679,0.56578,0.874034,0.577392,0.340753,0.068507,0.27411,0.263575
data\dataset_cls\train\Non_fractured\IMG0000225.jpg,train,Non_fractured,0.471852,0.161417,1.0,0.298075,0.416075,0.356178,0.192346,0.371615,0.229289
data\dataset_cls\train\Non_fractured\IMG0000228.jpg,train,Non_fractured,0.540103,0.286767,0.333333,1.0,0.585095,0.361599,0.268166,0.475764,0.212308
data\dataset_cls\train\Non_fractured\IMG0000229.jpg,train,Non_fractured,0.868134,0.3257,0.743685,0.956999,0.397583,0.441016,0.318234,0.389499,0.303215
data\dataset_cls\train\Non_fractured\IMG0000230.jpg,train,Non_fractured,0.835429,0.426833,0.206592,0.950232,0.414404,0.477679,0.398882,0.433577,0.157514
data\dataset_cls\train\Non_fractured\IMG0000231.jpg,train,Non_fractured,0.785319,0.247739,0.512605,0.967131,0.337494,0.565831,0.42105,0.374978,0.209489
data\dataset_cls\train\Non_fractured\IMG0000232.jpg,train,Non_fractured,0.588792,0.028976,0.5,0.5,0.399389,0.608686,0.362313,0.120844,0.248997
data\dataset_cls\train\Non_fractured\IMG0000233.jpg,train,Non_fractured,0.45903,0.98006,0.0,1.0,0.437478,0.458742,0.231502,0.352557,0.38036
data\dataset_cls\train\Non_fractured\IMG0000234.jpg,train,Non_fractured,0.768461,0.136712,0.639854,0.950027,0.444453,0.46829,0.410371,0.432258,0.180226
data\dataset_cls\train\Non_fractured\IMG0000235.jpg,train,Non_fractured,0.705932,0.132025,0.5,0.5,0.463495,0.266099,0.224373,0.208423,0.098756
data\dataset_cls\train\Non_fractured\IMG0000236.jpg,train,Non_fractured,0.80422,0.206931,0.438643,0.71018,0.45007,0.404473,0.334849,0.297497,0.119795
data\dataset_cls\train\Non_fractured\IMG0000237.jpg,train,Non_fractured,0.589043,0.283343,0.5,0.5,0.780375,0.35416,0.10171,0.172522,0.159212
data\dataset_cls\train\Non_fractured\IMG0000238.jpg,train,Non_fractured,0.499561,0.171903,0.5,0.5,0.448096,0.398286,0.185607,0.144329,0.053983
data\dataset_cls\train\Non_fractured\IMG0000239.jpg,train,Non_fractured,0.732733,0.221658,0.5,0.5,0.63977,0.388613,0.183898,0.179705,0.024218
data\dataset_cls\train\Non_fractured\IMG0000241.jpg,train,Non_fractured,0.783744,0.143596,0.5,0.5,0.601844,0.400727,0.256742,0.198975,0.058999
data\dataset_cls\train\Non_fractured\IMG0000242.jpg,train,Non_fractured,0.382414,0.656549,0.5,0.5,0.46391,0.21197,0.211079,0.067415,0.244671
data\dataset_cls\train\Non_fractured\IMG0000243.jpg,train,Non_fractured,0.486398,0.095787,0.470824,1.0,0.313979,0.335527,0.386433,0.525011,0.179138
data\dataset_cls\train\Non_fractured\IMG0000244.jpg,train,Non_fractured,0.520772,0.780825,0.79722,0.815947,0.323031,0.322409,0.143516,0.306039,0.388402
data\dataset_cls\train\Non_fractured\IMG0000245.jpg,train,Non_fractured,0.743058,0.40903,0.58192,0.761361,0.386783,0.382688,0.203847,0.243931,0.228057
data\dataset_cls\train\Non_fractured\IMG0000246.jpg,train,Non_fractured,0.602837,0.401932,0.438509,0.377403,0.491971,0.413548,0.091832,0.075361,0.024891
data\dataset_cls\train\Non_fractured\IMG0000247.jpg,train,Non_fractured,0.784603,0.396218,0.845568,0.653603,0.544183,0.50602,0.136231,0.181137,0.18104
data\dataset_cls\train\Non_fractured\IMG0000249.jpg,train,Non_fractured,0.579599,0.285503,0.859871,0.489676,0.465061,0.563204,0.16986,0.229202,0.206235
data\dataset_cls\train\Non_fractured\IMG0000250.jpg,train,Non_fractured,0.626532,0.344824,0.405453,0.918104,0.547049,0.542161,0.275719,0.338716,0.063033
data\dataset_cls\train\Non_fractured\IMG0000252.jpg,train,Non_fractured,0.230505,0.193381,0.5,0.5,0.44677,0.468574,0.252645,0.155787,0.097754
data\dataset_cls\train\Non_fractured\IMG0000254.jpg,train,Non_fractured,0.620639,0.441006,0.0,0.5,0.624522,0.408041,0.205769,0.418093,0.213567
data\dataset_cls\train\Non_fractured\IMG0000255.jpg,train,Non_fractured,0.63026,0.18212,0.668917,0.998945,0.495355,0.473843,0.370906,0.452868,0.128935
data\dataset_cls\train\Non_fractured\IMG0000257.jpg,train,Non_fractured,0.106139,0.071131,0.5,0.5,0.333161,0.27382,0.295214,0.287416,0.021535
data\dataset_cls\train\Non_fractured\IMG0000263.jpg,train,Non_fractured,0.857019,0.406443,0.0,0.833333,0.380464,0.41549,0.467673,0.499437,0.13998
data\dataset_cls\train\Non_fractured\IMG0000264.jpg,train,Non_fractured,0.525396,0.215159,1.0,0.426003,0.492292,0.212643,0.162728,0.356665,0.194102
data\dataset_cls\train\Non_fractured\IMG0000265.jpg,train,Non_fractured,0.554499,0.331608,0.165193,0.124204,0.563948,0.350819,0.141307,0.299891,0.158836
data\dataset_cls\train\Non_fractured\IMG0000266.jpg,train,Non_fractured,0.311584,0.899998,0.5,0.5,0.537245,0.484526,0.304859,0.137724,0.16827
data\dataset_cls\train\Non_fractured\IMG0000267.jpg,train,Non_fractured,0.957435,1.0,0.694702,0.253088,0.589997,0.805754,0.37755,0.436383,0.197592
data\dataset_cls\train\Non_fractured\IMG0000268.jpg,train,Non_fractured,0.463578,0.073759,0.889494,0.95606,0.615405,0.577718,0.500611,0.480651,0.058431
data\dataset_cls\train\Non_fractured\IMG0000271.jpg,train,Non_fractured,0.941216,0.484423,0.849424,0.232887,0.502733,0.306437,0.227469,0.137701,0.264029
data\dataset_cls\train\Non_fractured\IMG0000272.jpg,train,Non_fractured,0.348113,0.27061,0.741289,0.0,0.539313,0.376641,0.20237,0.293095,0.160931
data\dataset_cls\train\Non_fractured\IMG0000273.jpg,train,Non_fractured,0.521539,0.103551,0.423662,0.587521,0.503968,0.496665,0.294883,0.200603,0.1029
data\dataset_cls\train\Non_fractured\IMG0000274.jpg,train,Non_fractured,0.885063,0.42225,0.791474,0.924424,0.330913,0.383778,0.265536,0.368502,0.389446
data\dataset_cls\train\Non_fractured\IMG0000275.jpg,train,Non_fractured,0.28565,0.134588,0.5,0.5,0.584431,0.159963,0.214998,0.239104,0.165282
data\dataset_cls\train\Non_fractured\IMG0000276.jpg,train,Non_fractured,0.81014,1.0,0.5,0.5,0.384501,0.51374,0.41016,0.183125,0.239468
data\dataset_cls\train\Non_fractured\IMG0000277.jpg,train,Non_fractured,0.37974,0.203475,0.5,0.5,0.382577,0.242277,0.119069,0.201021,0.082365
data\dataset_cls\train\Non_fractured\IMG0000278.jpg,train,Non_fractured,0.648652,0.779202,0.791652,1.0,0.327691,0.633746,0.064417,0.281471,0.31233
data\dataset_cls\train\Non_fractured\IMG0000279.jpg,train,Non_fractured,0.228792,0.085089,0.227529,0.157639,0.610526,0.443397,0.191601,0.146482,0.333272
data\dataset_cls\train\Non_fractured\IMG0000280.jpg,train,Non_fractured,0.339529,0.109011,0.380858,0.106656,0.495938,0.435038,0.126431,0.112953,0.236163
data\dataset_cls\train\Non_fractured\IMG0000282.jpg,train,Non_fractured,0.72371,0.563053,0.49615,0.0,0.548386,0.44118,0.264878,0.347494,0.11407
data\dataset_cls\train\Non_fractured\IMG0000285.jpg,train,Non_fractured,0.185538,0.863338,0.5,0.5,0.317431,0.586015,0.260273,0.223348,0.065968
data\dataset_cls\train\Non_fractured\IMG0000286.jpg,train,Non_fractured,0.536109,0.281414,0.5,0.5,0.349009,0.392954,0.132835,0.115101,0.112707
data\dataset_cls\train\Non_fractured\IMG0000287.jpg,train,Non_fractured,0.718491,0.19065,0.833333,0.0,0.62904,0.473245,0.031796,0.245539,0.270305
data\dataset_cls\train\Non_fractured\IMG0000288.jpg,train,Non_fractured,0.754689,0.412516,0.155445,0.169127,0.287154,0.331972,0.371626,0.278751,0.115255
data\dataset_cls\train\Non_fractured\IMG0000289.jpg,train,Non_fractured,0.731922,0.75046,0.752484,0.7985,0.437095,0.542955,0.105751,0.150933,0.255338
data\dataset_cls\train\Non_fractured\IMG0000290.jpg,train,Non_fractured,0.519917,0.444093,0.080871,0.059634,0.49506,0.569194,0.177161,0.411944,0.248188
data\dataset_cls\train\Non_fractured\IMG0000291.jpg,train,Non_fractured,0.193741,0.996309,0.5,0.5,0.751909,0.691056,0.392957,0.229837,0.272695
data\dataset_cls\train\Non_fractured\IMG0000292.jpg,train,Non_fractured,0.907044,0.0,0.5,0.5,0.324087,0.18756,0.40178,0.281559,0.256359
data\dataset_cls\train\Non_fractured\IMG0000294.jpg,train,Non_fractured,0.633437,0.001047,0.240967,0.0,0.472339,0.573958,0.265302,0.282805,0.383006
data\dataset_cls\train\Non_fractured\IMG0000295.jpg,train,Non_fractured,0.500085,0.348333,0.150679,0.977041,0.319306,0.445712,0.299684,0.423483,0.144707
data\dataset_cls\train\Non_fractured\IMG0000296.jpg,train,Non_fractured,0.329971,0.241566,0.15932,0.100952,0.390229,0.317092,0.042717,0.179048,0.137376
data\dataset_cls\train\Non_fractured\IMG0000297.jpg,train,Non_fractured,0.338335,0.759687,0.5,0.5,0.360344,0.502016,0.182999,0.133034,0.093809
data\dataset_cls\train\Non_fractured\IMG0000299.jpg,train,Non_fractured,0.526789,0.284859,0.382975,0.071798,0.30045,0.194778,0.159481,0.113862,0.103537
data\dataset_cls\train\Non_fractured\IMG0000301.jpg,train,Non_fractured,0.571642,0.407183,0.794259,0.348689,0.331343,0.387246,0.0268,0.23079,0.234487
data\dataset_cls\train\Non_fractured\IMG0000304.jpg,train,Non_fractured,0.800363,0.400283,0.5,0.5,0.421073,0.337818,0.226891,0.114322,0.170107
data\dataset_cls\train\Non_fractured\IMG0000308.jpg,train,Non_fractured,0.180239,0.957862,0.5,0.5,0.597198,0.443789,0.406532,0.153064,0.255947
data\dataset_cls\train\Non_fractured\IMG0000310.jpg,train,Non_fractured,0.690332,0.211274,0.5,0.5,0.455884,0.606674,0.268425,0.077833,0.191392
data\dataset_cls\train\Non_fractured\IMG0000311.jpg,train,Non_fractured,0.890114,0.091036,1.0,1.0,0.43603,0.380842,0.415735,0.556701,0.356667
data\dataset_cls\train\Non_fractured\IMG0000312.jpg,train,Non_fractured,0.76121,0.799922,0.5,0.5,0.316891,0.420005,0.326591,0.077794,0.259312
data\dataset_cls\train\Non_fractured\IMG0000314.jpg,train,Non_fractured,0.659743,0.503643,0.999349,0.167084,0.619255,0.437154,0.167305,0.313752,0.155754
data\dataset_cls\train\Non_fractured\IMG0000316.jpg,train,Non_fractured,0.018397,0.699966,0.5,0.5,0.392267,0.580381,0.304403,0.21754,0.08967
data\dataset_cls\train\Non_fractured\IMG0000317.jpg,train,Non_fractured,0.912958,0.306536,0.874551,0.591555,0.63255,0.289618,0.138853,0.207088,0.20401
data\dataset_cls\train\Non_fractured\IMG0000318.jpg,train,Non_fractured,0.32918,0.456551,0.657243,0.194418,0.360253,0.407079,0.158491,0.261644,0.103999
data\dataset_cls\train\Non_fractured\IMG0000320.jpg,train,Non_fractured,0.611806,0.403727,0.543436,0.30728,0.626691,0.509095,0.018075,0.11153,0.107493
data\dataset_cls\train\Non_fractured\IMG0000323.jpg,train,Non_fractured,0.530282,0.449737,0.160194,0.314963,0.496719,0.365969,0.153005,0.243543,0.101576
data\dataset_cls\train\Non_fractured\IMG0000325.jpg,train,Non_fractured,0.324601,0.441814,1.0,0.47686,0.450746,0.394288,0.267213,0.410096,0.147553
data\dataset_cls\train\Non_fractured\IMG0000326.jpg,train,Non_fractured,0.879383,0.71998,0.0,0.223694,0.637281,0.537673,0.436936,0.573179,0.138846
data\dataset_cls\train\Non_fractured\IMG0000327.jpg,train,Non_fractured,0.730887,0.138892,0.755765,0.075541,0.472827,0.633945,0.163551,0.23126,0.39475
data\dataset_cls\train\Non_fractured\IMG0000328.jpg,train,Non_fractured,0.641609,0.978443,0.808041,0.435312,0.421527,0.208581,0.438029,0.212357,0.388895
data\dataset_cls\train\Non_fractured\IMG0000329.jpg,train,Non_fractured,0.257622,0.747938,0.03591,0.0,0.42176,0.352006,0.381772,0.418862,0.183913
data\dataset_cls\train\Non_fractured\IMG0000330.jpg,train,Non_fractured,0.5,0.5,0.5,0.5,0.52419,0.019729,0.160293,0.160293,0.320586
data\dataset_cls\train\Non_fractured\IMG0000331.jpg,train,Non_fractured,0.301591,0.325398,0.874845,0.463925,0.500695,0.460159,0.273094,0.319344,0.072878
data\dataset_cls\train\Non_fractured\IMG0000333.jpg,train,Non_fractured,0.509662,0.206069,0.654384,1.0,0.767105,0.339872,0.33705,0.484804,0.214486
data\dataset_cls\train\Non_fractured\IMG0000334.jpg,train,Non_fractured,0.31491,0.878911,0.927847,0.089983,0.771526,0.328659,0.57129,0.427879,0.144244
data\dataset_cls\train\Non_fractured\IMG0000335.jpg,train,Non_fractured,0.755782,0.281609,0.890668,0.11452,0.682162,0.196113,0.086636,0.141327,0.094051
data\dataset_cls\train\Non_fractured\IMG0000336.jpg,train,Non_fractured,0.471667,0.228744,0.5,0.5,0.501869,0.530862,0.192118,0.080615,0.111507
data\dataset_cls\train\Non_fractured\IMG0000337.jpg,train,Non_fractured,0.375604,0.741539,0.444985,0.922666,0.572738,0.403763,0.103047,0.234153,0.305405
data\dataset_cls\train\Non_fractured\IMG0000338.jpg,train,Non_fractured,0.910306,0.601192,1.0,0.5,0.418953,0.447155,0.15863,0.22416,0.364058
data\dataset_cls\train\Non_fractured\IMG0000339.jpg,train,Non_fractured,0.176283,0.119726,0.059758,0.112309,0.522495,0.411851,0.121936,0.218522,0.334077
data\dataset_cls\train\Non_fractured\IMG0000340.jpg,train,Non_fractured,0.5,0.5,0.5,0.5,0.525429,0.336553,0.055138,0.055138,0.110275
data\dataset_cls\train\Non_fractured\IMG0000342.jpg,train,Non_fractured,0.59167,0.639566,0.6177,0.89756,0.677768,0.490111,0.052019,0.222104,0.191922
data\dataset_cls\train\Non_fractured\IMG0000343.jpg,train,Non_fractured,0.754581,0.550314,0.104733,0.862952,0.378681,0.341676,0.343669,0.414837,0.245666
data\dataset_cls\train\Non_fractured\IMG0000344.jpg,train,Non_fractured,0.337238,0.037618,1.0,0.0,0.636661,0.239842,0.325388,0.354317,0.148888
data\dataset_cls\train\Non_fractured\IMG0000345.jpg,train,Non_fractured,0.131885,0.700186,0.5,0.5,0.375491,0.578247,0.23045,0.188622,0.042286
data\dataset_cls\train\Non_fractured\IMG0000346.jpg,train,Non_fractured,0.815896,0.749314,0.604486,0.395514,0.546275,0.235687,0.330626,0.082392,0.24967
data\dataset_cls\train\Non_fractured\IMG0000348.jpg,train,Non_fractured,0.5,0.5,0.5,0.5,0.770203,0.218353,0.1301,0.1301,0.260201
data\dataset_cls\train\Non_fractured\IMG0000349.jpg,train,Non_fractured,0.534053,0.653561,0.854849,0.642475,0.494467,0.427456,0.122628,0.237016,0.198484
data\dataset_cls\train\Non_fractured\IMG0000350.jpg,train,Non_fractured,0.321608,0.751678,0.528287,0.003679,0.280048,0.478453,0.344829,0.434885,0.117665
data\dataset_cls\train\Non_fractured\IMG0000354.jpg,train,Non_fractured,0.742223,0.659218,0.0,0.166667,0.727532,0.575123,0.317182,0.574649,0.261056
data\dataset_cls\train\Non_fractured\IMG0000356.jpg,train,Non_fractured,0.555752,0.774946,0.437935,0.600704,0.340834,0.428922,0.205856,0.006954,0.201516
data\dataset_cls\train\Non_fractured\IMG0000357.jpg,train,Non_fractured,0.681521,0.3707,0.19707,0.293394,0.424232,0.431868,0.247305,0.24787,0.067301
data\dataset_cls\train\Non_fractured\IMG0000358.jpg,train,Non_fractured,0.457458,0.264846,0.76656,0.292629,0.545987,0.207927,0.132899,0.180496,0.064543
data\dataset_cls\train\Non_fractured\IMG0000359.jpg,train,Non_fractured,0.593381,0.526062,0.5,0.5,0.482764,0.391981,0.086449,0.03729,0.091262
data\dataset_cls\train\Non_fractured\IMG0000360.jpg,train,Non_fractured,1.0,0.509436,0.0,0.563507,0.517256,0.412446,0.494455,0.510354,0.08348
data\dataset_cls\train\Non_fractured\IMG0000361.jpg,train,Non_fractured,0.733252,0.494907,1.0,0.5,0.487824,0.375202,0.038859,0.263227,0.26536
data\dataset_cls\train\Non_fractured\IMG0000363.jpg,train,Non_fractured,0.387531,0.409085,0.459227,0.121471,0.481352,0.552756,0.073117,0.240202,0.195511
data\dataset_cls\train\Non_fractured\IMG0000364.jpg,train,Non_fractured,0.276981,0.430841,0.323428,0.193569,0.508636,0.495858,0.109042,0.185706,0.185199
data\dataset_cls\train\Non_fractured\IMG0000365.jpg,train,Non_fractured,0.587735,0.873366,0.410275,0.304085,0.60507,0.552785,0.301385,0.299568,0.074659
data\dataset_cls\train\Non_fractured\IMG0000366.jpg,train,Non_fractured,0.292767,0.0,0.5,0.5,0.540796,0.539174,0.378175,0.16332,0.215486
data\dataset_cls\train\Non_fractured\IMG0000367.jpg,train,Non_fractured,0.570737,0.381314,0.0,0.807032,0.527464,0.428011,0.258239,0.453829,0.195755
data\dataset_cls\train\Non_fractured\IMG0000368.jpg,train,Non_fractured,0.315133,0.339842,0.037977,0.590256,0.67391,0.332006,0.085314,0.348404,0.343228
data\dataset_cls\train\Non_fractured\IMG0000369.jpg,train,Non_fractured,0.678868,0.299964,0.5,0.5,0.601635,0.278234,0.10402,0.168852,0.081572
data\dataset_cls\train\Non_fractured\IMG0000370.jpg,train,Non_fractured,0.2804,0.219606,0.5,0.5,0.589274,0.412865,0.236557,0.129984,0.13735
data\dataset_cls\train\Non_fractured\IMG0000371.jpg,train,Non_fractured,0.52824,0.498968,0.039669,0.636403,0.704658,0.413206,0.105467,0.402873,0.298779
data\dataset_cls\train\Non_fractured\IMG0000372.jpg,train,Non_fractured,0.5,0.0,0.5,0.5,0.606051,0.082565,0.19738,0.307848,0.13213
data\dataset_cls\train\Non_fractured\IMG0000373.jpg,train,Non_fractured,0.336049,0.251664,0.5,0.5,0.536293,0.515273,0.209424,0.088579,0.121895
data\dataset_cls\train\Non_fractured\IMG0000375.jpg,train,Non_fractured,0.066788,0.297321,0.334036,0.553251,0.51305,0.578698,0.297731,0.082265,0.232166
data\dataset_cls\train\Non_fractured\IMG0000376.jpg,train,Non_fractured,0.352479,0.337305,0.0,0.658719,0.408977,0.477981,0.182918,0.304042,0.155732
data\dataset_cls\train\Non_fractured\IMG0000378.jpg,train,Non_fractured,0.439227,0.196361,1.0,0.366168,0.541694,0.487897,0.269304,0.340071,0.181784
data\dataset_cls\train\Non_fractured\IMG0000379.jpg,train,Non_fractured,0.655971,0.40011,0.204129,0.218478,0.320748,0.428394,0.267288,0.230086,0.107769
data\dataset_cls\train\Non_fractured\IMG0000380.jpg,train,Non_fractured,0.762115,0.28702,0.320284,0.084067,0.429227,0.380598,0.260801,0.247844,0.149939
data\dataset_cls\train\Non_fractured\IMG0000381.jpg,train,Non_fractured,0.809095,0.289094,0.600529,0.84523,0.653604,0.446775,0.267098,0.329933,0.087217
data\dataset_cls\train\Non_fractured\IMG0000382.jpg,train,Non_fractured,0.606781,0.689857,0.366743,0.155957,0.524395,0.363902,0.306106,0.280573,0.046657
data\dataset_cls\train\Non_fractured\IMG0000384.jpg,train,Non_fractured,0.458857,0.653848,0.272878,0.05593,0.39828,0.500038,0.26371,0.362518,0.099149
data\dataset_cls\train\Non_fractured\IMG0000385.jpg,train,Non_fractured,0.80277,0.471296,0.003554,0.394978,0.509612,0.384824,0.368146,0.43565,0.077934
data\dataset_cls\train\Non_fractured\IMG0000386.jpg,train,Non_fractured,0.470103,0.622791,0.620444,0.658911,0.67426,0.327146,0.146448,0.126779,0.226125
data\dataset_cls\train\Non_fractured\IMG0000387.jpg,train,Non_fractured,0.564388,0.600209,0.227135,0.423972,0.538109,0.270497,0.20767,0.216209,0.186941
data\dataset_cls\train\Non_fractured\IMG0000388.jpg,train,Non_fractured,0.34975,0.179951,0.094024,0.044621,0.625843,0.431588,0.039359,0.314999,0.343274
data\dataset_cls\train\Non_fractured\IMG0000389.jpg,train,Non_fractured,0.539275,0.591027,0.280685,0.210334,0.56181,0.369306,0.215671,0.254412,0.103358
data\dataset_cls\train\Non_fractured\IMG0000390.jpg,train,Non_fractured,0.053349,0.516145,0.669469,0.928616,0.398944,0.296916,0.326979,0.45661,0.284745
data\dataset_cls\train\Non_fractured\IMG0000391.jpg,train,Non_fractured,0.657937,0.641371,0.628428,0.77131,0.395242,0.532821,0.097662,0.140326,0.201752
data\dataset_cls\train\Non_fractured\IMG0000392.jpg,train,Non_fractured,0.790675,0.654513,0.340173,0.173987,0.511027,0.200728,0.395258,0.267375,0.146895
data\dataset_cls\train\Non_fractured\IMG0000393.jpg,train,Non_fractured,0.05465,0.726061,0.0,0.916207,0.240968,0.506085,0.045002,0.223038,0.253771
data\dataset_cls\train\Non_fractured\IMG0000394.jpg,train,Non_fractured,0.0,0.0,0.0,0.050236,0.234611,0.504008,0.200618,0.155593,0.355514
data\dataset_cls\train\Non_fractured\IMG0000395.jpg,train,Non_fractured,0.797072,0.803171,0.5,0.5,0.522215,0.581869,0.258666,0.166733,0.096188
data\dataset_cls\train\Non_fractured\IMG0000396.jpg,train,Non_fractured,0.723991,0.373122,0.5,0.5,0.223812,0.410956,0.247555,0.074047,0.259352
data\dataset_cls\train\Non_fractured\IMG0000397.jpg,train,Non_fractured,0.261729,0.136979,0.65355,0.0,0.512431,0.340052,0.215304,0.238417,0.18469
data\dataset_cls\train\Non_fractured\IMG0000398.jpg,train,Non_fractured,0.606075,0.623522,0.828924,0.923956,0.286206,0.446083,0.052218,0.363907,0.361092
data\dataset_cls\train\Non_fractured\IMG0000400.jpg,train,Non_fractured,0.593581,0.436371,0.621446,0.303857,0.492064,0.312289,0.088986,0.07039,0.086081
data\dataset_cls\train\Non_fractured\IMG0000401.jpg,train,Non_fractured,0.683288,0.371617,0.344773,0.306454,0.416987,0.445119,0.201625,0.152841,0.095849
data\dataset_cls\train\Non_fractured\IMG0000402.jpg,train,Non_fractured,0.48856,0.662983,0.508349,0.223214,0.564669,0.462797,0.2157,0.226778,0.046055
data\dataset_cls\train\Non_fractured\IMG0000403.jpg,train,Non_fractured,0.226207,0.194807,0.658758,0.228354,0.636886,0.308346,0.28532,0.152263,0.14477
data\dataset_cls\train\Non_fractured\IMG0000404.jpg,train,Non_fractured,0.458646,0.804509,0.600034,0.904923,0.43856,0.44363,0.095776,0.212718,0.28066
data\dataset_cls\train\Non_fractured\IMG0000407.jpg,train,Non_fractured,0.470537,0.410085,0.046184,0.350849,0.627073,0.348791,0.097897,0.335623,0.246714
data\dataset_cls\train\Non_fractured\IMG0000408.jpg,train,Non_fractured,0.468923,0.298418,0.058395,0.198561,0.526994,0.303996,0.121617,0.300927,0.179414
data\dataset_cls\train\Non_fractured\IMG0000411.jpg,train,Non_fractured,0.5,0.5,0.5,0.5,0.388353,0.202313,0.105978,0.105978,0.211956
data\dataset_cls\train\Non_fractured\IMG0000412.jpg,train,Non_fractured,0.089649,0.114538,0.989976,0.3975,0.382285,0.238967,0.420203,0.523772,0.105631
data\dataset_cls\train\Non_fractured\IMG0000414.jpg,train,Non_fractured,0.856774,0.417856,0.387912,0.623715,0.465556,0.327638,0.289273,0.247343,0.165849
data\dataset_cls\train\Non_fractured\IMG0000415.jpg,train,Non_fractured,0.401317,0.568944,0.504217,0.528472,0.553172,0.485281,0.094463,0.018004,0.079174
data\dataset_cls\train\Non_fractured\IMG0000416.jpg,train,Non_fractured,0.693929,0.298879,0.651905,0.184315,0.434469,0.430086,0.100648,0.133588,0.202634
data\dataset_cls\train\Non_fractured\IMG0000417.jpg,train,Non_fractured,0.423323,0.275283,0.694244,0.221081,0.595227,0.482035,0.156122,0.161994,0.157784
data\dataset_cls\train\Non_fractured\IMG0000418.jpg,train,Non_fractured,0.618401,0.383923,0.878582,0.237358,0.689494,0.308509,0.132923,0.166414,0.039357
data\dataset_cls\train\Non_fractured\IMG0000419.jpg,train,Non_fractured,0.360624,0.65875,0.756325,0.029847,0.253854,0.296723,0.344064,0.422839,0.205542
data\dataset_cls\train\Non_fractured\IMG0000420.jpg,train,Non_fractured,0.774459,0.20257,0.294955,0.351148,0.504304,0.391041,0.273981,0.232459,0.078773
data\dataset_cls\train\Non_fractured\IMG0000421.jpg,train,Non_fractured,0.726935,0.314036,0.505893,0.103838,0.506719,0.398144,0.152973,0.183712,0.145804
data\dataset_cls\train\Non_fractured\IMG0000422.jpg,train,Non_fractured,0.15447,0.644913,0.893279,0.419644,0.589555,0.54935,0.405649,0.367104,0.045242
data\dataset_cls\train\Non_fractured\IMG0000425.jpg,train,Non_fractured,0.687489,0.341476,0.053639,0.495759,0.537181,0.462531,0.277031,0.377672,0.114871
data\dataset_cls\train\Non_fractured\IMG0000426.jpg,train,Non_fractured,0.487169,0.471948,0.075924,0.695265,0.36318,0.535057,0.202352,0.265622,0.063319
data\dataset_cls\train\Non_fractured\IMG0000427.jpg,train,Non_fractured,0.918105,0.60025,0.0,0.551013,0.471499,0.549437,0.456125,0.463474,0.019334
data\dataset_cls\train\Non_fractured\IMG0000429.jpg,train,Non_fractured,0.895197,0.198038,0.789314,0.295444,0.532401,0.646104,0.239722,0.09829,0.336981
data\dataset_cls\train\Non_fractured\IMG0000431.jpg,train,Non_fractured,0.570572,0.3422,0.357761,0.80219,0.484358,0.433048,0.208923,0.298637,0.093736
data\dataset_cls\train\Non_fractured\IMG0000432.jpg,train,Non_fractured,0.390487,0.357966,0.103094,0.663874,0.336486,0.446013,0.173765,0.246205,0.073811
data\dataset_cls\train\Non_fractured\IMG0000433.jpg,train,Non_fractured,0.429725,0.510153,0.99685,0.164435,0.664374,0.426038,0.303242,0.361804,0.067554
data\dataset_cls\train\Non_fractured\IMG0000434.jpg,train,Non_fractured,0.421664,0.552653,0.990489,0.25264,0.524068,0.520998,0.249567,0.393669,0.144736
data\dataset_cls\train\Non_fractured\IMG0000435.jpg,train,Non_fractured,0.098964,0.137593,0.403545,0.869888,0.506613,0.491208,0.432881,0.376368,0.170444
data\dataset_cls\train\Non_fractured\IMG0000437.jpg,train,Non_fractured,0.0,0.0,0.5,0.5,0.275191,0.327795,0.378031,0.329513,0.054514
data\dataset_cls\train\Non_fractured\IMG0000438.jpg,train,Non_fractured,0.757818,0.100512,0.5,0.5,0.492395,0.748219,0.390214,0.097462,0.312201
data\dataset_cls\train\Non_fractured\IMG0000439.jpg,train,Non_fractured,0.674223,0.122429,0.521969,0.91582,0.645735,0.260838,0.316389,0.491479,0.175095
data\dataset_cls\train\Non_fractured\IMG0000441.jpg,train,Non_fractured,0.754474,0.276179,0.5,0.5,0.426544,0.582048,0.262417,0.076643,0.186068
data\dataset_cls\train\Non_fractured\IMG0000445.jpg,train,Non_fractured,0.769919,0.757003,0.765461,0.681494,0.425697,0.350576,0.198281,0.140501,0.335247
data\dataset_cls\train\Non_fractured\IMG0000446.jpg,train,Non_fractured,0.416389,0.195618,0.897846,0.786509,0.508857,0.351722,0.314005,0.448416,0.135642
data\dataset_cls\train\Non_fractured\IMG0000447.jpg,train,Non_fractured,0.336975,0.241763,0.556244,0.080152,0.467477,0.449822,0.117614,0.204707,0.193078
data\dataset_cls\train\Non_fractured\IMG0000450.jpg,train,Non_fractured,0.111512,0.454087,1.0,0.491518,0.346006,0.357124,0.374853,0.517341,0.159689
data\dataset_cls\train\Non_fractured\IMG0000452.jpg,train,Non_fractured,0.335933,0.304271,0.0,0.333333,0.468249,0.454136,0.090354,0.269799,0.21958
data\dataset_cls\train\Non_fractured\IMG0000457.jpg,train,Non_fractured,0.375275,0.236761,1.0,0.08599,0.611065,0.285848,0.288834,0.35753,0.097426
data\dataset_cls\train\Non_fractured\IMG0000459.jpg,train,Non_fractured,0.436771,0.689031,0.282221,0.956611,0.464376,0.302393,0.058013,0.327122,0.353927
data\dataset_cls\train\Non_fractured\IMG0000460.jpg,train,Non_fractured,0.639001,0.821324,0.04147,0.444732,0.664026,0.571099,0.282973,0.439896,0.219773
data\dataset_cls\train\Non_fractured\IMG0000461.jpg,train,Non_fractured,0.250926,1.0,0.0,0.666667,0.39129,0.445685,0.298169,0.217323,0.313358
data\dataset_cls\train\Non_fractured\IMG0000462.jpg,train,Non_fractured,0.676929,0.036386,0.5,0.5,0.174589,0.406068,0.358359,0.192326,0.290824
data\dataset_cls\train\Non_fractured\IMG0000463.jpg,train,Non_fractured,0.0,0.0,0.5,0.5,0.281765,0.270727,0.365935,0.341191,0.025286
data\dataset_cls\train\Non_fractured\IMG0000464.jpg,train,Non_fractured,0.497748,0.72079,0.5,0.5,0.492107,0.076471,0.288372,0.067664,0.355978
data\dataset_cls\train\Non_fractured\IMG0000465.jpg,train,Non_fractured,0.378293,0.567607,0.595948,0.943222,0.408409,0.549005,0.144856,0.289985,0.147272
data\dataset_cls\train\Non_fractured\IMG0000473.jpg,train,Non_fractured,0.257238,0.515763,0.897452,0.43188,0.441689,0.287597,0.29391,0.36588,0.153597
data\dataset_cls\train\Non_fractured\IMG0000474.jpg,train,Non_fractured,0.660692,0.52267,0.763639,0.120007,0.455962,0.284403,0.216321,0.233373,0.172568
data\dataset_cls\train\Non_fractured\IMG0000475.jpg,train,Non_fractured,0.365421,0.60695,1.0,0.5,0.420445,0.43752,0.247642,0.404982,0.19117
data\dataset_cls\train\Non_fractured\IMG0000478.jpg,train,Non_fractured,0.449,0.263306,0.272332,0.121739,0.43978,0.495554,0.068942,0.206568,0.208793
data\dataset_cls\train\Non_fractured\IMG0000482.jpg,train,Non_fractured,0.732083,0.652516,0.101031,0.602714,0.604462,0.429025,0.268799,0.380409,0.182265
data\dataset_cls\train\Non_fractured\IMG0000483.jpg,train,Non_fractured,0.644037,0.006934,0.5,0.5,0.358611,0.188489,0.266574,0.268194,0.148721
data\dataset_cls\train\Non_fractured\IMG0000484.jpg,train,Non_fractured,0.871958,0.288854,0.865452,0.108566,0.352313,0.32483,0.181861,0.214458,0.35438
data\dataset_cls\train\Non_fractured\IMG0000488.jpg,train,Non_fractured,0.254515,0.732013,0.55593,0.226132,0.544198,0.293247,0.371447,0.217661,0.154697
data\dataset_cls\train\Non_fractured\IMG0000490.jpg,train,Non_fractured,0.308226,0.811998,0.56299,0.854472,0.39471,0.306749,0.191662,0.242051,0.352048
data\dataset_cls\train\Non_fractured\IMG0000491.jpg,train,Non_fractured,0.606767,0.834746,0.137592,0.667005,0.473104,0.418156,0.279852,0.269588,0.231793
data\dataset_cls\train\Non_fractured\IMG0000493.jpg,train,Non_fractured,0.0,0.196755,0.5,0.5,0.30019,0.536154,0.3421,0.249682,0.129579
data\dataset_cls\train\Non_fractured\IMG0000495.jpg,train,Non_fractured,0.467177,0.41556,0.350552,0.574946,0.422048,0.449827,0.084107,0.113692,0.031534
data\dataset_cls\train\Non_fractured\IMG0000496.jpg,train,Non_fractured,0.259727,0.568281,0.048037,0.301166,0.441633,0.439994,0.132175,0.242936,0.191867
data\dataset_cls\train\Non_fractured\IMG0000497.jpg,train,Non_fractured,0.337957,0.551394,0.5,0.5,0.354664,0.558502,0.061384,0.108811,0.048132
data\dataset_cls\train\Non_fractured\IMG0000498.jpg,train,Non_fractured,0.099875,0.133884,0.317397,0.322111,0.496539,0.416544,0.257975,0.033781,0.229432
data\dataset_cls\train\Non_fractured\IMG0000499.jpg,train,Non_fractured,0.621644,0.403858,0.8136,0.133623,0.621366,0.425035,0.104759,0.226825,0.122371
data\dataset_cls\train\Non_fractured\IMG0000500.jpg,train,Non_fractured,0.414489,0.817199,0.99722,0.248862,0.597744,0.531319,0.382451,0.433151,0.072083
data\dataset_cls\train\Non_fractured\IMG0000503.jpg,train,Non_fractured,0.229267,0.470397,0.462775,0.783099,0.425408,0.393944,0.16344,0.250772,0.163979
data\dataset_cls\train\Non_fractured\IMG0000505.jpg,train,Non_fractured,0.343161,0.21289,0.002575,0.558157,0.330016,0.347019,0.198591,0.289798,0.107865
data\dataset_cls\train\Non_fractured\IMG0000506.jpg,train,Non_fractured,0.693891,0.1174,0.188606,0.162684,0.462407,0.327706,0.259947,0.262744,0.125902
data\dataset_cls\train\Non_fractured\IMG0000507.jpg,train,Non_fractured,0.30877,0.571189,0.511699,0.817523,0.604198,0.380788,0.167162,0.230646,0.245806
data\dataset_cls\train\Non_fractured\IMG0000508.jpg,train,Non_fractured,0.736966,0.544209,0.010004,0.751543,0.743164,0.517492,0.247684,0.50846,0.261332
data\dataset_cls\train\Non_fractured\IMG0000509.jpg,train,Non_fractured,0.588945,0.451259,0.599115,0.150253,0.577446,0.465951,0.095439,0.205842,0.110684
data\dataset_cls\train\Non_fractured\IMG0000510.jpg,train,Non_fractured,0.246254,0.390808,0.817818,0.365447,0.460203,0.476433,0.262607,0.313043,0.081169
data\dataset_cls\train\Non_fractured\IMG0000511.jpg,train,Non_fractured,0.825358,0.228455,0.362777,0.81208,0.669202,0.602097,0.379941,0.368357,0.074061
data\dataset_cls\train\Non_fractured\IMG0000512.jpg,train,Non_fractured,0.520463,0.487912,0.724843,0.114593,0.52222,0.3071,0.197077,0.232334,0.067069
data\dataset_cls\train\Non_fractured\IMG0000513.jpg,train,Non_fractured,0.819091,0.280827,0.5,1.0,0.741419,0.21868,0.255843,0.533922,0.286405
data\dataset_cls\train\Non_fractured\IMG0000514.jpg,train,Non_fractured,0.648968,0.859513,0.256293,0.960322,0.401994,0.43444,0.239049,0.275397,0.318778
data\dataset_cls\train\Non_fractured\IMG0000516.jpg,train,Non_fractured,0.760287,0.760512,0.487051,0.998874,0.373441,0.39691,0.223953,0.285117,0.362518
data\dataset_cls\train\Non_fractured\IMG0000517.jpg,train,Non_fractured,0.129265,0.566466,0.5,0.5,0.32223,0.74883,0.19183,0.210889,0.143821
data\dataset_cls\train\Non_fractured\IMG0000520.jpg,train,Non_fractured,0.382885,0.203853,0.5,0.5,0.507369,0.217275,0.130896,0.196395,0.09995
data\dataset_cls\train\Non_fractured\IMG0000521.jpg,train,Non_fractured,0.267405,0.958106,0.5,0.5,0.360801,0.202556,0.418891,0.135007,0.35133
data\dataset_cls\train\Non_fractured\IMG0000522.jpg,train,Non_fractured,0.295786,0.048941,0.5,0.5,0.642921,0.167956,0.264358,0.261833,0.178118
data\dataset_cls\train\Non_fractured\IMG0000523.jpg,train,Non_fractured,0.85071,0.239442,0.5,0.5,0.294103,0.36612,0.328833,0.140061,0.25418
data\dataset_cls\train\Non_fractured\IMG0000524.jpg,train,Non_fractured,0.490518,0.304213,0.609659,0.065922,0.425592,0.358428,0.063965,0.203765,0.142288
data\dataset_cls\train\Non_fractured\IMG0000525.jpg,train,Non_fractured,0.305542,0.367527,0.514891,0.220414,0.608043,0.355084,0.178714,0.1016,0.138034
data\dataset_cls\train\Non_fractured\IMG0000526.jpg,train,Non_fractured,0.388656,0.714164,0.04447,0.224663,0.641638,0.462654,0.248868,0.396568,0.283419
data\dataset_cls\train\Non_fractured\IMG0000527.jpg,train,Non_fractured,0.183442,0.521715,0.0,0.351906,0.379331,0.4295,0.08744,0.204918,0.191802
data\dataset_cls\train\Non_fractured\IMG0000528.jpg,train,Non_fractured,0.276575,0.45772,0.102343,0.226889,0.256353,0.377491,0.12228,0.167741,0.050389
data\dataset_cls\train\Non_fractured\IMG0000529.jpg,train,Non_fractured,0.840374,0.656457,0.857714,0.796608,0.738174,0.616589,0.04379,0.116067,0.104094
data\dataset_cls\train\Non_fractured\IMG0000530.jpg,train,Non_fractured,0.0,0.0,1.0,0.666667,0.158943,0.319615,0.507269,0.700565,0.227555
data\dataset_cls\train\Non_fractured\IMG0000531.jpg,train,Non_fractured,0.537059,0.7699,0.314657,0.888398,0.286696,0.470827,0.168693,0.190081,0.256265
data\dataset_cls\train\Non_fractured\IMG0000532.jpg,train,Non_fractured,0.186486,0.500243,0.040211,0.568843,0.339902,0.44149,0.004054,0.162373,0.163279
data\dataset_cls\train\Non_fractured\IMG0000533.jpg,train,Non_fractured,0.511002,0.364001,0.5,0.5,0.633327,0.247373,0.037665,0.138187,0.149706
data\dataset_cls\train\Non_fractured\IMG0000534.jpg,train,Non_fractured,0.800705,0.531503,0.852768,0.194857,0.615668,0.481569,0.13627,0.229054,0.161336
data\dataset_cls\train\Non_fractured\IMG0000535.jpg,train,Non_fractured,0.652755,0.316604,0.947344,0.860223,0.5962,0.359071,0.21086,0.409406,0.204562
data\dataset_cls\train\Non_fractured\IMG0000536.jpg,train,Non_fractured,0.831201,0.594162,0.5,0.5,0.650329,0.199786,0.235911,0.174588,0.231753
data\dataset_cls\train\Non_fractured\IMG0000538.jpg,train,Non_fractured,0.922878,0.396703,0.601793,0.83701,0.452353,0.463891,0.31344,0.277113,0.230446
data\dataset_cls\train\Non_fractured\IMG0000539.jpg,train,Non_fractured,0.816372,0.470084,0.4432,0.628577,0.584978,0.566784,0.21874,0.186696,0.032058
data\dataset_cls\train\Non_fractured\IMG0000540.jpg,train,Non_fractured,0.333333,0.427606,0.299461,0.862469,0.387385,0.365715,0.124506,0.313182,0.192134
data\dataset_cls\train\Non_fractured\IMG0000542.jpg,train,Non_fractured,0.572417,0.692811,0.579596,0.872077,0.527694,0.39514,0.041405,0.219619,0.260204
data\dataset_cls\train\Non_fractured\IMG0000544.jpg,train,Non_fractured,0.806002,0.447763,0.392734,0.866615,0.7051,0.451545,0.221858,0.368476,0.154155
data\dataset_cls\train\Non_fractured\IMG0000545.jpg,train,Non_fractured,0.5,0.5,0.5,0.5,0.468662,0.346145,0.052338,0.052338,0.104676
data\dataset_cls\train\Non_fractured\IMG0000546.jpg,train,Non_fractured,0.0,0.708506,0.5,0.5,0.398325,0.404762,0.344704,0.204081,0.165727
data\dataset_cls\train\Non_fractured\IMG0000547.jpg,train,Non_fractured,0.558664,0.58362,0.964153,0.374794,0.474199,0.405425,0.167611,0.308969,0.19769
data\dataset_cls\train\Non_fractured\IMG0000548.jpg,train,Non_fractured,0.706254,0.770443,0.870209,0.586108,0.539125,0.22892,0.241955,0.174783,0.342523
data\dataset_cls\train\Non_fractured\IMG0000549.jpg,train,Non_fractured,0.261154,0.419435,0.787562,0.733159,0.516856,0.473591,0.288104,0.327288,0.068653
data\dataset_cls\train\Non_fractured\IMG0000550.jpg,train,Non_fractured,0.51064,0.872631,0.0,0.142442,0.391231,0.372749,0.46068,0.439181,0.12761
data\dataset_cls\train\Non_fractured\IMG0000551.jpg,train,Non_fractured,0.302362,0.133211,0.172279,0.060522,0.373441,0.460149,0.087002,0.192297,0.258631
data\dataset_cls\train\Non_fractured\IMG0000552.jpg,train,Non_fractured,0.461809,0.313937,0.624032,0.375875,0.527745,0.446074,0.099845,0.086214,0.0682
data\dataset_cls\train\Non_fractured\IMG0000553.jpg,train,Non_fractured,0.689887,0.512057,0.405399,0.340832,0.350151,0.452767,0.221809,0.12144,0.132826
data\dataset_cls\train\Non_fractured\IMG0000554.jpg,train,Non_fractured,0.763874,0.736482,0.129851,0.722151,0.486353,0.400653,0.325495,0.345686,0.220685
data\dataset_cls\train\Non_fractured\IMG0000555.jpg,train,Non_fractured,0.390997,0.034863,0.5,0.5,0.507888,0.319207,0.260928,0.217932,0.05405
data\dataset_cls\train\Non_fractured\IMG0000558.jpg,train,Non_fractured,0.788543,0.172079,0.0,0.662282,0.376977,0.406072,0.467229,0.461347,0.013703
data\dataset_cls\train\Non_fractured\IMG0000559.jpg,train,Non_fractured,0.089274,0.208229,0.466318,0.450242,0.470226,0.292778,0.275116,0.182212,0.130569
data\dataset_cls\train\Non_fractured\IMG0000560.jpg,train,Non_fractured,0.818252,0.547897,0.5,0.5,0.451834,0.434937,0.234437,0.09021,0.150396
data\dataset_cls\train\Non_fractured\IMG0000562.jpg,train,Non_fractured,0.0812,0.062705,0.0,0.122202,0.378113,0.307668,0.124378,0.158758,0.26686
data\dataset_cls\train\Non_fractured\IMG0000563.jpg,train,Non_fractured,0.645736,0.386497,0.5,0.5,0.554648,0.561874,0.124515,0.068976,0.080011
data\dataset_cls\train\Non_fractured\IMG0000564.jpg,train,Non_fractured,0.605442,0.361518,0.5,0.5,0.401352,0.35227,0.111809,0.095431,0.113672
data\dataset_cls\train\Non_fractured\IMG0000565.jpg,train,Non_fractured,0.341353,0.263217,0.5,0.5,0.320669,0.487376,0.160382,0.140013,0.097041
data\dataset_cls\train\Non_fractured\IMG0000566.jpg,train,Non_fractured,0.189086,0.197545,0.968162,0.106783,0.519536,0.367388,0.37078,0.425664,0.148792
data\dataset_cls\train\Non_fractured\IMG0000569.jpg,train,Non_fractured,0.291131,0.300158,1.0,0.104529,0.409022,0.427265,0.276531,0.466465,0.217606
data\dataset_cls\train\Non_fractured\IMG0000570.jpg,train,Non_fractured,0.488939,0.852569,0.070484,1.0,0.434658,0.713708,0.157604,0.298259,0.17537
data\dataset_cls\train\Non_fractured\IMG0000572.jpg,train,Non_fractured,0.760812,0.779872,0.282936,0.194051,0.430393,0.460904,0.404418,0.352467,0.063413
data\dataset_cls\train\Non_fractured\IMG0000573.jpg,train,Non_fractured,0.43204,0.486792,0.755281,0.231029,0.339696,0.486754,0.114866,0.299534,0.189552
data\dataset_cls\train\Non_fractured\IMG0000574.jpg,train,Non_fractured,0.780741,0.808011,0.744257,0.505382,0.742708,0.430722,0.227996,0.076877,0.151226
data\dataset_cls\train\Non_fractured\IMG0000575.jpg,train,Non_fractured,0.672415,0.292877,0.0,0.27965,0.641812,0.425683,0.237705,0.441281,0.223936
data\dataset_cls\train\Non_fractured\IMG0000576.jpg,train,Non_fractured,0.824971,0.200772,0.5,0.5,0.655036,0.179639,0.189229,0.261257,0.11394
data\dataset_cls\train\Non_fractured\IMG0000577.jpg,train,Non_fractured,0.686074,0.927317,0.0,0.706845,0.33568,0.427448,0.420735,0.341151,0.259802
data\dataset_cls\train\Non_fractured\IMG0000578.jpg,train,Non_fractured,0.627124,0.369245,0.396765,0.888953,0.473336,0.392614,0.221736,0.353798,0.159744
data\dataset_cls\train\Non_fractured\IMG0000579.jpg,train,Non_fractured,0.402025,0.130089,0.0,0.333333,0.649642,0.459444,0.184843,0.351497,0.335414
data\dataset_cls\train\Non_fractured\IMG0000580.jpg,train,Non_fractured,0.546839,0.317652,0.567419,0.17517,0.424759,0.345063,0.051146,0.117485,0.110059
data\dataset_cls\train\Non_fractured\IMG0000583.jpg,train,Non_fractured,0.612356,0.612891,0.593365,0.797818,0.473255,0.37762,0.055305,0.204505,0.234954
data\dataset_cls\train\Non_fractured\IMG0000584.jpg,train,Non_fractured,0.833333,1.0,0.0,0.0,0.323657,0.423669,0.690289,0.611506,0.080214
data\dataset_cls\train\Non_fractured\IMG0000585.jpg,train,Non_fractured,0.518367,0.738735,0.682544,0.489186,0.595617,0.22653,0.266366,0.083815,0.258307
data\dataset_cls\train\Non_fractured\IMG0000586.jpg,train,Non_fractured,0.980499,0.614759,0.566448,0.360102,0.419931,0.468223,0.351321,0.150253,0.236043
data\dataset_cls\train\Non_fractured\IMG0000589.jpg,train,Non_fractured,0.641184,0.697685,0.874264,0.123602,0.614774,0.176792,0.371436,0.265852,0.182722
data\dataset_cls\train\Non_fractured\IMG0000590.jpg,train,Non_fractured,0.487637,0.331529,0.52071,0.129562,0.523525,0.41439,0.045877,0.162578,0.12324
data\dataset_cls\train\Non_fractured\IMG0000591.jpg,train,Non_fractured,0.302895,0.713726,0.440858,0.56102,0.522791,0.412537,0.192667,0.01873,0.180525
data\dataset_cls\train\Non_fractured\IMG0000593.jpg,train,Non_fractured,0.472838,0.757999,0.373993,0.430612,0.293566,0.498476,0.216491,0.131893,0.107588
data\dataset_cls\train\Non_fractured\IMG0000594.jpg,train,Non_fractured,0.563462,0.404817,0.178212,0.344972,0.306661,0.259457,0.224682,0.171446,0.088051
data\dataset_cls\train\Non_fractured\IMG0000595.jpg,train,Non_fractured,0.321217,0.6627,0.856252,0.601034,0.54281,0.394957,0.275075,0.286893,0.16088
data\dataset_cls\train\Non_fractured\IMG0000597.jpg,train,Non_fractured,0.61817,0.401701,0.359069,0.061804,0.678751,0.445899,0.118719,0.308969,0.190915
data\dataset_cls\train\Non_fractured\IMG0000598.jpg,train,Non_fractured,0.678422,0.38356,0.297686,0.542921,0.650725,0.588034,0.182328,0.247539,0.136683
data\dataset_cls\train\Non_fractured\IMG0000601.jpg,train,Non_fractured,0.802944,0.529048,0.251136,0.903703,0.616595,0.512777,0.27352,0.398259,0.148282
data\dataset_cls\train\Non_fractured\IMG0000602.jpg,train,Non_fractured,0.650186,0.478703,0.236346,0.633805,0.643049,0.500111,0.152161,0.289961,0.138348
data\dataset_cls\train\Non_fractured\IMG0000603.jpg,train,Non_fractured,0.302848,0.291274,0.858985,0.709257,0.367015,0.460768,0.284782,0.41402,0.145012
data\dataset_cls\train\Non_fractured\IMG0000604.jpg,train,Non_fractured,0.607244,0.213467,1.0,0.312769,0.43468,0.513202,0.151919,0.321133,0.297142
data\dataset_cls\train\Non_fractured\IMG0000605.jpg,train,Non_fractured,0.605063,0.256596,0.391573,0.550264,0.343478,0.5274,0.245927,0.119046,0.132235
data\dataset_cls\train\Non_fractured\IMG0000606.jpg,train,Non_fractured,0.34418,0.612568,0.072796,0.793122,0.417113,0.473673,0.067592,0.264384,0.206607
data\dataset_cls\train\Non_fractured\IMG0000607.jpg,train,Non_fractured,0.59474,0.666527,0.0,0.870331,0.615085,0.452789,0.191494,0.453351,0.298568
data\dataset_cls\train\Non_fractured\IMG0000608.jpg,train,Non_fractured,0.653046,0.551193,0.065473,0.874458,0.499574,0.532992,0.267127,0.406295,0.152064
data\dataset_cls\train\Non_fractured\IMG0000610.jpg,train,Non_fractured,0.694883,0.270126,0.676042,0.781139,0.30815,0.384589,0.248487,0.324124,0.268541
data\dataset_cls\train\Non_fractured\IMG0000611.jpg,train,Non_fractured,0.708972,0.360596,0.107434,0.077539,0.46196,0.472039,0.288576,0.390604,0.172413
data\dataset_cls\train\Non_fractured\IMG0000612.jpg,train,Non_fractured,0.7351,0.524809,0.001179,0.726128,0.655424,0.56013,0.282438,0.478647,0.196414
data\dataset_cls\train\Non_fractured\IMG0000613.jpg,train,Non_fractured,0.649893,0.488435,0.149305,0.689958,0.646624,0.468186,0.178491,0.361324,0.183382
data\dataset_cls\train\Non_fractured\IMG0000614.jpg,train,Non_fractured,0.305617,0.351537,0.042455,0.423762,0.48653,0.522606,0.085607,0.235912,0.226927
data\dataset_cls\train\Non_fractured\IMG0000616.jpg,train,Non_fractured,0.410771,0.525566,0.156154,0.40201,0.574681,0.444297,0.07467,0.23109,0.19458
data\dataset_cls\train\Non_fractured\IMG0000617.jpg,train,Non_fractured,0.05081,0.2796,0.5,0.5,0.368595,0.693466,0.331754,0.19374,0.211762
data\dataset_cls\train\Non_fractured\IMG0000618.jpg,train,Non_fractured,0.463746,0.564568,0.0,0.401641,0.66609,0.453087,0.126329,0.383331,0.290168
data\dataset_cls\train\Non_fractured\IMG0000619.jpg,train,Non_fractured,0.482522,0.297669,0.5,0.5,0.438432,0.323938,0.076715,0.128854,0.061102
data\dataset_cls\train\Non_fractured\IMG0000621.jpg,train,Non_fractured,0.416652,0.607026,0.122187,0.84874,0.559241,0.437796,0.056095,0.326783,0.273372
data\dataset_cls\train\Non_fractured\IMG0000622.jpg,train,Non_fractured,0.222111,0.036867,0.0,0.949807,0.145896,0.281323,0.398408,0.541226,0.143238
data\dataset_cls\train\Non_fractured\IMG0000624.jpg,train,Non_fractured,0.752216,0.808232,1.0,0.0,0.291491,0.380838,0.417947,0.508635,0.390053
data\dataset_cls\train\Non_fractured\IMG0000625.jpg,train,Non_fractured,0.70514,0.536894,0.293873,0.065908,0.486398,0.298936,0.316142,0.309157,0.008892
data\dataset_cls\train\Non_fractured\IMG0000626.jpg,train,Non_fractured,0.403941,0.636732,0.120365,0.282075,0.390466,0.532773,0.182138,0.273458,0.098539
data\dataset_cls\train\Non_fractured\IMG0000627.jpg,train,Non_fractured,0.737295,0.49444,0.652023,0.194905,0.508649,0.362426,0.177883,0.156885,0.124571
data\dataset_cls\train\Non_fractured\IMG0000628.jpg,train,Non_fractured,0.444873,0.227629,0.0,0.0,0.302641,0.471424,0.195776,0.34115,0.244329
data\dataset_cls\train\Non_fractured\IMG0000629.jpg,train,Non_fractured,0.270065,0.07189,0.5,0.5,0.306988,0.265801,0.225616,0.261945,0.053735
data\dataset_cls\train\Non_fractured\IMG0000630.jpg,train,Non_fractured,0.077439,0.183979,0.247025,0.106682,0.372035,0.421107,0.163643,0.131417,0.231008
data\dataset_cls\train\Non_fractured\IMG0000631.jpg,train,Non_fractured,0.035254,0.0,0.5,0.5,0.276257,0.324944,0.36188,0.321406,0.050293
data\dataset_cls\train\Non_fractured\IMG0000632.jpg,train,Non_fractured,0.732527,0.732466,0.185755,0.268544,0.488366,0.482293,0.3552,0.362198,0.022957
data\dataset_cls\train\Non_fractured\IMG0000633.jpg,train,Non_fractured,0.850255,0.767458,0.0,0.648829,0.352172,0.416248,0.475951,0.402605,0.200583
data\dataset_cls\train\Non_fractured\IMG0000635.jpg,train,Non_fractured,0.470204,0.285881,0.23977,0.350145,0.397817,0.392406,0.115888,0.129701,0.057228
data\dataset_cls\train\Non_fractured\IMG0000636.jpg,train,Non_fractured,0.918735,0.149945,0.973478,0.140145,0.700784,0.529986,0.134872,0.172217,0.304312
data\dataset_cls\train\Non_fractured\IMG0000637.jpg,train,Non_fractured,0.74868,0.232286,0.770214,0.254739,0.512477,0.456916,0.109104,0.110701,0.217598
data\dataset_cls\train\Non_fractured\IMG0000638.jpg,train,Non_fractured,0.788018,0.206507,0.5,0.5,0.42644,0.592689,0.313393,0.097931,0.215681
data\dataset_cls\train\Non_fractured\IMG0000639.jpg,train,Non_fractured,0.311655,0.681005,0.5,0.5,0.195704,0.434413,0.144561,0.16866,0.174504
data\dataset_cls\train\Non_fractured\IMG0000640.jpg,train,Non_fractured,0.941879,0.588908,0.5,0.5,0.407352,0.494318,0.331167,0.11967,0.211714
data\dataset_cls\train\Non_fractured\IMG0000641.jpg,train,Non_fractured,0.026363,0.247303,0.682589,0.086002,0.571461,0.372405,0.400623,0.296137,0.199351
data\dataset_cls\train\Non_fractured\IMG0000642.jpg,train,Non_fractured,0.689916,0.484587,0.882251,0.51171,0.633729,0.431513,0.0462,0.151243,0.110859
data\dataset_cls\train\Non_fractured\IMG0000643.jpg,train,Non_fractured,0.274395,0.250736,0.093422,0.217279,0.710321,0.652041,0.149188,0.30837,0.448138
data\dataset_cls\train\Non_fractured\IMG0000644.jpg,train,Non_fractured,0.451943,0.302756,0.105993,0.565117,0.487171,0.453475,0.172299,0.272559,0.139412
data\dataset_cls\train\Non_fractured\IMG0000645.jpg,train,Non_fractured,0.522667,0.286085,0.745203,0.520967,0.355768,0.338814,0.097648,0.246853,0.190397
data\dataset_cls\train\Non_fractured\IMG0000646.jpg,train,Non_fractured,0.160696,0.748412,0.5,0.5,0.57695,0.418325,0.317198,0.103619,0.214165
data\dataset_cls\train\Non_fractured\IMG0000647.jpg,train,Non_fractured,0.424348,0.153071,0.0,0.382276,0.487556,0.384399,0.195082,0.313251,0.1994
data\dataset_cls\train\Non_fractured\IMG0000648.jpg,train,Non_fractured,0.20101,0.426611,0.600714,0.818279,0.321457,0.499158,0.232391,0.327653,0.097763
data\dataset_cls\train\Non_fractured\IMG0000649.jpg,train,Non_fractured,0.641398,0.696603,0.111305,0.660919,0.555554,0.512621,0.217978,0.326943,0.162913
data\dataset_cls\train\Non_fractured\IMG0000650.jpg,train,Non_fractured,0.440095,0.871442,0.498235,0.988863,0.59879,0.481432,0.116105,0.208763,0.311379
data\dataset_cls\train\Non_fractured\IMG0000651.jpg,train,Non_fractured,0.33175,0.239438,0.987563,0.085021,0.333335,0.70078,0.241839,0.506555,0.4198
data\dataset_cls\train\Non_fractured\IMG0000654.jpg,train,Non_fractured,0.610475,0.438494,0.262532,0.434014,0.491299,0.412352,0.156041,0.192322,0.039854
data\dataset_cls\train\Non_fractured\IMG0000656.jpg,train,Non_fractured,0.736517,0.119148,1.0,0.136645,0.471027,0.370148,0.089501,0.273789,0.310182
data\dataset_cls\train\Non_fractured\IMG0000657.jpg,train,Non_fractured,0.480216,0.319786,0.0,0.121844,0.55616,0.241303,0.163247,0.361297,0.211143
data\dataset_cls\train\Non_fractured\IMG0000658.jpg,train,Non_fractured,0.059951,0.16933,0.627284,0.0,0.520279,0.38916,0.342967,0.29186,0.234688
data\dataset_cls\train\Non_fractured\IMG0000660.jpg,train,Non_fractured,0.341229,0.467594,0.12524,0.807475,0.48093,0.311401,0.0663,0.337579,0.273021
data\dataset_cls\train\Non_fractured\IMG0000661.jpg,train,Non_fractured,0.58372,0.519638,0.475997,0.670695,0.483201,0.262925,0.077837,0.190174,0.223667
data\dataset_cls\train\Non_fractured\IMG0000662.jpg,train,Non_fractured,0.546775,0.51687,0.557639,0.088358,0.560786,0.294549,0.217103,0.211583,0.00785
data\dataset_cls\train\Non_fractured\IMG0000663.jpg,train,Non_fractured,0.476469,0.547886,0.329697,0.798378,0.59074,0.318704,0.012955,0.278778,0.267361
data\dataset_cls\train\Non_fractured\IMG0000664.jpg,train,Non_fractured,0.464783,0.634619,0.806499,0.893087,0.654341,0.312278,0.178367,0.324602,0.301308
data\dataset_cls\train\Non_fractured\IMG0000665.jpg,train,Non_fractured,0.197286,0.368945,0.515197,0.7836,0.360346,0.444002,0.228802,0.296723,0.088223
data\dataset_cls\train\Non_fractured\IMG0000666.jpg,train,Non_fractured,0.504486,0.373642,0.88351,0.403348,0.436764,0.576693,0.129565,0.27939,0.212486
data\dataset_cls\train\Non_fractured\IMG0000667.jpg,train,Non_fractured,0.426724,0.519406,0.299458,0.31363,0.592881,0.553291,0.058746,0.204231,0.178276
data\dataset_cls\train\Non_fractured\IMG0000668.jpg,train,Non_fractured,0.816099,0.800783,0.117104,0.586628,0.502572,0.648243,0.358959,0.372992,0.038647
data\dataset_cls\train\Non_fractured\IMG0000669.jpg,train,Non_fractured,0.832298,0.306818,0.024836,0.315505,0.687388,0.411828,0.319712,0.490875,0.185139
data\dataset_cls\train\Non_fractured\IMG0000670.jpg,train,Non_fractured,0.53712,0.461923,0.834096,0.393617,0.495256,0.611157,0.089213,0.232372,0.176213
data\dataset_cls\train\Non_fractured\IMG0000672.jpg,train,Non_fractured,0.5,0.5,0.5,0.5,0.382481,0.304784,0.075953,0.075953,0.151907
data\dataset_cls\train\Non_fractured\IMG0000673.jpg,train,Non_fractured,0.953582,0.625121,1.0,0.0,0.592729,0.28919,0.337061,0.340228,0.256515
data\dataset_cls\train\Non_fractured\IMG0000674.jpg,train,Non_fractured,0.56882,0.427426,0.0,0.258167,0.47615,0.262651,0.247015,0.353105,0.138544
data\dataset_cls\train\Non_fractured\IMG0000675.jpg,train,Non_fractured,0.535,0.581908,0.431662,0.778886,0.751378,0.341617,0.040351,0.254131,0.287998
data\dataset_cls\train\Non_fractured\IMG0000677.jpg,train,Non_fractured,0.725024,0.497178,0.519066,0.49637,0.475225,0.513782,0.152011,0.054379,0.098535
data\dataset_cls\train\Non_fractured\IMG0000678.jpg,train,Non_fractured,0.270187,0.394045,0.446251,0.695363,0.62347,0.379957,0.200751,0.205575,0.208166
data\dataset_cls\train\Non_fractured\IMG0000679.jpg,train,Non_fractured,0.931062,0.204833,0.5,0.5,0.421256,0.420781,0.356911,0.171364,0.201408
data\dataset_cls\train\Non_fractured\IMG0000680.jpg,train,Non_fractured,0.92833,0.140579,0.5,0.5,0.666011,0.266493,0.281375,0.279842,0.048134
data\dataset_cls\train\Non_fractured\IMG0000681.jpg,train,Non_fractured,0.148174,0.148174,0.5,0.5,0.531452,0.275039,0.292408,0.21993,0.142058
data\dataset_cls\train\Non_fractured\IMG0000682.jpg,train,Non_fractured,0.357671,0.248638,0.599528,0.283276,0.486736,0.459471,0.148264,0.127285,0.129123
data\dataset_cls\train\Non_fractured\IMG0000685.jpg,train,Non_fractured,0.663693,0.06217,0.0,0.01198,0.279669,0.407256,0.362809,0.34775,0.249227
data\dataset_cls\train\Non_fractured\IMG0000687.jpg,train,Non_fractured,0.219187,0.750082,0.5,0.5,0.186892,0.533932,0.17611,0.219446,0.130174
data\dataset_cls\train\Non_fractured\IMG0000688.jpg,train,Non_fractured,0.51495,0.746338,0.644113,0.407794,0.503309,0.325934,0.255998,0.124172,0.174963
data\dataset_cls\train\Non_fractured\IMG0000689.jpg,train,Non_fractured,0.425581,0.864667,0.446386,0.955918,0.355415,0.3659,0.136831,0.230126,0.366881
data\dataset_cls\train\Non_fractured\IMG0000690.jpg,train,Non_fractured,0.579132,0.392622,0.921102,0.307109,0.423396,0.364887,0.072655,0.283938,0.218044
data\dataset_cls\train\Non_fractured\IMG0000691.jpg,train,Non_fractured,0.222002,0.571122,0.146157,0.0,0.465398,0.399123,0.253925,0.349201,0.20225
data\dataset_cls\train\Non_fractured\IMG0000693.jpg,train,Non_fractured,0.451056,0.57606,0.770006,0.313154,0.46303,0.445746,0.171313,0.246802,0.098337
data\dataset_cls\train\Non_fractured\IMG0000694.jpg,train,Non_fractured,0.506539,0.696791,0.524343,0.651161,0.579887,0.436092,0.106535,0.057863,0.164306
data\dataset_cls\train\Non_fractured\IMG0000696.jpg,train,Non_fractured,0.434428,0.464362,0.5,0.5,0.546186,0.188116,0.099631,0.116021,0.20299
data\dataset_cls\train\Non_fractured\IMG0000699.jpg,train,Non_fractured,0.596657,0.331812,0.431099,0.143597,0.639383,0.399869,0.057277,0.1936,0.136705
data\dataset_cls\train\Non_fractured\IMG0000700.jpg,train,Non_fractured,0.629705,0.317494,0.459052,0.199638,0.554275,0.358916,0.085894,0.128017,0.067225
data\dataset_cls\train\Non_fractured\IMG0000701.jpg,train,Non_fractured,0.581526,0.337995,0.451238,0.072871,0.55567,0.522093,0.058638,0.25064,0.212725
data\dataset_cls\train\Non_fractured\IMG0000706.jpg,train,Non_fractured,0.900863,0.521682,0.0,0.688274,0.409165,0.336008,0.464231,0.469679,0.181411
data\dataset_cls\train\Non_fractured\IMG0000708.jpg,train,Non_fractured,0.735807,0.491262,0.673607,0.360974,0.448331,0.456017,0.12896,0.092717,0.172076
data\dataset_cls\train\Non_fractured\IMG0000709.jpg,train,Non_fractured,0.116875,0.565582,0.397538,0.449027,0.68128,0.749788,0.282591,0.139109,0.32567
data\dataset_cls\train\Non_fractured\IMG0000710.jpg,train,Non_fractured,0.783451,0.843993,0.903547,0.238371,0.575599,0.453038,0.333477,0.311558,0.188019
data\dataset_cls\train\Non_fractured\IMG0000711.jpg,train,Non_fractured,0.083467,0.374208,0.0,0.395636,0.510626,0.493673,0.123817,0.199671,0.320892
data\dataset_cls\train\Non_fractured\IMG0000712.jpg,train,Non_fractured,0.944228,0.836108,0.0,0.833333,0.499695,0.230568,0.505383,0.521206,0.403188
data\dataset_cls\train\Non_fractured\IMG0000714.jpg,train,Non_fractured,0.579943,0.392164,0.068461,0.570381,0.582187,0.535837,0.200814,0.349018,0.175795
data\dataset_cls\train\Non_fractured\IMG0000715.jpg,train,Non_fractured,0.313708,0.563114,0.5,0.5,0.479794,0.450338,0.131279,0.068979,0.072776
data\dataset_cls\train\Non_fractured\IMG0000716.jpg,train,Non_fractured,0.436184,0.811226,0.705092,0.593065,0.506626,0.627439,0.175348,0.177079,0.065587
data\dataset_cls\train\Non_fractured\IMG0000719.jpg,train,Non_fractured,0.400139,0.443404,0.31799,0.216769,0.541975,0.476206,0.067605,0.191481,0.156073
data\dataset_cls\train\Non_fractured\IMG0000720.jpg,train,Non_fractured,0.489384,0.6678,0.092808,0.576953,0.591409,0.405574,0.153268,0.299597,0.246929
data\dataset_cls\train\Non_fractured\IMG0000722.jpg,train,Non_fractured,0.186325,0.374089,0.010353,0.205953,0.369584,0.379611,0.054259,0.211677,0.190439
data\dataset_cls\train\Non_fractured\IMG0000723.jpg,train,Non_fractured,0.111789,0.097806,0.5,0.5,0.528326,0.420102,0.360941,0.200535,0.168872
data\dataset_cls\train\Non_fractured\IMG0000724.jpg,train,Non_fractured,0.602627,0.50724,0.580177,0.856145,0.550528,0.303501,0.054396,0.300526,0.253596
data\dataset_cls\train\Non_fractured\IMG0000725.jpg,train,Non_fractured,0.657152,0.878573,0.851762,0.844617,0.505264,0.229009,0.228285,0.26481,0.453266
data\dataset_cls\train\Non_fractured\IMG0000727.jpg,train,Non_fractured,0.732539,0.487946,1.0,0.313464,0.268625,0.686455,0.065972,0.379678,0.441629
data\dataset_cls\train\Non_fractured\IMG0000729.jpg,train,Non_fractured,0.841922,0.431301,0.5,0.5,0.672753,0.511162,0.177415,0.172627,0.030364
data\dataset_cls\train\Non_fractured\IMG0000730.jpg,train,Non_fractured,0.256616,0.329628,1.0,0.231853,0.521056,0.440571,0.33597,0.420056,0.12832
data\dataset_cls\train\Non_fractured\IMG0000731.jpg,train,Non_fractured,0.290487,0.141955,0.148601,0.839056,0.462754,0.283509,0.279735,0.44436,0.212915
data\dataset_cls\train\Non_fractured\IMG0000732.jpg,train,Non_fractured,0.193293,0.34593,0.541522,0.326314,0.574244,0.34796,0.24313,0.106064,0.138117
data\dataset_cls\train\Non_fractured\IMG0000734.jpg,train,Non_fractured,0.43023,0.0,1.0,0.0,0.560566,0.35199,0.261203,0.356275,0.256283
data\dataset_cls\train\Non_fractured\IMG0000735.jpg,train,Non_fractured,0.717785,0.39423,0.563413,0.164691,0.497476,0.497177,0.131829,0.189647,0.173698
data\dataset_cls\train\Non_fractured\IMG0000736.jpg,train,Non_fractured,0.561808,0.329309,0.835873,0.159621,0.349465,0.358292,0.051216,0.281663,0.244967
data\dataset_cls\train\Non_fractured\IMG0000737.jpg,train,Non_fractured,0.746964,0.617892,0.906529,0.176788,0.589175,0.32575,0.244416,0.252901,0.165416
data\dataset_cls\train\Non_fractured\IMG0000738.jpg,train,Non_fractured,0.652625,0.741173,0.0,0.5,0.761985,0.5329,0.235027,0.480305,0.296273
data\dataset_cls\train\Non_fractured\IMG0000739.jpg,train,Non_fractured,0.54897,0.659142,1.0,0.5,0.694966,0.34458,0.254042,0.252024,0.165387
data\dataset_cls\train\Non_fractured\IMG0000740.jpg,train,Non_fractured,0.265638,0.525188,0.079893,0.878312,0.60101,0.487371,0.116336,0.342099,0.319271
data\dataset_cls\train\Non_fractured\IMG0000741.jpg,train,Non_fractured,0.573713,0.710458,0.034888,0.129131,0.474014,0.377669,0.371681,0.427534,0.116576
data\dataset_cls\train\Non_fractured\IMG0000742.jpg,train,Non_fractured,0.436887,0.459935,0.5,0.5,0.305647,0.442182,0.023896,0.091815,0.111416
data\dataset_cls\train\Non_fractured\IMG0000743.jpg,train,Non_fractured,0.284536,0.625965,0.0,0.675326,0.704242,0.529792,0.047682,0.335934,0.383215
data\dataset_cls\train\Non_fractured\IMG0000744.jpg,train,Non_fractured,0.633099,0.387194,0.5,0.5,0.414885,0.473891,0.134669,0.04899,0.103107
data\dataset_cls\train\Non_fractured\IMG0000745.jpg,train,Non_fractured,0.762141,0.39833,0.993823,0.462365,0.57715,0.346292,0.01607,0.224302,0.208236
data\dataset_cls\train\Non_fractured\IMG0000746.jpg,train,Non_fractured,0.621829,0.636234,0.430467,0.423292,0.517427,0.418738,0.174086,0.115897,0.074244
data\dataset_cls\train\Non_fractured\IMG0000748.jpg,train,Non_fractured,0.674825,0.763642,0.058821,0.275332,0.622931,0.470653,0.342624,0.454608,0.173814
data\dataset_cls\train\Non_fractured\IMG0000749.jpg,train,Non_fractured,0.811438,0.233381,0.0,0.310783,0.394706,0.482847,0.423641,0.403284,0.140701
data\dataset_cls\train\Non_fractured\IMG0000752.jpg,train,Non_fractured,0.493009,0.844501,0.907967,0.634708,0.444561,0.507897,0.219312,0.294092,0.230157
data\dataset_cls\train\Non_fractured\IMG0000753.jpg,train,Non_fractured,0.1892,0.250232,0.22581,0.262253,0.304182,0.21023,0.051385,0.025486,0.071379
data\dataset_cls\train\Non_fractured\IMG0000755.jpg,train,Non_fractured,0.46868,0.404511,0.5,0.5,0.446121,0.293307,0.005997,0.104654,0.108986
data\dataset_cls\train\Non_fractured\IMG0000756.jpg,train,Non_fractured,0.497747,0.289311,1.0,0.39456,0.38236,0.587323,0.186275,0.374436,0.29405
data\dataset_cls\train\Non_fractured\IMG0000757.jpg,train,Non_fractured,0.267995,0.897859,0.085116,0.0,0.506566,0.68518,0.370645,0.564823,0.270573
data\dataset_cls\train\Non_fractured\IMG0000759.jpg,train,Non_fractured,0.575481,0.195669,0.646051,0.99811,0.501743,0.360513,0.32243,0.485327,0.173538
data\dataset_cls\train\Non_fractured\IMG0000760.jpg,train,Non_fractured,0.509592,0.725272,0.5,0.5,0.369094,0.349048,0.206646,0.047423,0.197646
data\dataset_cls\train\Non_fractured\IMG0000761.jpg,train,Non_fractured,0.664297,0.753252,0.760795,0.489019,0.670871,0.356142,0.223109,0.076017,0.178834
data\dataset_cls\train\Non_fractured\IMG0000764.jpg,train,Non_fractured,0.40052,0.960025,0.5,0.5,0.189682,0.387226,0.34627,0.179046,0.287057
data\dataset_cls\train\Non_fractured\IMG0000765.jpg,train,Non_fractured,0.370045,0.349067,0.590022,0.310102,0.346449,0.596652,0.095503,0.188808,0.199075
data\dataset_cls\train\Non_fractured\IMG0000766.jpg,train,Non_fractured,0.506763,0.271452,0.18002,0.197764,0.699357,0.389727,0.047122,0.295602,0.258864
data\dataset_cls\train\Non_fractured\IMG0000767.jpg,train,Non_fractured,0.220787,0.398977,0.595027,0.381085,0.545909,0.348667,0.234227,0.141202,0.096045
data\dataset_cls\train\Non_fractured\IMG0000768.jpg,train,Non_fractured,0.670412,0.43439,0.213524,0.204141,0.517979,0.432903,0.2173,0.296336,0.091144
data\dataset_cls\train\Non_fractured\IMG0000770.jpg,train,Non_fractured,0.16811,1.0,0.389004,0.389004,0.258936,0.370837,0.426245,0.229642,0.216173
data\dataset_cls\train\Non_fractured\IMG0000771.jpg,train,Non_fractured,0.65801,0.303635,0.124628,0.688611,0.575868,0.577623,0.300574,0.367493,0.134496
data\dataset_cls\train\Non_fractured\IMG0000772.jpg,train,Non_fractured,0.202657,0.784837,0.687782,0.365077,0.30314,0.409902,0.329052,0.32869,0.145189
data\dataset_cls\train\Non_fractured\IMG0000773.jpg,train,Non_fractured,0.779461,0.687919,0.647309,0.480129,0.571831,0.321145,0.222505,0.024931,0.199046
data\dataset_cls\train\Non_fractured\IMG0000774.jpg,train,Non_fractured,0.189152,0.371047,0.733482,0.260916,0.404071,0.396976,0.254634,0.302588,0.066122
data\dataset_cls\train\Non_fractured\IMG0000775.jpg,train,Non_fractured,0.5,0.5,0.061752,0.43496,0.285376,0.419878,0.222939,0.221252,0.031876
data\dataset_cls\train\Non_fractured\IMG0000778.jpg,train,Non_fractured,0.0,0.0,0.5,0.5,0.407957,0.278233,0.398613,0.311174,0.106973
data\dataset_cls\train\Non_fractured\IMG0000780.jpg,train,Non_fractured,0.836751,0.708102,0.979858,0.929271,0.561432,0.376154,0.057496,0.318824,0.374851
data\dataset_cls\train\Non_fractured\IMG0000781.jpg,train,Non_fractured,0.920788,0.263864,1.0,0.079584,0.482654,0.227123,0.140505,0.227544,0.320627
data\dataset_cls\train\Non_fractured\IMG0000782.jpg,train,Non_fractured,0.435409,0.411902,0.141666,0.747769,0.378358,0.371348,0.152849,0.296032,0.151342
data\dataset_cls\train\Non_fractured\IMG0000783.jpg,train,Non_fractured,0.825236,0.413371,0.826997,0.097228,0.490734,0.2684,0.189544,0.197691,0.223758
data\dataset_cls\train\Non_fractured\IMG0000785.jpg,train,Non_fractured,0.61452,0.534893,0.13908,0.265973,0.462942,0.494166,0.233103,0.313759,0.084869
data\dataset_cls\train\Non_fractured\IMG0000786.jpg,train,Non_fractured,0.570915,0.101401,0.227011,0.22719,0.509238,0.22009,0.157855,0.21336,0.082391
data\dataset_cls\train\Non_fractured\IMG0000787.jpg,train,Non_fractured,0.831901,0.330929,0.76212,0.0602,0.493736,0.481625,0.141746,0.240027,0.277934
data\dataset_cls\train\Non_fractured\IMG0000788.jpg,train,Non_fractured,0.099815,0.0,0.0,0.152429,0.326086,0.480913,0.215281,0.153618,0.326636
data\dataset_cls\train\Non_fractured\IMG0000789.jpg,train,Non_fractured,0.234537,0.565086,0.179769,0.43059,0.456555,0.224311,0.167947,0.113079,0.246774
data\dataset_cls\train\Non_fractured\IMG0000791.jpg,train,Non_fractured,0.452868,0.402126,0.87879,0.407412,0.548456,0.38708,0.173867,0.252229,0.079132
data\dataset_cls\train\Non_fractured\IMG0000792.jpg,train,Non_fractured,0.401879,0.411775,0.0,0.377031,0.568916,0.556119,0.086386,0.331355,0.267963
data\dataset_cls\train\Non_fractured\IMG0000794.jpg,train,Non_fractured,0.138685,0.451387,0.252627,0.568695,0.469985,0.474918,0.155662,0.078352,0.184379
data\dataset_cls\train\Non_fractured\IMG0000795.jpg,train,Non_fractured,0.187521,0.632622,0.76475,0.787802,0.348098,0.56284,0.247578,0.3547,0.130149
data\dataset_cls\train\Non_fractured\IMG0000796.jpg,train,Non_fractured,0.179727,0.851949,0.370406,0.354324,0.236302,0.408709,0.324271,0.213489,0.13217
data\dataset_cls\train\Non_fractured\IMG0000797.jpg,train,Non_fractured,0.480621,0.7876,0.673919,0.919282,0.578814,0.479797,0.113522,0.213283,0.249098
data\dataset_cls\train\Non_fractured\IMG0000798.jpg,train,Non_fractured,0.440226,0.750092,0.299114,0.930183,0.488558,0.623029,0.035622,0.196264,0.165019
data\dataset_cls\train\Non_fractured\IMG0000799.jpg,train,Non_fractured,0.588726,0.59708,0.238053,0.851251,0.640306,0.388186,0.100833,0.346622,0.270287
data\dataset_cls\train\Non_fractured\IMG0000800.jpg,train,Non_fractured,0.504555,0.083461,0.072148,0.0,0.452073,0.349229,0.172677,0.306794,0.232245
data\dataset_cls\train\Non_fractured\IMG0000802.jpg,train,Non_fractured,0.278677,0.249823,0.5,0.5,0.360653,0.277064,0.137012,0.198304,0.067977
data\dataset_cls\train\Non_fractured\IMG0000803.jpg,train,Non_fractured,0.662934,0.501172,0.5,0.5,0.496687,0.487749,0.109835,0.053335,0.057164
data\dataset_cls\train\Non_fractured\IMG0000806.jpg,train,Non_fractured,0.770051,0.220077,0.064075,0.497365,0.457984,0.695622,0.422054,0.367573,0.226252
data\dataset_cls\train\Non_fractured\IMG0000807.jpg,train,Non_fractured,0.771916,0.720687,0.172979,0.100328,0.516404,0.281886,0.453615,0.412461,0.090617
data\dataset_cls\train\Non_fractured\IMG0000808.jpg,train,Non_fractured,0.652506,0.727668,0.198203,0.217065,0.566049,0.411499,0.329305,0.361018,0.102198
data\dataset_cls\train\Non_fractured\IMG0000809.jpg,train,Non_fractured,0.687117,0.176401,0.703564,0.479972,0.627142,0.51671,0.215117,0.094178,0.133654
data\dataset_cls\train\Non_fractured\IMG0000810.jpg,train,Non_fractured,0.172074,0.516727,0.067935,0.493218,0.632043,0.402861,0.127143,0.22386,0.34808
data\dataset_cls\train\Non_fractured\IMG0000811.jpg,train,Non_fractured,0.382605,0.701808,0.109313,0.689845,0.643416,0.274387,0.14652,0.300868,0.386197
data\dataset_cls\train\Non_fractured\IMG0000812.jpg,train,Non_fractured,0.897432,0.864739,0.025816,0.908563,0.577325,0.432525,0.417805,0.505034,0.312422
data\dataset_cls\train\Non_fractured\IMG0000814.jpg,train,Non_fractured,0.163568,0.468612,0.564765,0.560701,0.667955,0.487421,0.304116,0.113605,0.203338
data\dataset_cls\train\Non_fractured\IMG0000815.jpg,train,Non_fractured,0.586939,0.577525,0.07112,0.881705,0.582646,0.441127,0.182168,0.422966,0.256079
data\dataset_cls\train\Non_fractured\IMG0000816.jpg,train,Non_fractured,0.390633,0.384199,0.5,0.5,0.607299,0.367146,0.113553,0.082888,0.118989
data\dataset_cls\train\Non_fractured\IMG0000817.jpg,train,Non_fractured,0.0,1.0,0.0,1.0,0.469017,0.544136,0.218019,0.218019,0.436037
data\dataset_cls\train\Non_fractured\IMG0000818.jpg,train,Non_fractured,0.334682,0.320515,0.542084,0.482139,0.487148,0.389687,0.142506,0.121736,0.033423
data\dataset_cls\train\Non_fractured\IMG0000819.jpg,train,Non_fractured,0.502253,0.445495,0.5,0.5,0.367451,0.193784,0.080052,0.127844,0.206225
data\dataset_cls\train\Non_fractured\IMG0000820.jpg,train,Non_fractured,0.364616,0.348726,1.0,0.540113,0.484988,0.506919,0.277564,0.390704,0.137987
data\dataset_cls\train\Non_fractured\IMG0000821.jpg,train,Non_fractured,0.653748,0.101862,0.0,0.333333,0.77814,0.347632,0.237575,0.482755,0.313085
data\dataset_cls\train\Non_fractured\IMG0000823.jpg,train,Non_fractured,0.188783,0.1875,0.5,0.5,0.47533,0.264736,0.237865,0.214182,0.101954
data\dataset_cls\train\Non_fractured\IMG0000825.jpg,train,Non_fractured,0.76159,0.550055,0.756215,0.345077,0.541461,0.32183,0.162794,0.092416,0.167452
data\dataset_cls\train\Non_fractured\IMG0000826.jpg,train,Non_fractured,0.600666,0.752863,0.967372,0.358007,0.718711,0.369591,0.30559,0.245825,0.131323
data\dataset_cls\train\Non_fractured\IMG0000827.jpg,train,Non_fractured,0.023556,0.139683,0.5,0.5,0.564035,0.31336,0.382867,0.228338,0.201551
data\dataset_cls\train\Non_fractured\IMG0000828.jpg,train,Non_fractured,0.569685,0.283663,0.163337,0.035233,0.612831,0.242223,0.154898,0.323156,0.173237
data\dataset_cls\train\Non_fractured\IMG0000829.jpg,train,Non_fractured,0.101527,0.264254,0.658184,0.540484,0.360288,0.268642,0.28745,0.338402,0.090101
data\dataset_cls\train\Non_fractured\IMG0000830.jpg,train,Non_fractured,0.136019,0.542855,0.5,0.5,0.328899,0.441307,0.19176,0.178439,0.053905
data\dataset_cls\train\Non_fractured\IMG0000831.jpg,train,Non_fractured,0.791858,0.348222,0.101979,0.260102,0.561187,0.485273,0.307283,0.39701,0.142764
data\dataset_cls\train\Non_fractured\IMG0000832.jpg,train,Non_fractured,0.480485,0.258824,0.541658,0.729171,0.664042,0.523582,0.258258,0.226234,0.10387
data\dataset_cls\train\Non_fractured\IMG0000833.jpg,train,Non_fractured,0.153445,0.255534,0.0,0.712806,0.563493,0.571401,0.271536,0.311344,0.329684
data\dataset_cls\train\Non_fractured\IMG0000834.jpg,train,Non_fractured,0.758343,0.539172,0.526529,0.13283,0.566231,0.50965,0.202674,0.276298,0.126423
data\dataset_cls\train\Non_fractured\IMG0000835.jpg,train,Non_fractured,0.598203,0.499483,0.206209,0.350871,0.542768,0.465436,0.161093,0.25821,0.097476
data\dataset_cls\train\Non_fractured\IMG0000836.jpg,train,Non_fractured,0.586496,0.201937,0.07635,0.754352,0.504593,0.356126,0.307284,0.445258,0.141227
data\dataset_cls\train\Non_fractured\IMG0000837.jpg,train,Non_fractured,0.30117,0.173969,0.074093,0.36383,0.442807,0.505589,0.176144,0.199243,0.232031
data\dataset_cls\train\Non_fractured\IMG0000838.jpg,train,Non_fractured,0.359259,0.516096,0.016306,0.422835,0.419441,0.55847,0.095771,0.260137,0.165445
data\dataset_cls\train\Non_fractured\IMG0000839.jpg,train,Non_fractured,0.447258,0.55002,0.0,0.906114,0.357898,0.442189,0.197088,0.383074,0.21056
data\dataset_cls\train\Non_fractured\IMG0000843.jpg,train,Non_fractured,0.934729,0.186537,0.0,0.696018,0.569618,0.554223,0.522707,0.546425,0.101571
data\dataset_cls\train\Non_fractured\IMG0000846.jpg,train,Non_fractured,0.4795,0.497898,0.26143,0.718778,0.655271,0.311509,0.018193,0.29231,0.274244
data\dataset_cls\train\Non_fractured\IMG0000847.jpg,train,Non_fractured,0.471863,0.594357,0.516712,0.849244,0.510302,0.527528,0.068559,0.192959,0.129955
data\dataset_cls\train\Non_fractured\IMG0000848.jpg,train,Non_fractured,0.906522,0.454623,0.050476,0.881907,0.362369,0.262843,0.473288,0.522699,0.28115
data\dataset_cls\train\Non_fractured\IMG0000853.jpg,train,Non_fractured,0.038162,0.729786,1.0,0.832369,0.264429,0.374116,0.40492,0.595887,0.320045
data\dataset_cls\train\Non_fractured\IMG0000855.jpg,train,Non_fractured,0.772414,0.688495,0.391776,0.432893,0.542704,0.429522,0.266106,0.196124,0.091306
data\dataset_cls\train\Non_fractured\IMG0000856.jpg,train,Non_fractured,0.63553,0.664235,0.161406,0.578773,0.636953,0.424496,0.191254,0.317387,0.206223
data\dataset_cls\train\Non_fractured\IMG0000857.jpg,train,Non_fractured,0.27604,0.312078,0.5,0.5,0.789529,0.321476,0.254464,0.124089,0.273545
data\dataset_cls\train\Non_fractured\IMG0000859.jpg,train,Non_fractured,0.715831,0.243695,0.146294,0.07757,0.454288,0.295574,0.279632,0.319308,0.091284
data\dataset_cls\train\Non_fractured\IMG0000860.jpg,train,Non_fractured,0.872013,0.608866,0.5,0.5,0.600681,0.320522,0.252029,0.159313,0.165992
data\dataset_cls\train\Non_fractured\IMG0000861.jpg,train,Non_fractured,0.737974,0.574199,0.74854,0.415852,0.469692,0.44067,0.12979,0.114169,0.185942
data\dataset_cls\train\Non_fractured\IMG0000862.jpg,train,Non_fractured,0.448636,0.578537,0.603694,0.109785,0.467973,0.240291,0.275209,0.222027,0.079373
data\dataset_cls\train\Non_fractured\IMG0000864.jpg,train,Non_fractured,0.412476,0.21213,0.877521,0.465315,0.457459,0.427057,0.230762,0.310619,0.138201
data\dataset_cls\train\Non_fractured\IMG0000865.jpg,train,Non_fractured,0.940518,0.651236,1.0,0.0,0.584793,0.636487,0.242967,0.457476,0.330134
data\dataset_cls\train\Non_fractured\IMG0000866.jpg,train,Non_fractured,0.176805,0.675384,0.483406,0.455344,0.130304,0.444071,0.173645,0.230649,0.155824
data\dataset_cls\train\Non_fractured\IMG0000867.jpg,train,Non_fractured,0.262888,0.764809,0.5,0.5,0.164736,0.325299,0.239299,0.193142,0.250578
data\dataset_cls\train\Non_fractured\IMG0000868.jpg,train,Non_fractured,0.463501,0.380943,0.201044,0.53245,0.612623,0.360517,0.057761,0.249207,0.197593
data\dataset_cls\train\Non_fractured\IMG0000869.jpg,train,Non_fractured,0.295692,0.537062,0.5,0.5,0.394157,0.672223,0.10609,0.124719,0.102491
data\dataset_cls\train\Non_fractured\IMG0000870.jpg,train,Non_fractured,0.700535,0.476877,1.0,0.166667,0.596625,0.436143,0.133917,0.303685,0.185491
data\dataset_cls\train\Non_fractured\IMG0000871.jpg,train,Non_fractured,0.476211,0.719471,0.968446,0.454534,0.565764,0.40613,0.273432,0.306914,0.159481
data\dataset_cls\train\Non_fractured\IMG0000872.jpg,train,Non_fractured,0.0,1.0,0.058946,0.597225,0.560218,0.378557,0.398941,0.159704,0.451239
data\dataset_cls\train\Non_fractured\IMG0000873.jpg,train,Non_fractured,0.201031,0.762543,0.0,0.611418,0.590759,0.528597,0.14294,0.26491,0.343462
data\dataset_cls\train\Non_fractured\IMG0000875.jpg,train,Non_fractured,0.372591,0.555802,0.281089,0.609853,0.52499,0.397823,0.040151,0.14271,0.180727
data\dataset_cls\train\Non_fractured\IMG0000876.jpg,train,Non_fractured,0.467573,0.096327,0.5,0.5,0.52815,0.482788,0.265196,0.140302,0.126587
data\dataset_cls\train\Non_fractured\IMG0000877.jpg,train,Non_fractured,0.333556,0.347019,0.139304,0.067395,0.240661,0.582755,0.096827,0.282722,0.250381
data\dataset_cls\train\Non_fractured\IMG0000878.jpg,train,Non_fractured,0.194008,0.0,0.079234,0.25824,0.296886,0.352134,0.203497,0.123611,0.183085
data\dataset_cls\train\Non_fractured\IMG0000879.jpg,train,Non_fractured,0.520051,0.694871,0.80188,0.289703,0.535384,0.482193,0.228531,0.270361,0.083991
data\dataset_cls\train\Non_fractured\IMG0000880.jpg,train,Non_fractured,0.778382,0.870504,0.087658,0.487799,0.356901,0.716925,0.411583,0.379455,0.056651
data\dataset_cls\train\Non_fractured\IMG0000883.jpg,train,Non_fractured,0.731453,0.644505,0.191404,0.362107,0.727932,0.367559,0.259986,0.371465,0.199389
data\dataset_cls\train\Non_fractured\IMG0000885.jpg,train,Non_fractured,0.160415,0.321961,0.042531,0.386769,0.485663,0.381336,0.080568,0.188465,0.256757
data\dataset_cls\train\Non_fractured\IMG0000886.jpg,train,Non_fractured,0.798282,0.757562,0.208079,0.548128,0.526171,0.367645,0.350048,0.302919,0.19075
data\dataset_cls\train\Non_fractured\IMG0000887.jpg,train,Non_fractured,0.814377,0.503623,0.31802,0.711363,0.633584,0.40672,0.22872,0.320027,0.141187
data\dataset_cls\train\Non_fractured\IMG0000888.jpg,train,Non_fractured,0.664298,0.364179,0.38301,0.585314,0.491476,0.42026,0.177346,0.182894,0.042186
data\dataset_cls\train\Non_fractured\IMG0000889.jpg,train,Non_fractured,0.24413,0.49145,0.353338,0.311902,0.285982,0.307191,0.131307,0.082827,0.063561
data\dataset_cls\train\Non_fractured\IMG0000891.jpg,train,Non_fractured,0.460086,0.492635,0.407036,0.797415,0.627509,0.339417,0.063291,0.270113,0.241304
data\dataset_cls\train\Non_fractured\IMG0000892.jpg,train,Non_fractured,0.702592,0.332765,0.0,0.611169,0.787369,0.309716,0.222836,0.532939,0.310186
data\dataset_cls\train\Non_fractured\IMG0000893.jpg,train,Non_fractured,0.5,0.5,0.5,0.5,0.431177,0.63821,0.051466,0.051466,0.102932
data\dataset_cls\train\Non_fractured\IMG0000894.jpg,train,Non_fractured,0.0,1.0,0.5,0.5,0.513907,0.352316,0.510467,0.200115,0.318189
data\dataset_cls\train\Non_fractured\IMG0000895.jpg,train,Non_fractured,0.609859,0.451563,0.881977,0.392016,0.470803,0.333216,0.074051,0.227764,0.192681
data\dataset_cls\train\Non_fractured\IMG0000896.jpg,train,Non_fractured,0.527364,0.848186,0.411835,0.5,0.217931,0.323787,0.323522,0.062997,0.287558
data\dataset_cls\train\Non_fractured\IMG0000897.jpg,train,Non_fractured,0.412208,0.278531,0.43836,0.141979,0.572345,0.488651,0.066763,0.165036,0.209901
data\dataset_cls\train\Non_fractured\IMG0000898.jpg,train,Non_fractured,0.066619,0.986404,0.5,0.5,0.447005,0.5152,0.418891,0.232897,0.18712
data\dataset_cls\train\Non_fractured\IMG0000899.jpg,train,Non_fractured,0.117567,0.396298,0.872995,0.719764,0.451366,0.451836,0.384427,0.439091,0.076611
data\dataset_cls\train\Non_fractured\IMG0000901.jpg,train,Non_fractured,0.906053,0.594179,0.795832,0.316015,0.806133,0.482345,0.14767,0.153514,0.034962
data\dataset_cls\train\Non_fractured\IMG0000902.jpg,train,Non_fractured,0.342059,0.197055,0.959014,0.885407,0.28963,0.226248,0.304332,0.620971,0.319352
data\dataset_cls\train\Non_fractured\IMG0000904.jpg,train,Non_fractured,0.610973,0.625501,0.406828,0.855822,0.627494,0.463774,0.06659,0.251177,0.200811
data\dataset_cls\train\Non_fractured\IMG0000905.jpg,train,Non_fractured,0.862829,0.513477,0.5,0.5,0.724065,0.383236,0.173925,0.198638,0.087106
data\dataset_cls\train\Non_fractured\IMG0000906.jpg,train,Non_fractured,0.166659,0.404467,0.124994,0.192967,0.406473,0.50377,0.075903,0.204729,0.221092
data\dataset_cls\train\Non_fractured\IMG0000907.jpg,train,Non_fractured,0.562624,0.534755,0.911881,0.531381,0.582197,0.510357,0.123291,0.22639,0.104473
data\dataset_cls\train\Non_fractured\IMG0000908.jpg,train,Non_fractured,0.0,0.291773,0.333333,0.0,0.432616,0.383486,0.263882,0.238224,0.237751
data\dataset_cls\train\Non_fractured\IMG0000909.jpg,train,Non_fractured,0.251064,0.274785,0.333121,0.318287,0.400983,0.412706,0.098165,0.017619,0.10615
data\dataset_cls\train\Non_fractured\IMG0000910.jpg,train,Non_fractured,0.653573,0.237816,0.068214,0.235298,0.199762,0.578313,0.36425,0.265277,0.251891
data\dataset_cls\train\Non_fractured\IMG0000912.jpg,train,Non_fractured,0.717995,0.638005,0.408644,0.209217,0.461805,0.477114,0.272347,0.261786,0.076501
data\dataset_cls\train\Non_fractured\IMG0000913.jpg,train,Non_fractured,0.219762,0.569367,0.5,0.5,0.461712,0.37412,0.195136,0.107834,0.126755
data\dataset_cls\train\Non_fractured\IMG0000914.jpg,train,Non_fractured,0.65455,1.0,0.5,0.5,0.487872,0.622548,0.311468,0.212877,0.103788
data\dataset_cls\train\Non_fractured\IMG0000915.jpg,train,Non_fractured,0.701145,0.37681,0.515248,0.210702,0.662371,0.318502,0.10585,0.143731,0.039706
data\dataset_cls\train\Non_fractured\IMG0000916.jpg,train,Non_fractured,0.10094,0.397992,0.55743,0.551448,0.456948,0.604749,0.296256,0.188635,0.121529
data\dataset_cls\train\Non_fractured\IMG0000917.jpg,train,Non_fractured,0.648331,0.555792,0.146527,0.393234,0.568823,0.43386,0.215731,0.315391,0.117433
data\dataset_cls\train\Non_fractured\IMG0000918.jpg,train,Non_fractured,0.74733,0.253587,0.852996,0.355539,0.456814,0.320977,0.083564,0.173361,0.229161
data\dataset_cls\train\Non_fractured\IMG0000919.jpg,train,Non_fractured,0.47395,0.614597,0.560184,0.390363,0.56278,0.498045,0.127707,0.114097,0.030619
data\dataset_cls\train\Non_fractured\IMG0000920.jpg,train,Non_fractured,0.360379,0.184799,0.401629,0.386026,0.247428,0.373742,0.132234,0.096487,0.106759
data\dataset_cls\train\Non_fractured\IMG0000921.jpg,train,Non_fractured,0.275895,0.556245,0.395344,0.165223,0.471425,0.402521,0.209751,0.209938,0.094726
data\dataset_cls\train\Non_fractured\IMG0000922.jpg,train,Non_fractured,0.637292,0.374298,0.647023,0.25052,0.557218,0.339568,0.057805,0.078317,0.059451
data\dataset_cls\train\Non_fractured\IMG0000923.jpg,train,Non_fractured,0.315963,0.612478,0.320765,0.057634,0.484111,0.428425,0.252956,0.313038,0.126824
data\dataset_cls\train\Non_fractured\IMG0000924.jpg,train,Non_fractured,0.314145,0.461479,0.548598,0.864224,0.490423,0.348291,0.167512,0.321386,0.21337
data\dataset_cls\train\Non_fractured\IMG0000925.jpg,train,Non_fractured,0.760408,0.76253,0.376086,0.373295,0.651834,0.449739,0.285927,0.269269,0.096498
data\dataset_cls\train\Non_fractured\IMG0000927.jpg,train,Non_fractured,0.364191,0.309474,0.601296,0.236708,0.453007,0.526128,0.118757,0.176291,0.169852
data\dataset_cls\train\Non_fractured\IMG0000929.jpg,train,Non_fractured,0.289062,0.638275,0.446024,0.200983,0.510978,0.571831,0.210105,0.271121,0.139426
data\dataset_cls\train\Non_fractured\IMG0000931.jpg,train,Non_fractured,0.252106,0.372199,0.0,1.0,0.35457,0.331247,0.201876,0.477157,0.281378
data\dataset_cls\train\Non_fractured\IMG0000933.jpg,train,Non_fractured,0.21304,0.659382,0.656247,0.930964,0.437094,0.502545,0.225685,0.321234,0.195092
data\dataset_cls\train\Non_fractured\IMG0000934.jpg,train,Non_fractured,0.0,0.101079,0.770979,0.869694,0.571474,0.392092,0.570087,0.526508,0.138715
data\dataset_cls\train\Non_fractured\IMG0000936.jpg,train,Non_fractured,0.135058,0.520904,1.0,0.135631,0.340816,0.427056,0.391004,0.555866,0.164867
data\dataset_cls\train\Non_fractured\IMG0000937.jpg,train,Non_fractured,0.466895,0.35564,0.5,0.5,0.217049,0.416181,0.099421,0.129939,0.177769
data\dataset_cls\train\Non_fractured\IMG0000939.jpg,train,Non_fractured,0.421855,0.33274,0.5,0.5,0.709232,0.352957,0.136933,0.113515,0.170849
data\dataset_cls\train\Non_fractured\IMG0000940.jpg,train,Non_fractured,0.410047,0.615907,0.0,0.713348,0.496903,0.486643,0.108252,0.321045,0.22791
data\dataset_cls\train\Non_fractured\IMG0000942.jpg,train,Non_fractured,0.025658,0.0,0.660222,0.907913,0.225093,0.383221,0.512356,0.595968,0.091631
data\dataset_cls\train\Non_fractured\IMG0000944.jpg,train,Non_fractured,0.591307,0.043018,0.5,0.5,0.686853,0.351138,0.255038,0.222216,0.10807
data\dataset_cls\train\Non_fractured\IMG0000946.jpg,train,Non_fractured,0.321816,0.78847,0.590408,0.410677,0.46744,0.393062,0.292388,0.177341,0.137881
data\dataset_cls\train\Non_fractured\IMG0000947.jpg,train,Non_fractured,0.671977,0.34447,0.322652,0.355369,0.577356,0.516316,0.160029,0.207462,0.123098
data\dataset_cls\train\Non_fractured\IMG0000948.jpg,train,Non_fractured,0.635064,0.38922,0.242444,0.535561,0.536062,0.443815,0.177033,0.242122,0.066043
data\dataset_cls\train\Non_fractured\IMG0000950.jpg,train,Non_fractured,0.699544,0.441166,0.5,0.5,0.510032,0.371737,0.129733,0.093647,0.089004
data\dataset_cls\train\Non_fractured\IMG0000951.jpg,train,Non_fractured,0.489556,0.267654,0.031861,0.094492,0.41546,0.471252,0.177554,0.335027,0.219243
data\dataset_cls\train\Non_fractured\IMG0000952.jpg,train,Non_fractured,0.873032,0.364951,0.578434,0.511065,0.54994,0.363396,0.21146,0.132128,0.127314
data\dataset_cls\train\Non_fractured\IMG0000953.jpg,train,Non_fractured,0.751357,0.880124,0.690004,0.821218,0.274075,0.536147,0.224213,0.140188,0.364162
data\dataset_cls\train\Non_fractured\IMG0000954.jpg,train,Non_fractured,0.265352,0.91603,0.093924,0.85488,0.467792,0.623329,0.118402,0.190434,0.259694
data\dataset_cls\train\Non_fractured\IMG0000955.jpg,train,Non_fractured,0.464425,0.318411,0.0,0.085386,0.557189,0.303982,0.148835,0.372329,0.227088
data\dataset_cls\train\Non_fractured\IMG0000956.jpg,train,Non_fractured,0.584243,0.831562,0.362121,0.243352,0.611152,0.437422,0.333853,0.304403,0.113613
data\dataset_cls\train\Non_fractured\IMG0000957.jpg,train,Non_fractured,0.767749,0.709731,0.591217,0.649348,0.613585,0.385085,0.169183,0.094944,0.201159
data\dataset_cls\train\Non_fractured\IMG0000958.jpg,train,Non_fractured,0.68473,0.476052,0.912581,0.278336,0.635207,0.443502,0.097081,0.207347,0.117591
data\dataset_cls\train\Non_fractured\IMG0000960.jpg,train,Non_fractured,0.270917,0.446314,0.0,0.28022,0.47782,0.36587,0.084904,0.263308,0.228248
data\dataset_cls\train\Non_fractured\IMG0000961.jpg,train,Non_fractured,0.533568,0.99114,0.0,0.322585,0.401004,0.230612,0.525569,0.36604,0.297922
data\dataset_cls\train\Non_fractured\IMG0000962.jpg,train,Non_fractured,0.414634,0.0,0.5,0.5,0.42822,0.389533,0.29834,0.210123,0.095023
data\dataset_cls\train\Non_fractured\IMG0000965.jpg,train,Non_fractured,0.184804,0.373395,0.072018,0.173751,0.24086,0.417422,0.055211,0.175069,0.121724
data\dataset_cls\train\Non_fractured\IMG0000968.jpg,train,Non_fractured,0.245804,0.641963,0.020074,0.869096,0.302231,0.411991,0.056442,0.284045,0.255325
data\dataset_cls\train\Non_fractured\IMG0000969.jpg,train,Non_fractured,0.619719,0.383962,0.609997,0.414076,0.512163,0.502431,0.063097,0.035207,0.097161
data\dataset_cls\train\Non_fractured\IMG0000971.jpg,train,Non_fractured,0.391647,0.624102,0.402984,0.245454,0.556777,0.349378,0.225595,0.16772,0.120593
data\dataset_cls\train\Non_fractured\IMG0000972.jpg,train,Non_fractured,0.110554,0.277438,0.106358,0.264198,0.270534,0.499396,0.086815,0.10004,0.186806
data\dataset_cls\train\Non_fractured\IMG0000973.jpg,train,Non_fractured,0.087783,0.432076,0.106566,0.399347,0.384302,0.616084,0.116572,0.119857,0.233421
data\dataset_cls\train\Non_fractured\IMG0000974.jpg,train,Non_fractured,0.191399,0.489737,0.073978,0.558895,0.567752,0.446518,0.086743,0.212529,0.294643
data\dataset_cls\train\Non_fractured\IMG0000975.jpg,train,Non_fractured,0.259316,0.4061,0.53978,0.087322,0.389149,0.433728,0.167701,0.26422,0.124871
data\dataset_cls\train\Non_fractured\IMG0000976.jpg,train,Non_fractured,0.447572,0.62073,0.922088,0.43513,0.393506,0.367592,0.202559,0.336674,0.221688
data\dataset_cls\train\Non_fractured\IMG0000978.jpg,train,Non_fractured,0.212231,0.283493,0.0,0.093493,0.493036,0.25016,0.077874,0.261954,0.261202
data\dataset_cls\train\Non_fractured\IMG0000979.jpg,train,Non_fractured,0.723459,0.210564,0.5,0.5,0.383479,0.411828,0.249054,0.130819,0.156767
data\dataset_cls\train\Non_fractured\IMG0000981.jpg,train,Non_fractured,0.681026,0.567023,1.0,0.073644,0.598062,0.328988,0.256183,0.346458,0.161737
data\dataset_cls\train\Non_fractured\IMG0000984.jpg,train,Non_fractured,0.511051,0.334896,1.0,0.109043,0.53525,0.408863,0.178385,0.362993,0.192585
data\dataset_cls\train\Non_fractured\IMG0000985.jpg,train,Non_fractured,0.716115,0.390756,0.286634,0.409731,0.548106,0.535382,0.206495,0.233047,0.095327
data\dataset_cls\train\Non_fractured\IMG0000986.jpg,train,Non_fractured,0.280952,0.480901,0.228186,0.811426,0.585141,0.410602,0.120615,0.279432,0.27061
data\dataset_cls\train\Non_fractured\IMG0000987.jpg,train,Non_fractured,0.111198,0.39962,0.0,0.833333,0.51837,0.37921,0.16945,0.362799,0.3467
data\dataset_cls\train\Non_fractured\IMG0000988.jpg,train,Non_fractured,0.872142,0.562178,0.385271,0.4517,0.481336,0.539419,0.295911,0.205236,0.100605
data\dataset_cls\train\Non_fractured\IMG0000990.jpg,train,Non_fractured,0.21809,0.600756,0.040759,0.163276,0.449042,0.382358,0.219356,0.293261,0.213078
data\dataset_cls\train\Non_fractured\IMG0000991.jpg,train,Non_fractured,0.714691,0.268911,0.408323,0.126573,0.317268,0.39108,0.234693,0.153436,0.207667
data\dataset_cls\train\Non_fractured\IMG0000992.jpg,train,Non_fractured,0.531001,0.53986,0.587444,0.229764,0.433487,0.351752,0.166632,0.160196,0.086673
data\dataset_cls\train\Non_fractured\IMG0000993.jpg,train,Non_fractured,0.340366,0.614425,0.228894,0.420384,0.168663,0.448606,0.152639,0.076031,0.089893
data\dataset_cls\train\Non_fractured\IMG0000994.jpg,train,Non_fractured,0.879128,0.644061,0.833333,0.5,0.682488,0.455874,0.137098,0.048331,0.13933
data\dataset_cls\train\Non_fractured\IMG0000995.jpg,train,Non_fractured,0.836902,0.390276,0.028777,0.630599,0.56686,0.404206,0.369247,0.474939,0.114011
data\dataset_cls\train\Non_fractured\IMG0000996.jpg,train,Non_fractured,0.202425,0.447207,0.0,0.30677,0.512299,0.493432,0.047634,0.262006,0.28484
data\dataset_cls\train\Non_fractured\IMG0000997.jpg,train,Non_fractured,0.239902,0.563072,1.0,0.387195,0.3967,0.485038,0.317134,0.463534,0.14898
data\dataset_cls\train\Non_fractured\IMG0000998.jpg,train,Non_fractured,0.350207,0.0,0.5,0.5,0.535035,0.113457,0.232929,0.29798,0.116864
data\dataset_cls\train\Non_fractured\IMG0000999.jpg,train,Non_fractured,0.780475,0.145712,1.0,0.086309,0.325974,0.17437,0.078993,0.301879,0.378183
data\dataset_cls\train\Non_fractured\IMG0001000.jpg,train,Non_fractured,0.813444,0.22745,0.987001,0.077899,0.468032,0.268579,0.067733,0.257197,0.298308
data\dataset_cls\train\Non_fractured\IMG0001003.jpg,train,Non_fractured,0.840004,0.5736,0.295463,0.839145,0.613892,0.469795,0.262481,0.357119,0.160692
data\dataset_cls\train\Non_fractured\IMG0001004.jpg,train,Non_fractured,0.230881,0.408939,0.464807,0.914621,0.485158,0.430072,0.239416,0.337667,0.179559
data\dataset_cls\train\Non_fractured\IMG0001005.jpg,train,Non_fractured,0.725256,0.576109,0.479486,0.897543,0.525927,0.589277,0.185614,0.231399,0.110784
data\dataset_cls\train\Non_fractured\IMG0001010.jpg,train,Non_fractured,0.089807,0.277087,1.0,0.406684,0.47993,0.574667,0.456229,0.476926,0.161119
data\dataset_cls\train\Non_fractured\IMG0001011.jpg,train,Non_fractured,0.57605,0.423834,0.0,0.430467,0.501781,0.461028,0.217265,0.359366,0.144283
data\dataset_cls\train\Non_fractured\IMG0001012.jpg,train,Non_fractured,0.533275,0.412431,0.0,0.358584,0.610247,0.437715,0.152399,0.383743,0.231702
data\dataset_cls\train\Non_fractured\IMG0001014.jpg,train,Non_fractured,0.011173,0.423562,0.5,0.5,0.430693,0.414392,0.303612,0.193727,0.120938
data\dataset_cls\train\Non_fractured\IMG0001015.jpg,train,Non_fractured,0.411384,0.229001,0.719558,1.0,0.295294,0.470338,0.343466,0.49757,0.204155
data\dataset_cls\train\Non_fractured\IMG0001016.jpg,train,Non_fractured,0.48418,0.553535,0.287668,0.678697,0.66662,0.394145,0.012336,0.235472,0.238571
data\dataset_cls\train\Non_fractured\IMG0001017.jpg,train,Non_fractured,0.807408,0.353189,0.0,0.887962,0.723678,0.583159,0.391431,0.582057,0.214769
data\dataset_cls\train\Non_fractured\IMG0001018.jpg,train,Non_fractured,0.421112,0.0,0.880408,0.995387,0.197539,0.454082,0.489504,0.638224,0.303543
data\dataset_cls\train\Non_fractured\IMG0001019.jpg,train,Non_fractured,0.634447,0.505707,0.832965,0.445001,0.591215,0.440486,0.066643,0.147947,0.097797
data\dataset_cls\train\Non_fractured\IMG0001020.jpg,train,Non_fractured,0.287609,0.17124,0.509999,0.244498,0.403624,0.322808,0.135427,0.109601,0.076693
data\dataset_cls\train\Non_fractured\IMG0001021.jpg,train,Non_fractured,0.757583,0.502548,0.911471,0.260816,0.549241,0.345668,0.134105,0.203589,0.1917
data\dataset_cls\train\Non_fractured\IMG0001022.jpg,train,Non_fractured,0.423195,0.38363,0.686932,0.134771,0.637093,0.373738,0.181073,0.193306,0.093921
data\dataset_cls\train\Non_fractured\IMG0001027.jpg,train,Non_fractured,0.092971,0.281383,0.61936,0.994809,0.468686,0.582077,0.452429,0.438006,0.083796
data\dataset_cls\train\Non_fractured\IMG0001028.jpg,train,Non_fractured,0.169783,0.379365,0.311352,0.378944,0.1593,0.512276,0.062126,0.10755,0.103978
data\dataset_cls\train\Non_fractured\IMG0001029.jpg,train,Non_fractured,0.262089,0.683841,0.788423,0.266022,0.492886,0.3974,0.344678,0.329493,0.056012
data\dataset_cls\train\Non_fractured\IMG0001030.jpg,train,Non_fractured,0.354325,0.277503,0.737312,0.187384,0.463514,0.41082,0.164689,0.242598,0.130966
data\dataset_cls\train\Non_fractured\IMG0001031.jpg,train,Non_fractured,0.508522,0.780946,0.333047,0.930164,0.433073,0.496902,0.094951,0.214783,0.239242
data\dataset_cls\train\Non_fractured\IMG0001032.jpg,train,Non_fractured,0.211206,0.652296,0.015102,0.133339,0.229874,0.321544,0.289346,0.27262,0.091174
data\dataset_cls\train\Non_fractured\IMG0001033.jpg,train,Non_fractured,0.807714,0.294726,0.093092,0.801265,0.443922,0.340124,0.403817,0.479768,0.138648
data\dataset_cls\train\Non_fractured\IMG0001034.jpg,train,Non_fractured,0.594457,0.612887,0.5,0.5,0.487053,0.45287,0.113149,0.034909,0.079857
data\dataset_cls\train\Non_fractured\IMG0001037.jpg,train,Non_fractured,0.065487,0.40706,0.0,0.5,0.415142,0.554473,0.124061,0.160722,0.263665
data\dataset_cls\train\Non_fractured\IMG0001038.jpg,train,Non_fractured,0.10277,0.395882,0.257238,0.332806,0.185096,0.404599,0.080984,0.087903,0.027051
data\dataset_cls\train\Non_fractured\IMG0001039.jpg,train,Non_fractured,0.308971,0.830462,0.112943,0.840752,0.28606,0.468756,0.138012,0.177141,0.24964
data\dataset_cls\train\Non_fractured\IMG0001040.jpg,train,Non_fractured,0.144749,0.278471,0.105215,0.953959,0.522575,0.457503,0.306349,0.419286,0.2854
data\dataset_cls\train\Non_fractured\IMG0001044.jpg,train,Non_fractured,0.352512,0.70856,0.19026,0.169231,0.361527,0.424625,0.279135,0.28729,0.060842
data\dataset_cls\train\Non_fractured\IMG0001045.jpg,train,Non_fractured,0.664487,0.584184,0.0,0.193433,0.408367,0.616279,0.329334,0.44882,0.159914
data\dataset_cls\train\Non_fractured\IMG0001046.jpg,train,Non_fractured,0.785031,0.521256,0.0,0.918546,0.457853,0.37149,0.379807,0.520315,0.236323
data\dataset_cls\train\Non_fractured\IMG0001047.jpg,train,Non_fractured,0.371254,0.722571,0.865903,0.152494,0.566438,0.35952,0.38681,0.370361,0.062555
data\dataset_cls\train\Non_fractured\IMG0001049.jpg,train,Non_fractured,0.703297,0.281128,0.0,0.175405,0.462635,0.228286,0.319061,0.392223,0.073991
data\dataset_cls\train\Non_fractured\IMG0001050.jpg,train,Non_fractured,0.463019,0.393034,0.447295,1.0,0.714399,0.214714,0.163051,0.473563,0.364747
data\dataset_cls\train\Non_fractured\IMG0001052.jpg,train,Non_fractured,0.775954,0.140444,0.5,0.5,0.399283,0.306705,0.279365,0.19332,0.159384
data\dataset_cls\train\Non_fractured\IMG0001055.jpg,train,Non_fractured,0.627967,0.263318,0.0,0.5,0.295426,0.375371,0.340619,0.330522,0.013062
data\dataset_cls\train\Non_fractured\IMG0001056.jpg,train,Non_fractured,0.728984,0.297489,0.341903,0.142436,0.574316,0.252428,0.192509,0.224604,0.033764
data\dataset_cls\train\Non_fractured\IMG0001057.jpg,train,Non_fractured,0.137039,0.979158,0.5,0.5,0.660588,0.3404,0.475586,0.126083,0.350463
data\dataset_cls\train\Non_fractured\IMG0001058.jpg,train,Non_fractured,0.90822,0.760746,0.501203,0.860502,0.689532,0.494079,0.215862,0.25205,0.211273
data\dataset_cls\train\Non_fractured\IMG0001059.jpg,train,Non_fractured,0.841628,0.3515,0.964913,0.465944,0.68977,0.240153,0.00958,0.174644,0.18135
data\dataset_cls\train\Non_fractured\IMG0001061.jpg,train,Non_fractured,0.689256,0.633222,0.474954,0.846748,0.349214,0.377258,0.185322,0.229578,0.287371
data\dataset_cls\train\Non_fractured\IMG0001062.jpg,train,Non_fractured,0.392083,0.139251,0.014546,0.383346,0.385209,0.318632,0.190643,0.269808,0.127144
data\dataset_cls\train\Non_fractured\IMG0001063.jpg,train,Non_fractured,0.476076,0.198224,0.918315,0.143457,0.417733,0.283797,0.128377,0.320932,0.200951
data\dataset_cls\train\Non_fractured\IMG0001064.jpg,train,Non_fractured,0.450957,0.409092,0.0,0.833333,0.451107,0.377391,0.199253,0.420111,0.221467
data\dataset_cls\train\Non_fractured\IMG0001065.jpg,train,Non_fractured,0.657331,0.383567,0.490437,0.307782,0.432544,0.399306,0.132086,0.066561,0.100782
data\dataset_cls\train\Non_fractured\IMG0001066.jpg,train,Non_fractured,0.30519,0.573413,0.531925,0.424671,0.608482,0.502635,0.191229,0.090645,0.126639
data\dataset_cls\train\Non_fractured\IMG0001067.jpg,train,Non_fractured,0.574615,0.0,0.5,0.5,0.451648,0.186673,0.238178,0.27125,0.071018
data\dataset_cls\train\Non_fractured\IMG0001068.jpg,train,Non_fractured,0.269059,0.601044,0.333333,1.0,0.16938,0.516692,0.10553,0.303768,0.208631
data\dataset_cls\train\Non_fractured\IMG0001071.jpg,train,Non_fractured,0.631337,0.297204,0.355888,0.093359,0.381278,0.39139,0.178942,0.195045,0.150669
data\dataset_cls\train\Non_fractured\IMG0001072.jpg,train,Non_fractured,0.531959,0.237796,0.885358,0.216825,0.577388,0.341364,0.135763,0.225729,0.115931
data\dataset_cls\train\Non_fractured\IMG0001074.jpg,train,Non_fractured,0.469662,0.502827,0.884858,0.417647,0.516382,0.399859,0.166255,0.262188,0.114557
data\dataset_cls\train\Non_fractured\IMG0001077.jpg,train,Non_fractured,0.78468,0.600709,0.299314,0.936678,0.535403,0.474199,0.25464,0.358704,0.196379
data\dataset_cls\train\Non_fractured\IMG0001080.jpg,train,Non_fractured,0.36694,0.43926,0.970626,0.315428,0.599798,0.540445,0.27895,0.345024,0.11806
data\dataset_cls\train\Non_fractured\IMG0001081.jpg,train,Non_fractured,0.758813,0.627779,0.5,0.5,0.407832,0.231603,0.267992,0.072682,0.266258
data\dataset_cls\train\Non_fractured\IMG0001082.jpg,train,Non_fractured,0.348451,0.680131,0.874173,0.151883,0.619609,0.527345,0.349416,0.397986,0.074431
data\dataset_cls\train\Non_fractured\IMG0001083.jpg,train,Non_fractured,0.786431,0.505716,0.492223,0.158317,0.614464,0.44899,0.205652,0.253983,0.079724
data\dataset_cls\train\Non_fractured\IMG0001085.jpg,train,Non_fractured,0.161614,0.185401,0.5,0.5,0.525773,0.532484,0.321696,0.140363,0.181389
data\dataset_cls\train\Non_fractured\IMG0001087.jpg,train,Non_fractured,0.139493,0.342317,0.0,0.833333,0.474086,0.216402,0.137987,0.422167,0.366027
data\dataset_cls\train\Non_fractured\IMG0001089.jpg,train,Non_fractured,0.328545,0.265118,0.04925,0.0,0.572557,0.342545,0.06366,0.335563,0.291577
data\dataset_cls\train\Non_fractured\IMG0001090.jpg,train,Non_fractured,0.737964,0.206441,0.5,0.5,0.538657,0.280034,0.190323,0.19443,0.072444
data\dataset_cls\train\Non_fractured\IMG0001093.jpg,train,Non_fractured,0.173284,0.0,0.0,0.0,0.294444,0.340269,0.114746,0.192802,0.265802
data\dataset_cls\train\Non_fractured\IMG0001095.jpg,train,Non_fractured,0.353069,0.659778,0.984199,0.421606,0.44608,0.547744,0.268126,0.40823,0.148444
data\dataset_cls\train\Non_fractured\IMG0001097.jpg,train,Non_fractured,0.159042,0.85032,0.0,0.620243,0.212987,0.576231,0.171668,0.138655,0.13842
data\dataset_cls\train\Non_fractured\IMG0001100.jpg,train,Non_fractured,0.838523,0.884926,0.465947,0.534053,0.738606,0.430859,0.311123,0.23038,0.194473
data\dataset_cls\train\Non_fractured\IMG0001101.jpg,train,Non_fractured,0.862475,0.452405,0.304611,0.65978,0.62758,0.453136,0.273206,0.324428,0.074653
data\dataset_cls\train\Non_fractured\IMG0001102.jpg,train,Non_fractured,0.502381,0.435119,0.837045,0.081465,0.533316,0.49503,0.156329,0.332695,0.182147
data\dataset_cls\train\Non_fractured\IMG0001103.jpg,train,Non_fractured,0.263356,0.813567,0.80611,0.090132,0.565516,0.380007,0.477553,0.426931,0.052106
data\dataset_cls\train\Non_fractured\IMG0001106.jpg,train,Non_fractured,0.791301,0.639806,0.0,0.912335,0.566069,0.292788,0.339753,0.541423,0.341633
data\dataset_cls\train\Non_fractured\IMG0001107.jpg,train,Non_fractured,0.538399,0.625694,0.778485,0.615244,0.497831,0.505776,0.079445,0.176691,0.131573
data\dataset_cls\train\Non_fractured\IMG0001108.jpg,train,Non_fractured,0.862175,0.87632,0.0,0.666667,0.513424,0.686238,0.425066,0.464855,0.079015
data\dataset_cls\train\Non_fractured\IMG0001109.jpg,train,Non_fractured,0.431446,0.502806,0.226909,0.77147,0.678627,0.566005,0.111531,0.26987,0.237744
data\dataset_cls\train\Non_fractured\IMG0001110.jpg,train,Non_fractured,0.06985,0.616465,0.0,0.607012,0.621433,0.473599,0.168413,0.234103,0.401704
data\dataset_cls\train\Non_fractured\IMG0001111.jpg,train,Non_fractured,0.171632,0.640413,0.5,0.5,0.720209,0.173953,0.355485,0.071615,0.368043
data\dataset_cls\train\Non_fractured\IMG0001112.jpg,train,Non_fractured,0.655465,0.514094,0.758151,0.154388,0.382797,0.266888,0.210089,0.223979,0.220625
data\dataset_cls\train\Non_fractured\IMG0001113.jpg,train,Non_fractured,0.478161,0.373251,0.649455,0.867904,0.59402,0.336138,0.180061,0.350387,0.190693
data\dataset_cls\train\Non_fractured\IMG0001114.jpg,train,Non_fractured,0.205517,0.753868,0.350106,0.46122,0.366232,0.348908,0.25383,0.073804,0.182222
data\dataset_cls\train\Non_fractured\IMG0001115.jpg,train,Non_fractured,0.820034,0.555565,1.0,0.43557,0.557261,0.461549,0.076491,0.213195,0.236261
data\dataset_cls\train\Non_fractured\IMG0001116.jpg,train,Non_fractured,0.803576,0.138109,1.0,0.914551,0.727279,0.212578,0.28645,0.517022,0.239345
data\dataset_cls\train\Non_fractured\IMG0001117.jpg,train,Non_fractured,0.510675,0.108769,0.821973,0.156691,0.680468,0.412813,0.198698,0.166125,0.18696
data\dataset_cls\train\Non_fractured\IMG0001118.jpg,train,Non_fractured,0.960598,0.709167,0.246287,0.568232,0.860596,0.484067,0.297599,0.443277,0.200043
data\dataset_cls\train\Non_fractured\IMG0001120.jpg,train,Non_fractured,0.187474,0.278161,0.0,0.853605,0.612597,0.702168,0.342439,0.360319,0.35764
data\dataset_cls\train\Non_fractured\IMG0001121.jpg,train,Non_fractured,0.213606,0.558394,0.751378,0.781996,0.662772,0.462793,0.331735,0.276282,0.183202
data\dataset_cls\train\Non_fractured\IMG0001122.jpg,train,Non_fractured,0.799294,0.554182,0.067081,0.703076,0.360489,0.364038,0.390581,0.37859,0.182931
data\dataset_cls\train\Non_fractured\IMG0001124.jpg,train,Non_fractured,0.606804,0.322005,0.154057,0.308545,0.537931,0.449807,0.178002,0.283603,0.138091
data\dataset_cls\train\Non_fractured\IMG0001125.jpg,train,Non_fractured,0.455218,0.234706,0.125473,0.154759,0.33214,0.343988,0.151257,0.200054,0.103331
data\dataset_cls\train\Non_fractured\IMG0001126.jpg,train,Non_fractured,0.500316,0.267285,0.057489,0.141739,0.561227,0.377189,0.127412,0.337689,0.22063
data\dataset_cls\train\Non_fractured\IMG0001127.jpg,train,Non_fractured,0.788892,0.485595,0.108177,0.0,0.404801,0.518607,0.385666,0.467097,0.18617
data\dataset_cls\train\Non_fractured\IMG0001128.jpg,train,Non_fractured,0.331419,0.754892,0.878481,0.245989,0.431447,0.597219,0.309668,0.438185,0.132446
data\dataset_cls\train\Non_fractured\IMG0001129.jpg,train,Non_fractured,0.239897,0.354354,0.751861,0.217441,0.778638,0.311113,0.355346,0.179064,0.189254
data\dataset_cls\train\Non_fractured\IMG0001130.jpg,train,Non_fractured,0.092689,0.137765,0.5,0.5,0.556384,0.27799,0.335181,0.227179,0.17549
data\dataset_cls\train\Non_fractured\IMG0001131.jpg,train,Non_fractured,0.614524,0.392596,0.5,0.5,0.469984,0.306916,0.086658,0.104048,0.109635
data\dataset_cls\train\Non_fractured\IMG0001132.jpg,train,Non_fractured,0.654365,0.430636,1.0,0.152437,0.519101,0.376417,0.13113,0.322377,0.21304
data\dataset_cls\train\Non_fractured\IMG0001133.jpg,train,Non_fractured,0.160721,0.60098,0.394162,0.390578,0.183088,0.397862,0.162082,0.164986,0.090653
data\dataset_cls\train\Non_fractured\IMG0001134.jpg,train,Non_fractured,0.41237,0.619873,0.535155,0.898778,0.585853,0.288201,0.10031,0.297466,0.32285
data\dataset_cls\train\Non_fractured\IMG0001135.jpg,train,Non_fractured,0.603247,0.325176,0.029003,0.679052,0.342076,0.358247,0.306893,0.371562,0.097459
data\dataset_cls\train\Non_fractured\IMG0001136.jpg,train,Non_fractured,0.682221,0.129799,0.0,0.034742,0.3897,0.261581,0.325145,0.37307,0.123851
data\dataset_cls\train\Non_fractured\IMG0001137.jpg,train,Non_fractured,0.689287,0.571296,0.5,0.5,0.227524,0.362973,0.236186,0.035341,0.270468
data\dataset_cls\train\Non_fractured\IMG0001139.jpg,train,Non_fractured,0.541777,0.500251,0.111497,0.833357,0.631831,0.369801,0.132003,0.413433,0.283905
data\dataset_cls\train\Non_fractured\IMG0001140.jpg,train,Non_fractured,0.499703,0.46161,0.441185,0.542079,0.40291,0.465106,0.058852,0.052913,0.051253
data\dataset_cls\train\Non_fractured\IMG0001141.jpg,train,Non_fractured,0.598322,0.484331,0.411496,0.846938,0.519948,0.472167,0.146493,0.264767,0.129367
data\dataset_cls\train\Non_fractured\IMG0001142.jpg,train,Non_fractured,0.0,0.292278,0.5,0.5,0.11397,0.523547,0.251588,0.301657,0.124252
data\dataset_cls\train\Non_fractured\IMG0001143.jpg,train,Non_fractured,0.545507,0.433977,0.718939,0.524486,0.268625,0.483213,0.057956,0.212505,0.242413
data\dataset_cls\train\Non_fractured\IMG0001144.jpg,train,Non_fractured,0.781969,0.559299,0.592484,0.465831,0.467956,0.493033,0.176076,0.045681,0.146759
data\dataset_cls\train\Non_fractured\IMG0001149.jpg,train,Non_fractured,0.259458,0.59849,1.0,0.540239,0.616538,0.195176,0.396907,0.386673,0.249614
data\dataset_cls\train\Non_fractured\IMG0001150.jpg,train,Non_fractured,0.859402,0.31187,0.906361,0.136671,0.532913,0.472889,0.093296,0.220679,0.286193
data\dataset_cls\train\Non_fractured\IMG0001154.jpg,train,Non_fractured,0.702156,0.17126,0.185702,0.224727,0.302913,0.610152,0.346558,0.238451,0.29041
data\dataset_cls\train\Non_fractured\IMG0001155.jpg,train,Non_fractured,0.733443,0.996116,0.5,0.5,0.40172,0.497183,0.38145,0.170494,0.220267
data\dataset_cls\train\Non_fractured\IMG0001156.jpg,train,Non_fractured,0.36154,0.925975,0.5,0.5,0.477385,0.652698,0.24802,0.200224,0.050806
data\dataset_cls\train\Non_fractured\IMG0001158.jpg,train,Non_fractured,0.451233,0.66851,0.779711,0.534594,0.363226,0.643384,0.096102,0.261168,0.170461
data\dataset_cls\train\Non_fractured\IMG0001160.jpg,train,Non_fractured,0.678167,0.893363,0.5,1.0,0.443169,0.648705,0.145203,0.157911,0.22119
data\dataset_cls\train\Non_fractured\IMG0001161.jpg,train,Non_fractured,0.638176,0.441767,0.381915,0.119814,0.5117,0.273752,0.207246,0.204261,0.00482
data\dataset_cls\train\Non_fractured\IMG0001163.jpg,train,Non_fractured,0.062526,0.658013,0.015674,0.637811,0.369848,0.340052,0.142282,0.162569,0.301236
data\dataset_cls\train\Non_fractured\IMG0001169.jpg,train,Non_fractured,0.577958,0.477735,0.5,0.5,0.510936,0.286152,0.074303,0.084097,0.136431
data\dataset_cls\train\Non_fractured\IMG0001170.jpg,train,Non_fractured,0.5,0.5,0.5,0.5,0.589321,0.089979,0.139879,0.139879,0.279758
data\dataset_cls\train\Non_fractured\IMG0001171.jpg,train,Non_fractured,0.813321,0.435082,0.032966,0.637662,0.511861,0.417739,0.365853,0.442747,0.098758
data\dataset_cls\train\Non_fractured\IMG0001172.jpg,train,Non_fractured,0.508344,0.593119,0.310073,0.318903,0.655152,0.539051,0.110764,0.244864,0.173056
data\dataset_cls\train\Non_fractured\IMG0001175.jpg,train,Non_fractured,0.338435,0.587072,1.0,0.144435,0.500805,0.378442,0.350082,0.447861,0.112593
data\dataset_cls\train\Non_fractured\IMG0001176.jpg,train,Non_fractured,0.134789,0.748089,0.647966,0.607344,0.197611,0.486818,0.23414,0.321248,0.181338
data\dataset_cls\train\Non_fractured\IMG0001178.jpg,train,Non_fractured,0.672337,0.795315,0.608903,0.847754,0.589095,0.47835,0.100824,0.141364,0.231354
data\dataset_cls\train\Non_fractured\IMG0001179.jpg,train,Non_fractured,0.759347,0.613501,0.193577,0.429245,0.626891,0.266545,0.292443,0.333105,0.197277
data\dataset_cls\train\Non_fractured\IMG0001180.jpg,train,Non_fractured,0.590519,0.452952,0.227639,0.157017,0.446681,0.42168,0.201061,0.269342,0.081736
data\dataset_cls\train\Non_fractured\IMG0001181.jpg,train,Non_fractured,0.349552,0.689111,0.085878,0.804774,0.415994,0.5289,0.0674,0.237086,0.196477
data\dataset_cls\train\Non_fractured\IMG0001182.jpg,train,Non_fractured,0.488683,0.685525,0.939783,0.533305,0.411674,0.569051,0.153529,0.332362,0.203493
data\dataset_cls\train\Non_fractured\IMG0001183.jpg,train,Non_fractured,0.539913,0.376585,0.101131,0.891857,0.61149,0.433543,0.226639,0.453228,0.23564
data\dataset_cls\train\Non_fractured\IMG0001184.jpg,train,Non_fractured,0.824519,0.595731,0.5,0.5,0.746701,0.370091,0.171644,0.190747,0.131206
data\dataset_cls\train\Non_fractured\IMG0001185.jpg,train,Non_fractured,0.897662,0.430939,0.386756,0.361633,0.513797,0.544583,0.298623,0.22867,0.130778
data\dataset_cls\train\Non_fractured\IMG0001187.jpg,train,Non_fractured,0.513699,0.594941,0.285305,0.434081,0.643019,0.443035,0.109361,0.203404,0.169193
data\dataset_cls\train\Non_fractured\IMG0001188.jpg,train,Non_fractured,0.493168,0.541575,0.789365,0.226901,0.624271,0.340765,0.223186,0.209877,0.031118
data\dataset_cls\train\Non_fractured\IMG0001189.jpg,train,Non_fractured,0.474199,0.567402,0.862228,0.652937,0.63854,0.372571,0.187694,0.2376,0.15963
data\dataset_cls\train\Non_fractured\IMG0001190.jpg,train,Non_fractured,0.577389,0.427586,0.133209,0.198449,0.677824,0.39153,0.144717,0.358389,0.221296
data\dataset_cls\train\Non_fractured\IMG0001193.jpg,train,Non_fractured,0.478146,0.619233,0.5,0.5,0.474102,0.665111,0.025162,0.096109,0.071034
data\dataset_cls\train\Non_fractured\IMG0001194.jpg,train,Non_fractured,0.757655,0.283419,0.5,0.5,0.299171,0.347726,0.256418,0.124402,0.221718
data\dataset_cls\train\Non_fractured\IMG0001195.jpg,train,Non_fractured,0.703484,0.681169,0.798745,0.496842,0.458008,0.2893,0.198485,0.145539,0.279472
data\dataset_cls\train\Non_fractured\IMG0001196.jpg,train,Non_fractured,0.517507,0.685677,0.216011,0.805405,0.657422,0.363545,0.08633,0.310428,0.320004
data\dataset_cls\train\Non_fractured\IMG0001197.jpg,train,Non_fractured,0.754228,0.51594,0.661031,0.269457,0.519818,0.499506,0.14002,0.159649,0.144039
data\dataset_cls\train\Non_fractured\IMG0001202.jpg,train,Non_fractured,0.528023,0.508993,0.604262,0.85692,0.417457,0.438109,0.093054,0.270201,0.190971
data\dataset_cls\train\Non_fractured\IMG0001203.jpg,train,Non_fractured,0.576347,0.921939,0.42971,0.462825,0.556346,0.315784,0.359408,0.13827,0.253569
data\dataset_cls\train\Non_fractured\IMG0001204.jpg,train,Non_fractured,0.647357,0.560359,0.000356,0.999941,0.585075,0.49633,0.267524,0.517123,0.257155
data\dataset_cls\train\Non_fractured\IMG0001205.jpg,train,Non_fractured,0.568509,0.539764,0.891276,0.206874,0.665722,0.436367,0.201861,0.261817,0.059974
data\dataset_cls\train\Non_fractured\IMG0001206.jpg,train,Non_fractured,0.375518,0.249341,1.0,0.162305,0.532231,0.2063,0.263984,0.366694,0.103686
data\dataset_cls\train\Non_fractured\IMG0001207.jpg,train,Non_fractured,0.171877,0.250358,0.22339,0.19633,0.457561,0.509066,0.131486,0.136577,0.257509
data\dataset_cls\train\Non_fractured\IMG0001208.jpg,train,Non_fractured,0.359597,0.95528,0.128624,1.0,0.463983,0.61815,0.106211,0.236337,0.280933
data\dataset_cls\train\Non_fractured\IMG0001209.jpg,train,Non_fractured,0.687453,0.414018,0.292509,0.220339,0.620815,0.372849,0.17263,0.267278,0.09479
data\dataset_cls\train\Non_fractured\IMG0001211.jpg,train,Non_fractured,0.588154,0.345613,0.911621,0.137217,0.414111,0.437365,0.063187,0.321907,0.25918
data\dataset_cls\train\Non_fractured\IMG0001213.jpg,train,Non_fractured,0.10671,0.406424,0.130002,0.098355,0.258308,0.394599,0.121526,0.204456,0.133016
data\dataset_cls\train\Non_fractured\IMG0001214.jpg,train,Non_fractured,0.532065,0.717141,0.67785,0.370466,0.634916,0.354076,0.250677,0.126799,0.128052
data\dataset_cls\train\Non_fractured\IMG0001215.jpg,train,Non_fractured,0.183426,0.098205,0.07067,0.902787,0.400213,0.340012,0.350516,0.479037,0.211212
data\dataset_cls\train\Non_fractured\IMG0001216.jpg,train,Non_fractured,0.0,0.0,0.5,0.5,0.437595,0.28685,0.408006,0.302743,0.127453
data\dataset_cls\train\Non_fractured\IMG0001217.jpg,train,Non_fractured,0.195639,0.453864,0.009015,0.432906,0.206033,0.351968,0.071609,0.129434,0.092164
data\dataset_cls\train\Non_fractured\IMG0001218.jpg,train,Non_fractured,0.166113,0.450569,0.306042,0.402784,0.350418,0.385785,0.114406,0.033463,0.080955
data\dataset_cls\train\Non_fractured\IMG0001220.jpg,train,Non_fractured,0.193608,0.129072,0.057363,0.58943,0.408508,0.642525,0.325661,0.211716,0.266955
data\dataset_cls\train\Non_fractured\IMG0001222.jpg,train,Non_fractured,0.367175,0.653129,0.323937,0.208319,0.441213,0.540236,0.186184,0.26438,0.096938
data\dataset_cls\train\Non_fractured\IMG0001223.jpg,train,Non_fractured,0.762107,0.332855,0.0,0.658169,0.529361,0.352246,0.35096,0.47916,0.13747
data\dataset_cls\train\Non_fractured\IMG0001228.jpg,train,Non_fractured,0.435269,0.644119,0.911498,0.059371,0.287969,0.70812,0.20531,0.550856,0.349951
data\dataset_cls\train\Non_fractured\IMG0001230.jpg,train,Non_fractured,1.0,1.0,1.0,0.333333,0.490448,0.281643,0.491927,0.266216,0.425773
data\dataset_cls\train\Non_fractured\IMG0001231.jpg,train,Non_fractured,0.153635,0.98872,1.0,0.259632,0.581322,0.162048,0.67029,0.471302,0.3081
data\dataset_cls\train\Non_fractured\IMG0001232.jpg,train,Non_fractured,1.0,0.0,0.5,0.5,0.463514,0.51827,0.48433,0.222838,0.261655
data\dataset_cls\train\Non_fractured\IMG0001233.jpg,train,Non_fractured,0.407458,0.0,0.5,0.5,0.395774,0.343125,0.282331,0.228571,0.073124
data\dataset_cls\train\Non_fractured\IMG0001234.jpg,train,Non_fractured,0.0,0.0,0.5,0.5,0.532247,0.174377,0.411004,0.316306,0.194801
data\dataset_cls\train\Non_fractured\IMG0001235.jpg,train,Non_fractured,0.432183,0.805695,0.079348,0.857074,0.304895,0.534751,0.175982,0.229535,0.20045
data\dataset_cls\train\Non_fractured\IMG0001237.jpg,train,Non_fractured,0.357047,0.322351,0.0,0.375036,0.381213,0.345595,0.113811,0.247605,0.135142
data\dataset_cls\train\Non_fractured\IMG0001238.jpg,train,Non_fractured,0.612479,0.331026,0.0,0.604716,0.689233,0.398828,0.21177,0.462415,0.259445
data\dataset_cls\train\Non_fractured\IMG0001239.jpg,train,Non_fractured,0.521905,0.167876,0.427064,0.930279,0.409287,0.484182,0.366159,0.403652,0.061327
data\dataset_cls\train\Non_fractured\IMG0001240.jpg,train,Non_fractured,0.375037,0.57499,0.091171,0.666667,0.411258,0.337459,0.095802,0.24538,0.223146
data\dataset_cls\train\Non_fractured\IMG0001242.jpg,train,Non_fractured,0.493384,0.545738,0.766675,0.424064,0.571407,0.503863,0.129173,0.170013,0.041075
data\dataset_cls\train\Non_fractured\IMG0001243.jpg,train,Non_fractured,0.861301,0.559607,0.654917,0.403146,0.424635,0.474958,0.228922,0.076507,0.222357
data\dataset_cls\train\Non_fractured\IMG0001244.jpg,train,Non_fractured,0.679113,0.876834,0.0,0.173569,0.150754,0.508813,0.538067,0.443118,0.126342
data\dataset_cls\train\Non_fractured\IMG0001245.jpg,train,Non_fractured,0.572849,0.768412,0.521765,0.8909,0.402326,0.536996,0.082311,0.160424,0.217735
data\dataset_cls\train\Non_fractured\IMG0001246.jpg,train,Non_fractured,0.913361,0.631879,0.489716,0.693253,0.339365,0.760395,0.338517,0.091118,0.250102
data\dataset_cls\train\Non_fractured\IMG0001247.jpg,train,Non_fractured,0.551725,0.244824,0.435667,0.637965,0.507845,0.488375,0.218824,0.191483,0.03271
data\dataset_cls\train\Non_fractured\IMG0001248.jpg,train,Non_fractured,0.431836,0.342018,0.0,0.328419,0.656505,0.312591,0.070529,0.362781,0.294112
data\dataset_cls\train\Non_fractured\IMG0001250.jpg,train,Non_fractured,0.359683,0.691487,0.018682,0.469453,0.471348,0.570092,0.137654,0.285584,0.188238
data\dataset_cls\train\Non_fractured\IMG0001251.jpg,train,Non_fractured,0.188723,0.782894,0.891917,0.811312,0.182609,0.196887,0.29755,0.517302,0.465817
data\dataset_cls\train\Non_fractured\IMG0001252.jpg,train,Non_fractured,0.609306,0.63384,0.5,0.5,0.419914,0.51561,0.130282,0.05076,0.096119
data\dataset_cls\train\Non_fractured\IMG0001253.jpg,train,Non_fractured,0.640697,0.88888,0.0,0.833333,0.610246,0.282142,0.3143,0.448519,0.431658
data\dataset_cls\train\Non_fractured\IMG0001256.jpg,train,Non_fractured,0.694153,0.28368,0.5,0.5,0.784303,0.359449,0.103351,0.198963,0.126671
data\dataset_cls\train\Non_fractured\IMG0001257.jpg,train,Non_fractured,0.642653,0.25789,0.5,0.5,0.571532,0.236566,0.10244,0.183015,0.09492
data\dataset_cls\train\Non_fractured\IMG0001258.jpg,train,Non_fractured,0.081253,0.252301,0.5,0.5,0.374724,0.246375,0.250712,0.246596,0.103094
data\dataset_cls\train\Non_fractured\IMG0001259.jpg,train,Non_fractured,0.393424,0.434733,0.0,0.895747,0.519652,0.714274,0.262428,0.372156,0.217761
data\dataset_cls\train\Non_fractured\IMG0001260.jpg,train,Non_fractured,0.757821,0.496215,0.251418,0.790485,0.567258,0.306059,0.2349,0.377484,0.228706
data\dataset_cls\train\Non_fractured\IMG0001261.jpg,train,Non_fractured,0.077186,0.454456,0.840572,0.196402,0.451903,0.465273,0.388216,0.42228,0.093345
data\dataset_cls\train\Non_fractured\IMG0001263.jpg,train,Non_fractured,0.354069,0.972193,0.134816,0.0,0.409654,0.401631,0.517137,0.486657,0.123701
data\dataset_cls\train\Non_fractured\IMG0001264.jpg,train,Non_fractured,0.791235,0.748133,0.90188,0.196137,0.429382,0.318422,0.337779,0.297155,0.296396
data\dataset_cls\train\Non_fractured\IMG0001265.jpg,train,Non_fractured,0.650022,0.464438,0.0,0.834888,0.480519,0.244651,0.277753,0.49453,0.289227
data\dataset_cls\train\Non_fractured\IMG0001266.jpg,train,Non_fractured,0.116468,0.285189,0.0,0.274552,0.246358,0.50944,0.071345,0.14603,0.197869
data\dataset_cls\train\Non_fractured\IMG0001267.jpg,train,Non_fractured,0.589552,0.47048,0.780724,0.921437,0.474532,0.550185,0.178699,0.320312,0.170756
data\dataset_cls\train\Non_fractured\IMG0001268.jpg,train,Non_fractured,0.764169,0.147894,0.077202,0.223744,0.545273,0.414851,0.322853,0.386925,0.173817
data\dataset_cls\train\Non_fractured\IMG0001269.jpg,train,Non_fractured,0.09056,0.189772,0.5,0.5,0.490869,0.522616,0.34468,0.169287,0.176186
data\dataset_cls\train\Non_fractured\IMG0001270.jpg,train,Non_fractured,0.681607,0.889086,0.5,0.5,0.623292,0.330797,0.325761,0.125305,0.243463
data\dataset_cls\train\Non_fractured\IMG0001271.jpg,train,Non_fractured,0.456604,0.792495,0.0,0.108345,0.617209,0.295219,0.405981,0.460888,0.279154
data\dataset_cls\train\Non_fractured\IMG0001273.jpg,train,Non_fractured,0.424305,0.968331,0.0,1.0,0.35321,0.49475,0.221286,0.314962,0.339558
data\dataset_cls\train\Non_fractured\IMG0001274.jpg,train,Non_fractured,0.223742,0.018237,0.172375,0.0,0.337452,0.27848,0.083302,0.122424,0.202195
data\dataset_cls\train\Non_fractured\IMG0001275.jpg,train,Non_fractured,0.469192,0.621136,0.784634,0.953026,0.472546,0.413286,0.114026,0.358009,0.26961
data\dataset_cls\train\Non_fractured\IMG0001276.jpg,train,Non_fractured,0.006603,0.201702,0.0,0.0,0.441608,0.412323,0.142831,0.253404,0.35847
data\dataset_cls\train\Non_fractured\IMG0001277.jpg,train,Non_fractured,0.692928,0.54041,0.623326,0.351719,0.595446,0.447843,0.109048,0.095951,0.041804
data\dataset_cls\train\Non_fractured\IMG0001278.jpg,train,Non_fractured,0.847573,0.411723,0.586288,0.228759,0.632273,0.399305,0.171694,0.156128,0.077224
data\dataset_cls\train\Non_fractured\IMG0001279.jpg,train,Non_fractured,0.483866,0.623519,0.5,0.5,0.608464,0.54228,0.082819,0.063258,0.078765
data\dataset_cls\train\Non_fractured\IMG0001280.jpg,train,Non_fractured,0.596415,0.436179,0.82398,0.484912,0.387662,0.255077,0.044566,0.239986,0.254948
data\dataset_cls\train\Non_fractured\IMG0001281.jpg,train,Non_fractured,0.143598,0.937519,0.498578,0.536873,0.819037,0.22791,0.504912,0.032655,0.474845
data\dataset_cls\train\Non_fractured\IMG0001282.jpg,train,Non_fractured,0.3376,0.646851,1.0,0.156559,0.551561,0.300844,0.403788,0.426439,0.103103
data\dataset_cls\train\Non_fractured\IMG0001283.jpg,train,Non_fractured,0.531724,0.645607,0.199874,0.083667,0.3483,0.514983,0.287741,0.36776,0.100907
data\dataset_cls\train\Non_fractured\IMG0001285.jpg,train,Non_fractured,0.524153,0.585858,0.310483,0.823697,0.535875,0.476591,0.079801,0.243798,0.171432
data\dataset_cls\train\Non_fractured\IMG0001286.jpg,train,Non_fractured,0.727282,0.360684,0.122589,0.750109,0.417235,0.357282,0.330951,0.397314,0.132176
data\dataset_cls\train\Non_fractured\IMG0001287.jpg,train,Non_fractured,0.723661,0.695514,0.153539,0.15393,0.699634,0.316205,0.365309,0.439868,0.188461
data\dataset_cls\train\Non_fractured\IMG0001289.jpg,train,Non_fractured,0.528721,0.549825,0.483507,0.318188,0.723563,0.306377,0.16603,0.120047,0.168092
data\dataset_cls\train\Non_fractured\IMG0001291.jpg,train,Non_fractured,0.833987,0.482025,0.149303,0.144831,0.733242,0.378287,0.300245,0.463686,0.166767
data\dataset_cls\train\Non_fractured\IMG0001292.jpg,train,Non_fractured,0.46673,0.227827,0.066887,0.776135,0.615868,0.208338,0.195079,0.488303,0.304097
data\dataset_cls\train\Non_fractured\IMG0001293.jpg,train,Non_fractured,0.552125,0.258541,0.5,0.5,0.376722,0.370285,0.140048,0.125977,0.09974
data\dataset_cls\train\Non_fractured\IMG0001294.jpg,train,Non_fractured,1.0,0.333333,0.5,0.5,0.40297,0.252942,0.366806,0.192513,0.255809
data\dataset_cls\train\Non_fractured\IMG0001295.jpg,train,Non_fractured,0.631004,0.035464,0.5,0.5,0.392484,0.365949,0.292234,0.199683,0.132635
data\dataset_cls\train\Non_fractured\IMG0001296.jpg,train,Non_fractured,0.555325,0.191855,0.606963,0.039823,0.598936,0.357212,0.032059,0.157733,0.161352
data\dataset_cls\train\Non_fractured\IMG0001297.jpg,train,Non_fractured,0.381775,0.134981,0.5,0.5,0.547114,0.401447,0.230743,0.156332,0.090266
data\dataset_cls\train\Non_fractured\IMG0001298.jpg,train,Non_fractured,0.218656,0.431981,0.5,0.5,0.574487,0.299536,0.213475,0.112976,0.181353
data\dataset_cls\train\Non_fractured\IMG0001300.jpg,train,Non_fractured,0.54466,0.009087,0.0,0.089415,0.375536,0.412641,0.287447,0.317238,0.251841
data\dataset_cls\train\Non_fractured\IMG0001301.jpg,train,Non_fractured,0.284108,0.543984,0.5,0.5,0.280771,0.410409,0.09232,0.145835,0.10506
data\dataset_cls\train\Non_fractured\IMG0001302.jpg,train,Non_fractured,0.5,0.5,0.0,0.885138,0.441092,0.305822,0.196877,0.449175,0.287588
data\dataset_cls\train\Non_fractured\IMG0001304.jpg,train,Non_fractured,0.90447,0.439692,1.0,0.333333,0.630409,0.55391,0.059568,0.18951,0.241839
data\dataset_cls\train\Non_fractured\IMG0001305.jpg,train,Non_fractured,0.599607,0.687367,0.60164,0.272683,0.397532,0.385389,0.248019,0.188749,0.149372
data\dataset_cls\train\Non_fractured\IMG0001306.jpg,train,Non_fractured,0.940944,0.56841,0.315936,0.559198,0.69307,0.439889,0.294561,0.336057,0.093171
data\dataset_cls\train\Non_fractured\IMG0001307.jpg,train,Non_fractured,0.258396,0.396137,0.391947,0.936668,0.670282,0.450868,0.269122,0.345498,0.271257
data\dataset_cls\train\Non_fractured\IMG0001308.jpg,train,Non_fractured,0.249684,0.640561,0.401071,0.936591,0.540432,0.463536,0.152624,0.256393,0.259829
data\dataset_cls\train\Non_fractured\IMG0001309.jpg,train,Non_fractured,0.357047,0.67667,0.584013,0.644074,0.637093,0.377624,0.201948,0.097139,0.218774
data\dataset_cls\train\Non_fractured\IMG0001311.jpg,train,Non_fractured,0.565405,0.696536,0.331194,0.166667,0.688172,0.458616,0.258612,0.337456,0.160926
data\dataset_cls\train\Non_fractured\IMG0001312.jpg,train,Non_fractured,0.184252,0.312488,1.0,0.390405,0.410199,0.547608,0.362571,0.469261,0.178359
data\dataset_cls\train\Non_fractured\IMG0001313.jpg,train,Non_fractured,0.534867,0.37829,0.078275,0.534049,0.573664,0.329177,0.14373,0.339333,0.197164
data\dataset_cls\train\Non_fractured\IMG0001315.jpg,train,Non_fractured,0.447117,0.28598,0.395409,0.688912,0.39398,0.350128,0.159567,0.247806,0.093335
data\dataset_cls\train\Non_fractured\IMG0001317.jpg,train,Non_fractured,0.533245,0.796578,0.0,0.819164,0.41942,0.621801,0.221576,0.325908,0.160512
data\dataset_cls\train\Non_fractured\IMG0001319.jpg,train,Non_fractured,0.433101,0.378505,0.618237,0.10451,0.442529,0.499382,0.082529,0.253332,0.180631
data\dataset_cls\train\Non_fractured\IMG0001321.jpg,train,Non_fractured,0.483453,0.064738,1.0,0.049982,0.62283,0.39368,0.24243,0.320974,0.237812
data\dataset_cls\train\Non_fractured\IMG0001322.jpg,train,Non_fractured,0.159904,0.32438,0.5,0.5,0.310693,0.475007,0.19647,0.188713,0.043802
data\dataset_cls\train\Non_fractured\IMG0001323.jpg,train,Non_fractured,0.511625,0.418657,0.592124,0.458902,0.592376,0.572014,0.083986,0.036131,0.092836
data\dataset_cls\train\Non_fractured\IMG0001324.jpg,train,Non_fractured,0.703595,0.496902,0.49412,0.287738,0.522043,0.300156,0.187872,0.108247,0.079985
data\dataset_cls\train\Non_fractured\IMG0001325.jpg,train,Non_fractured,0.171464,0.228628,0.5,0.5,0.260603,0.519714,0.233527,0.207064,0.115072
data\dataset_cls\train\Non_fractured\IMG0001326.jpg,train,Non_fractured,0.167772,0.564272,1.0,1.0,0.348111,0.508009,0.360445,0.583406,0.241049
data\dataset_cls\train\Non_fractured\IMG0001328.jpg,train,Non_fractured,0.484315,0.398243,0.11986,0.515816,0.399902,0.380924,0.153309,0.230727,0.082623
data\dataset_cls\train\Non_fractured\IMG0001329.jpg,train,Non_fractured,0.336443,0.375927,0.5,0.5,0.716614,0.464208,0.194575,0.056146,0.199696
data\dataset_cls\train\Non_fractured\IMG0001330.jpg,train,Non_fractured,0.080018,0.294681,0.141052,0.335951,0.751571,0.31835,0.245153,0.18421,0.427363
data\dataset_cls\train\Non_fractured\IMG0001331.jpg,train,Non_fractured,0.164775,0.053041,0.5,0.5,0.547456,0.328984,0.339604,0.227231,0.147584
data\dataset_cls\train\Non_fractured\IMG0001333.jpg,train,Non_fractured,0.91976,0.050489,0.086007,0.47279,0.433687,0.510544,0.529202,0.414147,0.172229
data\dataset_cls\train\Non_fractured\IMG0001334.jpg,train,Non_fractured,0.34705,0.81399,0.076977,0.550945,0.34536,0.285223,0.27905,0.179488,0.279352
data\dataset_cls\train\Non_fractured\IMG0001335.jpg,train,Non_fractured,0.546003,0.685904,0.283796,0.580339,0.500958,0.257436,0.205371,0.175446,0.256944
data\dataset_cls\train\Non_fractured\IMG0001336.jpg,train,Non_fractured,0.238128,0.086216,0.086602,0.50998,0.360339,0.456658,0.264915,0.213036,0.169095
data\dataset_cls\train\Non_fractured\IMG0001337.jpg,train,Non_fractured,0.597163,0.755977,0.241892,0.670174,0.548734,0.351526,0.211692,0.233954,0.255962
data\dataset_cls\train\Non_fractured\IMG0001339.jpg,train,Non_fractured,0.485911,0.449591,0.991382,0.400888,0.481418,0.553944,0.16802,0.345095,0.191754
data\dataset_cls\train\Non_fractured\IMG0001340.jpg,train,Non_fractured,0.43527,0.428633,0.0,0.833333,0.397686,0.205585,0.168848,0.442187,0.307956
data\dataset_cls\train\Non_fractured\IMG0001341.jpg,train,Non_fractured,0.341841,0.381553,0.5,0.5,0.479355,0.2656,0.098561,0.131855,0.123111
data\dataset_cls\train\Non_fractured\IMG0001342.jpg,train,Non_fractured,0.391019,0.291181,0.70105,0.827393,0.722467,0.461326,0.318056,0.315772,0.134536
data\dataset_cls\train\Non_fractured\IMG0001343.jpg,train,Non_fractured,0.791207,0.369745,0.42027,0.420699,0.470962,0.260684,0.231206,0.157155,0.126956
data\dataset_cls\train\Non_fractured\IMG0001344.jpg,train,Non_fractured,0.4601,0.237786,0.437251,0.369695,0.540572,0.254105,0.053012,0.092601,0.06963
data\dataset_cls\train\Non_fractured\IMG0001345.jpg,train,Non_fractured,0.623047,0.206965,0.666667,0.0,0.387568,0.369067,0.065678,0.220091,0.246516
data\dataset_cls\train\Non_fractured\IMG0001346.jpg,train,Non_fractured,0.744648,0.762879,0.896732,0.858647,0.756532,0.426193,0.097141,0.201232,0.259924
data\dataset_cls\train\Non_fractured\IMG0001348.jpg,train,Non_fractured,0.689438,0.741992,0.0,0.899468,0.647631,0.566639,0.243821,0.474711,0.26358
data\dataset_cls\train\Non_fractured\IMG0001349.jpg,train,Non_fractured,0.661354,0.352558,1.0,0.076906,0.537898,0.396137,0.105496,0.332513,0.229615
data\dataset_cls\train\Non_fractured\IMG0001353.jpg,train,Non_fractured,0.01771,0.184932,0.5,0.5,0.458912,0.301691,0.339822,0.244377,0.136113
data\dataset_cls\train\Non_fractured\IMG0001354.jpg,train,Non_fractured,0.84816,0.165266,0.882251,0.180857,0.47138,0.25419,0.119424,0.149564,0.268063
data\dataset_cls\train\Non_fractured\IMG0001355.jpg,train,Non_fractured,0.650431,0.873144,0.5,0.5,0.34852,0.64241,0.251502,0.171852,0.153971
data\dataset_cls\train\Non_fractured\IMG0001357.jpg,train,Non_fractured,0.344154,0.243274,0.0,0.460916,0.596321,0.441116,0.141849,0.323329,0.288989
data\dataset_cls\train\Non_fractured\IMG0001358.jpg,train,Non_fractured,0.399917,0.940123,0.5,0.5,0.559544,0.600291,0.274019,0.180644,0.108226
data\dataset_cls\train\Non_fractured\IMG0001359.jpg,train,Non_fractured,0.614676,0.771649,0.50939,0.477559,0.618602,0.405775,0.222567,0.102972,0.150682
data\dataset_cls\train\Non_fractured\IMG0001368.jpg,train,Non_fractured,0.390353,0.597893,0.0,1.0,0.633833,0.516996,0.117732,0.451218,0.347637
data\dataset_cls\train\Non_fractured\IMG0001370.jpg,train,Non_fractured,0.453541,0.198584,0.5,0.5,0.471915,0.35889,0.155417,0.149587,0.007171
data\dataset_cls\train\Non_fractured\IMG0001371.jpg,train,Non_fractured,0.600026,0.25312,0.007847,0.070688,0.337511,0.251084,0.291458,0.330225,0.063527
data\dataset_cls\train\Non_fractured\IMG0001372.jpg,train,Non_fractured,0.489434,0.355335,0.0,0.401153,0.48661,0.412726,0.167654,0.325548,0.162892
data\dataset_cls\train\Non_fractured\IMG0001373.jpg,train,Non_fractured,0.760235,0.59092,0.742077,0.901096,0.496361,0.594899,0.140726,0.219013,0.197489
data\dataset_cls\train\Non_fractured\IMG0001375.jpg,train,Non_fractured,0.675233,0.419362,1.0,0.5,0.369659,0.283264,0.019562,0.333444,0.333405
data\dataset_cls\train\Non_fractured\IMG0001376.jpg,train,Non_fractured,0.958245,0.52498,0.0,0.833333,0.513892,0.601738,0.484836,0.522678,0.056579
data\dataset_cls\train\Non_fractured\IMG0001377.jpg,train,Non_fractured,0.734932,0.705688,0.0,0.578775,0.605812,0.477371,0.311408,0.446996,0.193204
data\dataset_cls\train\Non_fractured\IMG0001378.jpg,train,Non_fractured,0.711088,0.924004,1.0,1.0,0.663301,0.495565,0.142344,0.284466,0.336334
data\dataset_cls\train\Non_fractured\IMG0001379.jpg,train,Non_fractured,0.822862,0.822596,0.028042,0.910688,0.608643,0.463887,0.348233,0.491923,0.294973
data\dataset_cls\train\Non_fractured\IMG0001384.jpg,train,Non_fractured,0.5,1.0,0.5,0.5,0.417403,0.555447,0.316052,0.187185,0.140907
data\dataset_cls\train\Non_fractured\IMG0001385.jpg,train,Non_fractured,0.7138,0.689609,0.5,0.5,0.40686,0.321017,0.254462,0.040375,0.226054
data\dataset_cls\train\Non_fractured\IMG0001389.jpg,train,Non_fractured,0.27639,0.217523,0.793078,0.755239,0.564994,0.501449,0.383491,0.362271,0.022536
data\dataset_cls\train\Non_fractured\IMG0001393.jpg,train,Non_fractured,0.373329,0.103343,0.5,0.5,0.555311,0.275973,0.215858,0.208257,0.080932
data\dataset_cls\train\Non_fractured\IMG0001394.jpg,train,Non_fractured,0.638105,0.771348,0.056746,0.733403,0.315329,0.418115,0.328377,0.294849,0.223865
data\dataset_cls\train\Non_fractured\IMG0001395.jpg,train,Non_fractured,0.400488,0.780061,0.246864,0.752888,0.635183,0.707715,0.042787,0.180747,0.211334
data\dataset_cls\train\Non_fractured\IMG0001397.jpg,train,Non_fractured,0.778655,0.522197,0.02402,0.862074,0.413184,0.483559,0.386635,0.45023,0.139275
data\dataset_cls\train\Non_fractured\IMG0001398.jpg,train,Non_fractured,0.542609,0.888638,0.060928,0.943118,0.378699,0.326317,0.273799,0.347969,0.396373
data\dataset_cls\train\Non_fractured\IMG0001400.jpg,train,Non_fractured,0.801279,0.942307,0.0,0.5071,0.650802,0.707858,0.387912,0.528414,0.167153
data\dataset_cls\train\Non_fractured\IMG0001401.jpg,train,Non_fractured,0.0,1.0,0.5,0.5,0.242675,0.181055,0.504555,0.259556,0.379328
data\dataset_cls\train\Non_fractured\IMG0001402.jpg,train,Non_fractured,0.0,1.0,0.5,0.5,0.430094,0.19404,0.534437,0.200678,0.389601
data\dataset_cls\train\Non_fractured\IMG0001404.jpg,train,Non_fractured,0.087069,0.394087,0.249035,0.15607,0.584057,0.461369,0.226904,0.19007,0.303875
data\dataset_cls\train\Non_fractured\IMG0001405.jpg,train,Non_fractured,0.208495,0.136963,0.0,1.0,0.460782,0.311605,0.346201,0.563212,0.292956
data\dataset_cls\train\Non_fractured\IMG0001406.jpg,train,Non_fractured,0.535463,0.70755,0.5,0.833333,0.509798,0.367222,0.074361,0.197874,0.268865
data\dataset_cls\train\Non_fractured\IMG0001407.jpg,train,Non_fractured,0.428728,0.727218,0.5,0.5,0.509559,0.510994,0.156268,0.082026,0.074751
data\dataset_cls\train\Non_fractured\IMG0001408.jpg,train,Non_fractured,0.393608,0.341771,0.41295,0.431778,0.388315,0.442563,0.063772,0.030203,0.038507
data\dataset_cls\train\Non_fractured\IMG0001409.jpg,train,Non_fractured,0.273128,0.297852,0.205827,0.29852,0.526179,0.319704,0.06237,0.129398,0.191672
data\dataset_cls\train\Non_fractured\IMG0001412.jpg,train,Non_fractured,0.205104,0.193815,0.5,0.5,0.465421,0.197502,0.211944,0.230711,0.124831
data\dataset_cls\train\Non_fractured\IMG0001413.jpg,train,Non_fractured,0.044127,0.179963,0.61157,0.522854,0.388052,0.350205,0.348632,0.314713,0.040144
data\dataset_cls\train\Non_fractured\IMG0001414.jpg,train,Non_fractured,0.895047,0.761792,0.5,0.5,0.45047,0.503101,0.329287,0.145124,0.185433
data\dataset_cls\train\Non_fractured\IMG0001415.jpg,train,Non_fractured,0.0,0.666667,0.379157,0.133319,0.662132,0.332125,0.45185,0.246148,0.318268
data\dataset_cls\train\Non_fractured\IMG0001416.jpg,train,Non_fractured,0.631074,0.100339,0.5,0.5,0.558006,0.33206,0.221188,0.199422,0.021845
data\dataset_cls\train\Non_fractured\IMG0001417.jpg,train,Non_fractured,0.211798,0.614618,0.479473,0.541137,0.333905,0.458384,0.150812,0.137782,0.080045
data\dataset_cls\train\Non_fractured\IMG0001418.jpg,train,Non_fractured,0.771992,0.70137,0.316469,0.829046,0.517308,0.488255,0.238442,0.268798,0.185505
data\dataset_cls\train\Non_fractured\IMG0001419.jpg,train,Non_fractured,0.401525,0.321892,1.0,0.944224,0.327731,0.402277,0.292328,0.574489,0.292432
data\dataset_cls\train\Non_fractured\IMG0001420.jpg,train,Non_fractured,0.274546,0.237231,0.632121,0.922596,0.349902,0.402337,0.318107,0.454956,0.137002
data\dataset_cls\train\Non_fractured\IMG0001421.jpg,train,Non_fractured,0.764846,0.128335,0.496763,0.903923,0.331573,0.365432,0.410613,0.439367,0.223357
data\dataset_cls\train\Non_fractured\IMG0001422.jpg,train,Non_fractured,0.686014,0.863809,0.027042,0.058286,0.617773,0.322496,0.510208,0.548339,0.197141
data\dataset_cls\train\Non_fractured\IMG0001423.jpg,train,Non_fractured,0.454918,0.339179,1.0,0.071458,0.52828,0.434093,0.214044,0.398781,0.202221
data\dataset_cls\train\Non_fractured\IMG0001424.jpg,train,Non_fractured,0.59409,0.683486,0.068659,0.970034,0.368411,0.452314,0.251049,0.384097,0.250849
data\dataset_cls\train\Non_fractured\IMG0001426.jpg,train,Non_fractured,0.615567,0.307818,0.119337,0.311506,0.421945,0.382281,0.231422,0.267217,0.060527
data\dataset_cls\train\Non_fractured\IMG0001427.jpg,train,Non_fractured,0.732811,0.747203,0.339018,0.579477,0.530979,0.42563,0.256944,0.195306,0.158507
data\dataset_cls\train\Non_fractured\IMG0001429.jpg,train,Non_fractured,0.728184,0.596083,0.538366,0.462947,0.471042,0.601463,0.154954,0.099331,0.118314
data\dataset_cls\train\Non_fractured\IMG0001430.jpg,train,Non_fractured,0.622364,0.555915,0.07137,0.53193,0.475577,0.409381,0.239438,0.320091,0.124129
data\dataset_cls\train\Non_fractured\IMG0001431.jpg,train,Non_fractured,0.522148,0.473462,0.665288,0.214848,0.442898,0.411511,0.108957,0.194619,0.110118
data\dataset_cls\train\Non_fractured\IMG0001432.jpg,train,Non_fractured,0.964811,0.356259,0.5,0.5,0.572632,0.325942,0.288154,0.208124,0.126438
data\dataset_cls\train\Non_fractured\IMG0001433.jpg,train,Non_fractured,0.222796,0.450339,0.896973,0.098338,0.322945,0.432886,0.285983,0.474853,0.190061
data\dataset_cls\train\Non_fractured\IMG0001436.jpg,train,Non_fractured,0.608288,0.590721,0.562767,0.263719,0.469376,0.611706,0.119099,0.225561,0.145337
data\dataset_cls\train\Non_fractured\IMG0001437.jpg,train,Non_fractured,0.732205,0.266933,0.813649,0.25926,0.693243,0.352654,0.029621,0.075246,0.079917
data\dataset_cls\train\Non_fractured\IMG0001438.jpg,train,Non_fractured,0.452902,0.228978,0.504958,0.385641,0.484539,0.500772,0.145518,0.027844,0.129029
data\dataset_cls\train\Non_fractured\IMG0001439.jpg,train,Non_fractured,0.533362,0.111492,0.712494,0.361386,0.459953,0.327182,0.159146,0.172257,0.124356
data\dataset_cls\train\Non_fractured\IMG0001442.jpg,train,Non_fractured,0.376266,0.250681,1.0,0.061589,0.725866,0.237432,0.331381,0.323066,0.059751
data\dataset_cls\train\Non_fractured\IMG0001443.jpg,train,Non_fractured,0.546895,0.7092,0.464512,0.908136,0.627533,0.288161,0.074037,0.284964,0.356383
data\dataset_cls\train\Non_fractured\IMG0001444.jpg,train,Non_fractured,0.734679,0.70826,0.092182,0.689583,0.639701,0.722301,0.24583,0.397042,0.15165
data\dataset_cls\train\Non_fractured\IMG0001446.jpg,train,Non_fractured,0.433067,0.507905,0.0,0.233012,0.475234,0.418537,0.178104,0.339443,0.17542
data\dataset_cls\train\Non_fractured\IMG0001447.jpg,train,Non_fractured,0.595799,0.374032,0.103502,0.090547,0.453147,0.399591,0.228445,0.343181,0.131151
data\dataset_cls\train\Non_fractured\IMG0001449.jpg,train,Non_fractured,0.772701,0.762097,1.0,0.0,0.495434,0.381839,0.381149,0.452673,0.260612
data\dataset_cls\train\Non_fractured\IMG0001450.jpg,train,Non_fractured,0.421745,0.338837,1.0,0.0,0.573034,0.411492,0.258862,0.418126,0.185711
data\dataset_cls\train\Non_fractured\IMG0001451.jpg,train,Non_fractured,0.45238,0.730727,0.5,0.5,0.619715,0.411732,0.196751,0.053221,0.166086
data\dataset_cls\train\Non_fractured\IMG0001452.jpg,train,Non_fractured,0.427807,0.267092,0.751302,0.326344,0.386951,0.379581,0.110242,0.229291,0.145929
data\dataset_cls\train\Non_fractured\IMG0001453.jpg,train,Non_fractured,0.331813,0.448737,0.37131,0.495911,0.401392,0.327877,0.043877,0.071804,0.101867
data\dataset_cls\train\Non_fractured\IMG0001455.jpg,train,Non_fractured,0.425809,0.814561,0.854908,0.17677,0.590372,0.454443,0.387048,0.382855,0.043194
data\dataset_cls\train\Non_fractured\IMG0001456.jpg,train,Non_fractured,0.655644,0.545518,0.697731,0.310421,0.512697,0.337167,0.151591,0.11554,0.124968
data\dataset_cls\train\Non_fractured\IMG0001457.jpg,train,Non_fractured,0.406236,0.832652,0.5,0.5,0.651945,0.59142,0.222258,0.142682,0.141646
data\dataset_cls\train\Non_fractured\IMG0001458.jpg,train,Non_fractured,0.495286,0.513787,0.5,0.5,0.52317,0.344408,0.062015,0.047667,0.109652
data\dataset_cls\train\Non_fractured\IMG0001459.jpg,train,Non_fractured,0.017849,0.0,0.5,0.5,0.458607,0.132139,0.372881,0.337849,0.154581
data\dataset_cls\train\Non_fractured\IMG0001460.jpg,train,Non_fractured,0.657305,0.604366,0.5,0.5,0.569141,0.472018,0.11367,0.079661,0.053818
data\dataset_cls\train\Non_fractured\IMG0001461.jpg,train,Non_fractured,0.8792,0.347028,1.0,1.0,0.479302,0.511617,0.287963,0.436426,0.325293
data\dataset_cls\train\Non_fractured\IMG0001464.jpg,train,Non_fractured,0.304094,0.332791,0.5,0.666667,0.461916,0.228498,0.140567,0.268908,0.185173
data\dataset_cls\train\Non_fractured\IMG0001465.jpg,train,Non_fractured,0.556161,0.521426,0.44534,0.592541,0.413458,0.337138,0.092546,0.111975,0.157695
data\dataset_cls\train\Non_fractured\IMG0001467.jpg,train,Non_fractured,0.836111,0.0,0.5,0.5,0.681601,0.29018,0.310035,0.292854,0.028268
data\dataset_cls\train\Non_fractured\IMG0001468.jpg,train,Non_fractured,0.102865,0.281187,0.5,0.5,0.643798,0.422883,0.334986,0.129852,0.229257
data\dataset_cls\train\Non_fractured\IMG0001469.jpg,train,Non_fractured,0.317028,0.0,0.5,0.5,0.183071,0.488557,0.329924,0.238391,0.218819
data\dataset_cls\train\Non_fractured\IMG0001471.jpg,train,Non_fractured,0.5,0.5,0.5,0.5,0.326188,0.296189,0.089287,0.089287,0.178574
data\dataset_cls\train\Non_fractured\IMG0001472.jpg,train,Non_fractured,0.55186,0.54167,0.604923,0.116879,0.352649,0.662493,0.112426,0.339103,0.268324
data\dataset_cls\train\Non_fractured\IMG0001473.jpg,train,Non_fractured,0.0,0.0,0.5,0.5,0.211218,0.394557,0.380944,0.331451,0.099779
data\dataset_cls\train\Non_fractured\IMG0001474.jpg,train,Non_fractured,0.625302,0.838356,0.682545,0.932966,0.180624,0.564164,0.142344,0.242077,0.381443
data\dataset_cls\train\Non_fractured\IMG0001475.jpg,train,Non_fractured,0.051276,0.018463,0.652887,0.868762,0.514205,0.346025,0.529214,0.519964,0.126153
data\dataset_cls\train\Non_fractured\IMG0001477.jpg,train,Non_fractured,0.604414,0.759348,0.92531,0.07469,0.296586,0.328047,0.372012,0.444928,0.317769
data\dataset_cls\train\Non_fractured\IMG0001478.jpg,train,Non_fractured,0.694305,0.692756,1.0,0.767245,0.26979,0.303478,0.112156,0.389133,0.478548
data\dataset_cls\train\Non_fractured\IMG0001479.jpg,train,Non_fractured,0.330041,0.59376,0.145365,0.437266,0.538308,0.370211,0.126925,0.194834,0.222587
data\dataset_cls\train\Non_fractured\IMG0001480.jpg,train,Non_fractured,0.21775,0.684546,0.047228,0.274689,0.306808,0.304547,0.264682,0.205031,0.164704
data\dataset_cls\train\Non_fractured\IMG0001481.jpg,train,Non_fractured,0.572803,0.366414,0.788537,0.553672,0.509775,0.516088,0.123307,0.181071,0.1199
data\dataset_cls\train\Non_fractured\IMG0001483.jpg,train,Non_fractured,0.437655,0.166667,0.5,0.5,0.439809,0.311995,0.160996,0.178515,0.024013
data\dataset_cls\train\Non_fractured\IMG0001484.jpg,train,Non_fractured,0.571455,0.445159,0.443639,1.0,0.353836,0.537034,0.244396,0.339505,0.16063
data\dataset_cls\train\Non_fractured\IMG0001485.jpg,train,Non_fractured,0.014577,0.14927,0.5,0.5,0.532138,0.298242,0.373524,0.238213,0.184076
data\dataset_cls\train\Non_fractured\IMG0001486.jpg,train,Non_fractured,0.84999,0.723986,0.375374,0.251768,0.487151,0.31164,0.406036,0.26394,0.144249
data\dataset_cls\train\Non_fractured\IMG0001487.jpg,train,Non_fractured,0.647383,0.679756,0.5,0.5,0.461455,0.568047,0.147591,0.090217,0.076227
data\dataset_cls\train\Non_fractured\IMG0001489.jpg,train,Non_fractured,0.066857,0.731142,0.5,0.5,0.163965,0.71672,0.194784,0.296688,0.104356
data\dataset_cls\train\Non_fractured\IMG0001490.jpg,train,Non_fractured,0.191131,0.777179,0.693464,0.906193,0.608286,0.191139,0.342269,0.342802,0.447593
data\dataset_cls\train\Non_fractured\IMG0001491.jpg,train,Non_fractured,0.549537,0.527321,0.161847,0.773617,0.57069,0.451341,0.134725,0.326213,0.195364
data\dataset_cls\train\Non_fractured\IMG0001492.jpg,train,Non_fractured,0.566737,0.475803,0.262242,0.562313,0.560617,0.509008,0.110962,0.20629,0.097649
data\dataset_cls\train\Non_fractured\IMG0001493.jpg,train,Non_fractured,0.715374,0.645363,0.512846,0.938586,0.49541,0.484328,0.147563,0.256685,0.219834
data\dataset_cls\train\Non_fractured\IMG0001497.jpg,train,Non_fractured,0.318032,0.596171,0.455995,0.478276,0.602273,0.471537,0.162301,0.037155,0.150039
data\dataset_cls\train\Non_fractured\IMG0001498.jpg,train,Non_fractured,0.099576,0.364247,0.748648,0.320833,0.311032,0.52174,0.289352,0.371272,0.141264
data\dataset_cls\train\Non_fractured\IMG0001499.jpg,train,Non_fractured,0.456755,0.250375,0.5,0.5,0.386807,0.284994,0.095165,0.16342,0.085687
data\dataset_cls\train\Non_fractured\IMG0001500.jpg,train,Non_fractured,0.44878,0.250575,0.603357,0.014352,0.471251,0.451013,0.060209,0.243803,0.215488
data\dataset_cls\train\Non_fractured\IMG0001502.jpg,train,Non_fractured,0.441193,0.80767,0.753884,0.560238,0.453518,0.475607,0.221472,0.211435,0.168853
data\dataset_cls\train\Non_fractured\IMG0001503.jpg,train,Non_fractured,0.648436,0.558622,0.116141,0.502859,0.797744,0.55576,0.12915,0.406251,0.277472
data\dataset_cls\train\Non_fractured\IMG0001504.jpg,train,Non_fractured,0.422818,0.253351,0.695922,0.216952,0.559026,0.513528,0.155497,0.17606,0.185584
data\dataset_cls\train\Non_fractured\IMG0001506.jpg,train,Non_fractured,0.912197,0.512205,0.006995,0.0,0.385864,0.472088,0.511463,0.539308,0.152149
data\dataset_cls\train\Non_fractured\IMG0001507.jpg,train,Non_fractured,0.907848,0.268904,0.5,0.5,0.53072,0.329688,0.279162,0.198178,0.121103
data\dataset_cls\train\Non_fractured\IMG0001508.jpg,train,Non_fractured,0.152006,0.0,0.5,0.5,0.368913,0.43837,0.365095,0.246068,0.128797
data\dataset_cls\train\Non_fractured\IMG0001509.jpg,train,Non_fractured,0.506618,0.354035,0.260947,0.385225,0.490523,0.422753,0.093394,0.15843,0.079486
data\dataset_cls\train\Non_fractured\IMG0001510.jpg,train,Non_fractured,0.467779,0.440165,0.786543,0.136501,0.611354,0.555428,0.166417,0.291762,0.178375
data\dataset_cls\train\Non_fractured\IMG0001511.jpg,train,Non_fractured,0.248606,0.39504,0.734864,0.191769,0.392702,0.238965,0.241862,0.288485,0.07534
data\dataset_cls\train\Non_fractured\IMG0001512.jpg,train,Non_fractured,0.502588,0.947917,0.5,0.5,0.336067,0.259967,0.382796,0.087717,0.328355
data\dataset_cls\train\Non_fractured\IMG0001513.jpg,train,Non_fractured,0.415355,0.423799,0.126639,0.412301,0.303121,0.411917,0.133877,0.15511,0.021802
data\dataset_cls\train\Non_fractured\IMG0001514.jpg,train,Non_fractured,0.52907,0.534956,0.923291,0.900462,0.317021,0.553285,0.141624,0.409457,0.293974
data\dataset_cls\train\Non_fractured\IMG0001515.jpg,train,Non_fractured,0.543102,0.650121,0.314537,0.833041,0.504865,0.362796,0.095501,0.258649,0.257562
data\dataset_cls\train\Non_fractured\IMG0001517.jpg,train,Non_fractured,0.316613,0.488743,0.184217,0.453545,0.42233,0.4554,0.024516,0.124119,0.11509
data\dataset_cls\train\Non_fractured\IMG0001518.jpg,train,Non_fractured,0.27607,0.226077,0.193141,0.105944,0.43342,0.194618,0.056291,0.128263,0.133908
data\dataset_cls\train\Non_fractured\IMG0001519.jpg,train,Non_fractured,0.759801,0.8874,0.847285,0.974741,0.488969,0.555137,0.101983,0.225025,0.326791
data\dataset_cls\train\Non_fractured\IMG0001521.jpg,train,Non_fractured,0.455858,0.349836,0.35128,0.5169,0.564257,0.393896,0.070386,0.143365,0.11031
data\dataset_cls\train\Non_fractured\IMG0001522.jpg,train,Non_fractured,0.710045,0.282062,0.577119,0.049948,0.524946,0.259915,0.135724,0.149799,0.100871
data\dataset_cls\train\Non_fractured\IMG0001523.jpg,train,Non_fractured,0.798769,0.389532,1.0,0.283723,0.533511,0.378718,0.044348,0.23242,0.245525
data\dataset_cls\train\Non_fractured\IMG0001524.jpg,train,Non_fractured,0.075186,0.15586,0.5,0.5,0.404483,0.28595,0.296943,0.254366,0.0828
data\dataset_cls\train\Non_fractured\IMG0001525.jpg,train,Non_fractured,0.12574,0.714668,0.914398,0.839356,0.308402,0.403223,0.329703,0.501064,0.286373
data\dataset_cls\train\Non_fractured\IMG0001526.jpg,train,Non_fractured,0.452093,1.0,0.0,0.0,0.484511,0.571764,0.496206,0.609888,0.178828
data\dataset_cls\train\Non_fractured\IMG0001528.jpg,train,Non_fractured,0.840004,0.402581,0.901462,0.974553,0.590603,0.542394,0.245393,0.356978,0.210649
data\dataset_cls\train\Non_fractured\IMG0001529.jpg,train,Non_fractured,0.738702,0.560152,1.0,0.636018,0.691846,0.318305,0.090391,0.230743,0.220892
data\dataset_cls\train\Non_fractured\IMG0001530.jpg,train,Non_fractured,0.42265,0.786027,0.285779,0.24663,0.467268,0.518057,0.270873,0.290361,0.075378
data\dataset_cls\train\Non_fractured\IMG0001531.jpg,train,Non_fractured,0.499718,0.648781,0.611631,0.550951,0.238413,0.328416,0.148026,0.166968,0.27836
data\dataset_cls\train\Non_fractured\IMG0001532.jpg,train,Non_fractured,0.0,0.271669,0.5,0.5,0.511547,0.250952,0.344211,0.227664,0.196186
data\dataset_cls\train\Non_fractured\IMG0001533.jpg,train,Non_fractured,0.023589,0.109141,1.0,0.166667,0.528497,0.34897,0.503623,0.484427,0.141151
data\dataset_cls\train\Non_fractured\IMG0001534.jpg,train,Non_fractured,0.516927,0.447041,1.0,1.0,0.522358,0.239323,0.199396,0.542485,0.359131
data\dataset_cls\train\Non_fractured\IMG0001535.jpg,train,Non_fractured,0.243161,0.392835,0.0,0.536284,0.280647,0.500819,0.10828,0.184507,0.108765
data\dataset_cls\train\Non_fractured\IMG0001536.jpg,train,Non_fractured,0.875723,0.919488,0.138411,0.0,0.321974,0.322053,0.663985,0.51526,0.153794
data\dataset_cls\train\Non_fractured\IMG0001537.jpg,train,Non_fractured,0.478329,0.731207,0.522436,0.396421,0.568561,0.456261,0.208118,0.131544,0.084895
data\dataset_cls\train\Non_fractured\IMG0001538.jpg,train,Non_fractured,0.464104,0.234701,0.4819,0.290397,0.573233,0.374787,0.077776,0.026313,0.100319
data\dataset_cls\train\Non_fractured\IMG0001539.jpg,train,Non_fractured,0.14854,0.461586,0.743658,0.764535,0.496553,0.477255,0.331832,0.342817,0.096584
data\dataset_cls\train\Non_fractured\IMG0001540.jpg,train,Non_fractured,0.216145,0.449506,0.288672,0.770628,0.235114,0.478815,0.120726,0.20859,0.088258
data\dataset_cls\train\Non_fractured\IMG0001542.jpg,train,Non_fractured,0.724143,0.927946,0.224851,0.708696,0.560067,0.40887,0.330854,0.279463,0.278865
data\dataset_cls\train\Non_fractured\IMG0001543.jpg,train,Non_fractured,0.826141,0.30654,0.0,1.0,0.641126,0.392578,0.425579,0.653636,0.230911
data\dataset_cls\train\Non_fractured\IMG0001545.jpg,train,Non_fractured,0.486847,0.287861,0.319127,0.5,0.51608,0.510603,0.152133,0.138885,0.108325
data\dataset_cls\train\Non_fractured\IMG0001547.jpg,train,Non_fractured,0.849591,0.456431,0.5,0.5,0.349637,0.543889,0.28653,0.066409,0.221149
data\dataset_cls\train\Non_fractured\IMG0001548.jpg,train,Non_fractured,0.130192,0.367233,0.654009,0.201649,0.179417,0.651656,0.195078,0.390978,0.282907
data\dataset_cls\train\Non_fractured\IMG0001549.jpg,train,Non_fractured,0.587455,0.593286,0.635322,0.680857,0.503867,0.46892,0.017094,0.116362,0.133059
data\dataset_cls\train\Non_fractured\IMG0001550.jpg,train,Non_fractured,0.744659,0.255341,0.5,0.5,0.678537,0.146699,0.113081,0.244188,0.158475
data\dataset_cls\train\Non_fractured\IMG0001552.jpg,train,Non_fractured,0.691342,0.196274,0.391056,0.166672,0.456982,0.227714,0.178217,0.125755,0.064051
data\dataset_cls\train\Non_fractured\IMG0001553.jpg,train,Non_fractured,0.543374,0.824764,0.0,0.897447,0.290999,0.437437,0.285233,0.329973,0.282739
data\dataset_cls\train\Non_fractured\IMG0001554.jpg,train,Non_fractured,0.0,0.451512,0.0,0.152753,0.34207,0.307968,0.186382,0.189474,0.22808
data\dataset_cls\train\Non_fractured\IMG0001555.jpg,train,Non_fractured,0.667245,0.118641,0.542856,0.149781,0.486305,0.246885,0.114808,0.03154,0.10913
data\dataset_cls\train\Non_fractured\IMG0001556.jpg,train,Non_fractured,0.718082,0.416195,0.860393,0.132036,0.52789,0.470351,0.078311,0.260965,0.217879
data\dataset_cls\train\Non_fractured\IMG0001557.jpg,train,Non_fractured,0.748828,0.35581,0.379079,0.798041,0.521571,0.418906,0.260719,0.322668,0.10907
data\dataset_cls\train\Non_fractured\IMG0001558.jpg,train,Non_fractured,0.194119,0.387963,0.539545,0.739943,0.496887,0.414566,0.250218,0.260218,0.132045
data\dataset_cls\train\Non_fractured\IMG0001559.jpg,train,Non_fractured,0.17342,0.606349,0.080326,0.830445,0.199613,0.304014,0.034314,0.259999,0.280479
data\dataset_cls\train\Non_fractured\IMG0001560.jpg,train,Non_fractured,0.392002,0.383936,0.473902,0.524789,0.398974,0.246556,0.029647,0.149156,0.140377
data\dataset_cls\train\Non_fractured\IMG0001562.jpg,train,Non_fractured,0.309801,0.389653,0.611648,0.968588,0.342713,0.339481,0.208608,0.445366,0.239705
data\dataset_cls\train\Non_fractured\IMG0001563.jpg,train,Non_fractured,0.894854,0.862553,0.281715,0.669732,0.52249,0.5521,0.368857,0.285739,0.149284
data\dataset_cls\train\Non_fractured\IMG0001565.jpg,train,Non_fractured,0.632553,0.249688,1.0,0.166667,0.68194,0.213267,0.144537,0.232551,0.089622
data\dataset_cls\train\Non_fractured\IMG0001566.jpg,train,Non_fractured,0.396368,0.029333,0.5,0.5,0.615195,0.245994,0.25307,0.241588,0.112035
data\dataset_cls\train\Non_fractured\IMG0001567.jpg,train,Non_fractured,0.569407,0.450497,0.5,0.5,0.560531,0.187548,0.075783,0.12819,0.192571
data\dataset_cls\train\Non_fractured\IMG0001569.jpg,train,Non_fractured,0.60807,0.497753,0.612331,1.0,0.442193,0.720157,0.247485,0.2671,0.11363
data\dataset_cls\train\Non_fractured\IMG0001573.jpg,train,Non_fractured,0.523615,0.16382,0.499783,0.119718,0.432097,0.421735,0.080981,0.116296,0.194041
data\dataset_cls\train\Non_fractured\IMG0001574.jpg,train,Non_fractured,0.639727,0.230108,0.513099,0.131188,0.550284,0.323419,0.072048,0.111357,0.096761
data\dataset_cls\train\Non_fractured\IMG0001575.jpg,train,Non_fractured,0.505034,0.156184,0.606499,0.018993,0.309042,0.411661,0.050472,0.22108,0.271535
data\dataset_cls\train\Non_fractured\IMG0001576.jpg,train,Non_fractured,0.658889,0.552453,0.698641,0.2848,0.286872,0.388676,0.181516,0.194909,0.262024
data\dataset_cls\train\Non_fractured\IMG0001579.jpg,train,Non_fractured,0.307176,0.831742,0.14048,0.150832,0.485747,0.555938,0.318929,0.400213,0.179854
data\dataset_cls\train\Non_fractured\IMG0001580.jpg,train,Non_fractured,0.885513,0.487835,0.875119,0.364646,0.709292,0.201087,0.150138,0.05353,0.188495
data\dataset_cls\train\Non_fractured\IMG0001581.jpg,train,Non_fractured,0.413448,0.717899,0.840835,0.423384,0.453011,0.368707,0.265079,0.283254,0.177763
data\dataset_cls\train\Non_fractured\IMG0001582.jpg,train,Non_fractured,0.491775,0.864723,0.265728,0.99453,0.330899,0.398062,0.171003,0.260829,0.355809
data\dataset_cls\train\Non_fractured\IMG0001584.jpg,train,Non_fractured,0.277484,0.213096,0.021497,0.070051,0.362809,0.603865,0.100273,0.300907,0.339424
data\dataset_cls\train\Non_fractured\IMG0001585.jpg,train,Non_fractured,0.865288,0.269263,0.320519,0.839741,0.597883,0.506705,0.381861,0.407191,0.032037
data\dataset_cls\train\Non_fractured\IMG0001586.jpg,train,Non_fractured,0.63776,0.31476,0.195778,0.730577,0.623929,0.385818,0.222315,0.385228,0.16552
data\dataset_cls\train\Non_fractured\IMG0001587.jpg,train,Non_fractured,0.619777,0.478863,0.0,0.447801,0.606285,0.513538,0.211093,0.409959,0.200412
data\dataset_cls\train\Non_fractured\IMG0001589.jpg,train,Non_fractured,0.290004,0.248299,0.0,0.71761,0.39986,0.439213,0.22812,0.339113,0.17239
data\dataset_cls\train\Non_fractured\IMG0001590.jpg,train,Non_fractured,0.809349,0.124981,0.5,0.5,0.677259,0.306448,0.236771,0.249457,0.015586
data\dataset_cls\train\Non_fractured\IMG0001591.jpg,train,Non_fractured,0.150567,0.344144,0.075676,0.408939,0.335078,0.330822,0.040368,0.121186,0.151078
data\dataset_cls\train\Non_fractured\IMG0001592.jpg,train,Non_fractured,0.39864,0.345209,0.0,0.999031,0.326516,0.539968,0.323473,0.442765,0.12228
data\dataset_cls\train\Non_fractured\IMG0001593.jpg,train,Non_fractured,0.26312,0.519559,0.034322,0.294329,0.664559,0.549405,0.08691,0.328064,0.356765
data\dataset_cls\train\Non_fractured\IMG0001594.jpg,train,Non_fractured,0.826594,0.398563,1.0,0.0,0.634112,0.575069,0.074292,0.371004,0.312097
data\dataset_cls\train\Non_fractured\IMG0001595.jpg,train,Non_fractured,0.648316,0.907078,0.5,0.5,0.509946,0.120631,0.409158,0.053556,0.390956
data\dataset_cls\train\Non_fractured\IMG0001596.jpg,train,Non_fractured,0.374052,0.306128,0.352511,0.820398,0.280131,0.445744,0.221334,0.296792,0.095974
data\dataset_cls\train\Non_fractured\IMG0001597.jpg,train,Non_fractured,0.313188,0.553778,0.026026,0.784325,0.278369,0.296687,0.107691,0.299417,0.258616
data\dataset_cls\train\Non_fractured\IMG0001598.jpg,train,Non_fractured,0.531773,0.433091,0.935081,0.193309,0.437112,0.512768,0.1159,0.353561,0.238169
data\dataset_cls\train\Non_fractured\IMG0001601.jpg,train,Non_fractured,0.508007,0.827294,0.5,0.5,0.411767,0.416753,0.248388,0.085632,0.175707
data\dataset_cls\train\Non_fractured\IMG0001602.jpg,train,Non_fractured,0.554941,0.587301,0.715238,0.353505,0.520873,0.527517,0.106523,0.180152,0.085133
data\dataset_cls\train\Non_fractured\IMG0001603.jpg,train,Non_fractured,0.395081,0.277302,1.0,0.907258,0.311642,0.353559,0.292627,0.58439,0.302512
data\dataset_cls\train\Non_fractured\IMG0001605.jpg,train,Non_fractured,0.413591,0.443538,1.0,0.464046,0.504844,0.443021,0.225986,0.360788,0.134826
data\dataset_cls\train\Non_fractured\IMG0001606.jpg,train,Non_fractured,0.6525,0.257712,0.300004,0.148421,0.722784,0.610315,0.124206,0.320989,0.317371
data\dataset_cls\train\Non_fractured\IMG0001607.jpg,train,Non_fractured,0.699036,0.222304,0.482939,0.034166,0.534682,0.245788,0.138184,0.160398,0.086895
data\dataset_cls\train\Non_fractured\IMG0001608.jpg,train,Non_fractured,0.330573,0.437661,0.123772,0.529145,0.475209,0.481772,0.049722,0.19175,0.165362
data\dataset_cls\train\Non_fractured\IMG0001610.jpg,train,Non_fractured,0.156218,0.430076,0.415437,0.69625,0.651433,0.475331,0.272062,0.162549,0.250672
data\dataset_cls\train\Non_fractured\IMG0001613.jpg,train,Non_fractured,0.30319,0.177034,0.777028,0.539238,0.332677,0.518758,0.288454,0.331582,0.1749
data\dataset_cls\train\Non_fractured\IMG0001614.jpg,train,Non_fractured,0.504939,0.467558,1.0,0.666667,0.441816,0.374681,0.14827,0.38737,0.243617
data\dataset_cls\train\Non_fractured\IMG0001615.jpg,train,Non_fractured,0.747179,0.30698,0.617578,0.38606,0.460653,0.460051,0.158835,0.009264,0.166068
data\dataset_cls\train\Non_fractured\IMG0001616.jpg,train,Non_fractured,0.319851,0.865132,0.0,0.0,0.389103,0.306929,0.481743,0.456599,0.174238
data\dataset_cls\train\Non_fractured\IMG0001617.jpg,train,Non_fractured,0.180319,0.423447,0.173375,0.464153,0.565377,0.522789,0.134406,0.133116,0.264319
data\dataset_cls\train\Non_fractured\IMG0001618.jpg,train,Non_fractured,0.869755,0.682311,0.5,0.5,0.532403,0.541767,0.259109,0.153457,0.106849
data\dataset_cls\train\Non_fractured\IMG0001619.jpg,train,Non_fractured,0.188874,0.341707,0.0,0.77188,0.422054,0.602722,0.230869,0.285274,0.220547
data\dataset_cls\train\Non_fractured\IMG0001620.jpg,train,Non_fractured,0.297272,0.421108,0.166223,0.349256,0.488092,0.481059,0.020314,0.165533,0.182458
data\dataset_cls\train\Non_fractured\IMG0001621.jpg,train,Non_fractured,0.615255,0.499444,0.474651,0.716339,0.544834,0.393304,0.079441,0.193205,0.143058
data\dataset_cls\train\Non_fractured\IMG0001622.jpg,train,Non_fractured,0.976574,0.358183,0.5,0.5,0.47032,0.384803,0.332385,0.171843,0.181068
data\dataset_cls\train\Non_fractured\IMG0001623.jpg,train,Non_fractured,0.72558,0.679684,1.0,0.111655,0.56446,0.369983,0.295004,0.363151,0.199623
data\dataset_cls\train\Non_fractured\IMG0001624.jpg,train,Non_fractured,0.534798,0.70839,0.698758,0.180329,0.623775,0.371897,0.300265,0.252754,0.048533
data\dataset_cls\train\Non_fractured\IMG0001625.jpg,train,Non_fractured,0.057985,0.152716,1.0,0.166667,0.587805,0.50833,0.505841,0.464433,0.235709
data\dataset_cls\train\Non_fractured\IMG0001626.jpg,train,Non_fractured,0.354986,0.559707,1.0,0.833333,0.221365,0.573386,0.195524,0.506785,0.314971
data\dataset_cls\train\Non_fractured\IMG0001627.jpg,train,Non_fractured,0.837343,0.528168,0.525987,0.914933,0.626286,0.4521,0.202607,0.314692,0.183388
data\dataset_cls\train\Non_fractured\IMG0001628.jpg,train,Non_fractured,0.925859,0.342978,0.061608,0.620257,0.259571,0.668886,0.54837,0.362182,0.199891
data\dataset_cls\train\Non_fractured\IMG0001629.jpg,train,Non_fractured,0.758147,0.206208,0.703405,0.383093,0.299116,0.357184,0.203158,0.134705,0.290778
data\dataset_cls\train\Non_fractured\IMG0001632.jpg,train,Non_fractured,0.606812,0.518098,0.0,0.0,0.665384,0.478999,0.260562,0.538793,0.282376
data\dataset_cls\train\Non_fractured\IMG0001633.jpg,train,Non_fractured,0.400047,0.22721,0.412024,0.529091,0.315126,0.340089,0.140375,0.167604,0.065703
data\dataset_cls\train\Non_fractured\IMG0001635.jpg,train,Non_fractured,0.194282,0.346531,0.353895,0.516847,0.518845,0.530269,0.199939,0.052328,0.175909
data\dataset_cls\train\Non_fractured\IMG0001636.jpg,train,Non_fractured,0.661208,0.588309,0.0,0.534619,0.614804,0.40251,0.249013,0.42614,0.217088
data\dataset_cls\train\Non_fractured\IMG0001637.jpg,train,Non_fractured,0.505315,0.556825,0.398087,0.922308,0.582997,0.468573,0.092934,0.289916,0.200749
data\dataset_cls\train\Non_fractured\IMG0001638.jpg,train,Non_fractured,0.749612,0.673981,0.0,1.0,0.552281,0.416077,0.316464,0.529457,0.304533
data\dataset_cls\train\Non_fractured\IMG0001641.jpg,train,Non_fractured,0.099541,0.321296,0.849092,0.84468,0.396111,0.355032,0.395074,0.52412,0.160665
data\dataset_cls\train\Non_fractured\IMG0001642.jpg,train,Non_fractured,0.239187,0.608682,0.088954,0.315153,0.334585,0.281841,0.207596,0.15791,0.165331
data\dataset_cls\train\Non_fractured\IMG0001643.jpg,train,Non_fractured,0.517453,0.428638,0.378649,0.880428,0.447647,0.512247,0.191535,0.281965,0.094858
data\dataset_cls\train\Non_fractured\IMG0001644.jpg,train,Non_fractured,0.531533,0.213676,0.079158,0.219518,0.235821,0.290781,0.25089,0.20418,0.06778
data\dataset_cls\train\Non_fractured\IMG0001645.jpg,train,Non_fractured,0.246264,0.0,0.5,0.5,0.284083,0.195788,0.251468,0.310435,0.069502
data\dataset_cls\train\Non_fractured\IMG0001646.jpg,train,Non_fractured,0.57123,0.256775,0.015433,0.5,0.324448,0.481417,0.309665,0.301191,0.071751
data\dataset_cls\train\Non_fractured\IMG0001647.jpg,train,Non_fractured,0.744016,0.655059,0.958087,0.208574,0.579125,0.526854,0.192264,0.322585,0.192037
data\dataset_cls\train\Non_fractured\IMG0001648.jpg,train,Non_fractured,0.271928,0.565274,0.015878,0.702956,0.360141,0.575336,0.074534,0.218774,0.14939
data\dataset_cls\train\Non_fractured\IMG0001650.jpg,train,Non_fractured,0.356337,0.857653,0.0,0.844755,0.370619,0.327132,0.214037,0.294998,0.372194
data\dataset_cls\train\Non_fractured\IMG0001652.jpg,train,Non_fractured,0.735308,0.452611,0.444992,0.257158,0.524572,0.407925,0.185209,0.168883,0.056229
data\dataset_cls\train\Non_fractured\IMG0001653.jpg,train,Non_fractured,0.21286,0.037701,0.714813,0.135949,0.383872,0.483537,0.288465,0.289805,0.269794
data\dataset_cls\train\Non_fractured\IMG0001654.jpg,train,Non_fractured,0.38426,0.243811,0.5,0.5,0.152191,0.586931,0.203498,0.164495,0.240648
data\dataset_cls\train\Non_fractured\IMG0001655.jpg,train,Non_fractured,0.021626,0.424455,0.5,0.5,0.453593,0.734173,0.329503,0.182744,0.222229
data\dataset_cls\train\Non_fractured\IMG0001656.jpg,train,Non_fractured,0.452034,0.696506,0.0,0.810905,0.362908,0.399268,0.190404,0.323324,0.253303
data\dataset_cls\train\Non_fractured\IMG0001657.jpg,train,Non_fractured,0.18767,0.561818,0.469993,0.568775,0.254587,0.493221,0.118213,0.168174,0.068984
data\dataset_cls\train\Non_fractured\IMG0001658.jpg,train,Non_fractured,0.255831,0.28775,0.707205,0.437974,0.352136,0.563163,0.23121,0.268944,0.158969
data\dataset_cls\train\Non_fractured\IMG0001659.jpg,train,Non_fractured,0.102526,0.184684,0.313952,0.228683,0.687885,0.445974,0.284423,0.07919,0.357348
data\dataset_cls\train\Non_fractured\IMG0001660.jpg,train,Non_fractured,0.211174,0.363398,0.0,0.735975,0.453182,0.563062,0.191024,0.286537,0.231902
data\dataset_cls\train\Non_fractured\IMG0001661.jpg,train,Non_fractured,0.152947,0.40354,0.0,0.398588,0.509195,0.323774,0.073416,0.221939,0.293047
data\dataset_cls\train\Non_fractured\IMG0001662.jpg,train,Non_fractured,0.544173,0.179908,0.52952,0.314441,0.498068,0.445863,0.135024,0.005695,0.134958
data\dataset_cls\train\Non_fractured\IMG0001663.jpg,train,Non_fractured,0.453759,0.438435,0.65535,0.380109,0.723828,0.411966,0.159741,0.053595,0.112864
data\dataset_cls\train\Non_fractured\IMG0001664.jpg,train,Non_fractured,0.915028,0.607638,0.0,0.710121,0.351739,0.58266,0.493449,0.429156,0.086917
data\dataset_cls\train\Non_fractured\IMG0001665.jpg,train,Non_fractured,0.831016,0.764666,0.5,0.5,0.343622,0.476363,0.329236,0.099215,0.238455
data\dataset_cls\train\Non_fractured\IMG0001668.jpg,train,Non_fractured,0.976111,0.48704,0.5,0.5,0.52082,0.47378,0.310468,0.166158,0.145421
data\dataset_cls\train\Non_fractured\IMG0001669.jpg,train,Non_fractured,0.872127,0.790565,0.5,0.5,0.432971,0.205659,0.39786,0.101707,0.338181
data\dataset_cls\train\Non_fractured\IMG0001672.jpg,train,Non_fractured,0.397981,0.257749,0.095929,0.918094,0.426691,0.470152,0.304851,0.425409,0.143255
data\dataset_cls\train\Non_fractured\IMG0001673.jpg,train,Non_fractured,0.104473,0.187904,0.098371,0.13575,0.359247,0.620348,0.151459,0.199827,0.350691
data\dataset_cls\train\Non_fractured\IMG0001675.jpg,train,Non_fractured,0.279871,0.681274,1.0,0.955316,0.263354,0.317528,0.236436,0.572871,0.417709
data\dataset_cls\train\Non_fractured\IMG0001677.jpg,train,Non_fractured,0.179317,0.81589,0.5,0.5,0.275747,0.314824,0.305759,0.186798,0.232682
data\dataset_cls\train\Non_fractured\IMG0001679.jpg,train,Non_fractured,0.343198,0.711112,0.273128,0.246816,0.518767,0.58332,0.200471,0.286929,0.156694
data\dataset_cls\train\Non_fractured\IMG0001681.jpg,train,Non_fractured,0.829208,0.712221,0.150373,0.80931,0.540177,0.442295,0.327726,0.388356,0.214954
data\dataset_cls\train\Non_fractured\IMG0001682.jpg,train,Non_fractured,0.12269,0.243137,0.5,0.5,0.520997,0.478624,0.306229,0.150693,0.156935
data\dataset_cls\train\Non_fractured\IMG0001683.jpg,train,Non_fractured,0.729035,0.325183,0.5,0.5,0.374149,0.356651,0.206429,0.111493,0.164528
data\dataset_cls\train\Non_fractured\IMG0001684.jpg,train,Non_fractured,0.604029,0.652025,0.379845,0.838907,0.436088,0.401817,0.132401,0.22803,0.232105
data\dataset_cls\train\Non_fractured\IMG0001685.jpg,train,Non_fractured,0.389631,0.572914,0.314456,0.927356,0.588157,0.33783,0.057215,0.335459,0.316751
data\dataset_cls\train\Non_fractured\IMG0001686.jpg,train,Non_fractured,0.177938,0.376863,1.0,1.0,0.314489,0.184253,0.350284,0.694675,0.382701
data\dataset_cls\train\Non_fractured\IMG0001688.jpg,train,Non_fractured,0.392483,0.111355,0.930816,0.104423,0.514865,0.249355,0.22453,0.322097,0.135906
data\dataset_cls\train\Non_fractured\IMG0001689.jpg,train,Non_fractured,0.260753,0.547085,0.802128,0.43328,0.437734,0.519795,0.244027,0.309219,0.065516
data\dataset_cls\train\Non_fractured\IMG0001691.jpg,train,Non_fractured,0.118041,0.638254,0.0,1.0,0.363641,0.623569,0.123254,0.293811,0.241326
data\dataset_cls\train\Non_fractured\IMG0001692.jpg,train,Non_fractured,0.258834,0.355525,0.569054,0.715975,0.438886,0.500261,0.234658,0.241731,0.028918
data\dataset_cls\train\Non_fractured\IMG0001693.jpg,train,Non_fractured,0.302987,0.611896,0.373527,0.497019,0.500513,0.351801,0.153646,0.021361,0.173072
data\dataset_cls\train\Non_fractured\IMG0001694.jpg,train,Non_fractured,0.339794,0.313093,0.0,0.874156,0.421691,0.409083,0.235285,0.425939,0.208119
data\dataset_cls\train\Non_fractured\IMG0001695.jpg,train,Non_fractured,0.478046,0.640314,0.5,0.5,0.581896,0.541283,0.090131,0.063745,0.064839
data\dataset_cls\train\Non_fractured\IMG0001697.jpg,train,Non_fractured,0.366763,0.056928,0.5,0.5,0.380606,0.289811,0.23059,0.233469,0.035988
data\dataset_cls\train\Non_fractured\IMG0001698.jpg,train,Non_fractured,0.757185,0.28593,1.0,0.021996,0.55319,0.481334,0.026254,0.333117,0.307722
data\dataset_cls\train\Non_fractured\IMG0001699.jpg,train,Non_fractured,0.058888,0.477146,0.585116,0.253718,0.5554,0.479331,0.348799,0.238214,0.173138
data\dataset_cls\train\Non_fractured\IMG0001702.jpg,train,Non_fractured,0.490688,0.197795,0.0,0.820829,0.521355,0.472248,0.336172,0.46765,0.185659
data\dataset_cls\train\Non_fractured\IMG0001703.jpg,train,Non_fractured,0.832969,0.361314,0.5,0.5,0.512062,0.281758,0.218848,0.165477,0.143011
data\dataset_cls\train\Non_fractured\IMG0001704.jpg,train,Non_fractured,0.157435,0.315094,0.125268,0.803664,0.523058,0.380325,0.215481,0.336062,0.281077
data\dataset_cls\train\Non_fractured\IMG0001705.jpg,train,Non_fractured,0.491138,0.479363,0.430487,0.51567,0.563621,0.447473,0.00421,0.073389,0.076227
data\dataset_cls\train\Non_fractured\IMG0001706.jpg,train,Non_fractured,0.588492,0.364936,0.5,0.5,0.551874,0.236332,0.041759,0.140906,0.130857
data\dataset_cls\train\Non_fractured\IMG0001707.jpg,train,Non_fractured,0.332389,0.802501,0.49052,0.624191,0.385356,0.532043,0.165313,0.092345,0.122115
data\dataset_cls\train\Non_fractured\IMG0001708.jpg,train,Non_fractured,0.876256,0.83933,0.5,0.5,0.68882,0.478805,0.299545,0.216159,0.127241
data\dataset_cls\train\Non_fractured\IMG0001709.jpg,train,Non_fractured,0.11044,0.0,0.5,0.5,0.430876,0.103234,0.310552,0.335754,0.128806
data\dataset_cls\train\Non_fractured\IMG0001711.jpg,train,Non_fractured,0.652739,0.559342,0.791273,0.838674,0.706723,0.625458,0.131824,0.180238,0.050081
data\dataset_cls\train\Non_fractured\IMG0001712.jpg,train,Non_fractured,0.714458,0.475735,0.5,0.5,0.416122,0.454226,0.170934,0.049392,0.129364
data\dataset_cls\train\Non_fractured\IMG0001714.jpg,train,Non_fractured,0.224804,0.418176,0.074853,0.875206,0.319509,0.322051,0.121703,0.361507,0.244206
data\dataset_cls\train\Non_fractured\IMG0001715.jpg,train,Non_fractured,0.313851,0.520088,0.432068,0.167838,0.421138,0.252013,0.220014,0.151711,0.069205
data\dataset_cls\train\Non_fractured\IMG0001716.jpg,train,Non_fractured,0.194154,0.707268,0.950501,0.72686,0.292939,0.186261,0.330432,0.506947,0.399894
data\dataset_cls\train\Non_fractured\IMG0001717.jpg,train,Non_fractured,0.333333,1.0,0.85554,0.429353,0.334051,0.410573,0.424162,0.39354,0.2669
data\dataset_cls\train\Non_fractured\IMG0001718.jpg,train,Non_fractured,0.477309,0.807954,0.154835,0.0,0.226766,0.443331,0.435033,0.437324,0.065062
data\dataset_cls\train\Non_fractured\IMG0001719.jpg,train,Non_fractured,0.199247,0.620953,0.5,0.5,0.286146,0.357505,0.181976,0.171686,0.141778
data\dataset_cls\train\Non_fractured\IMG0001720.jpg,train,Non_fractured,0.217974,0.762445,0.0,0.0,0.401681,0.551544,0.32465,0.484256,0.225762
data\dataset_cls\train\Non_fractured\IMG0001721.jpg,train,Non_fractured,0.525132,0.381858,0.0,0.0,0.639334,0.450054,0.17232,0.477035,0.304849
data\dataset_cls\train\Non_fractured\IMG0001722.jpg,train,Non_fractured,0.537303,0.36636,0.592099,0.005789,0.475299,0.454242,0.090928,0.275674,0.188452
data\dataset_cls\train\Non_fractured\IMG0001723.jpg,train,Non_fractured,0.497518,0.447815,0.488558,0.497068,0.501184,0.456325,0.019335,0.03085,0.012039
data\dataset_cls\train\Non_fractured\IMG0001724.jpg,train,Non_fractured,0.503442,0.03977,0.658614,1.0,0.529914,0.572152,0.501208,0.472269,0.048737
data\dataset_cls\train\Non_fractured\IMG0001726.jpg,train,Non_fractured,0.363615,0.0,0.905279,0.907136,0.206139,0.360908,0.441655,0.636994,0.292144
data\dataset_cls\train\Non_fractured\IMG0001727.jpg,train,Non_fractured,0.543624,0.200604,0.682025,0.288187,0.465526,0.465413,0.119172,0.122016,0.17707
data\dataset_cls\train\Non_fractured\IMG0001728.jpg,train,Non_fractured,0.595575,0.290297,0.60126,0.410259,0.487356,0.449564,0.099153,0.048082,0.099314
data\dataset_cls\train\Non_fractured\IMG0001729.jpg,train,Non_fractured,0.106311,0.470171,0.110711,0.591314,0.441081,0.579639,0.136715,0.11733,0.224097
data\dataset_cls\train\Non_fractured\IMG0001733.jpg,train,Non_fractured,0.104151,0.593565,0.864965,0.796511,0.152125,0.271374,0.272511,0.547901,0.359012
data\dataset_cls\train\Non_fractured\IMG0001734.jpg,train,Non_fractured,0.112116,0.452891,0.5,0.5,0.254747,0.354576,0.17766,0.220588,0.088154
data\dataset_cls\train\Non_fractured\IMG0001735.jpg,train,Non_fractured,0.236968,0.442361,0.649138,0.903447,0.502046,0.248845,0.242729,0.416004,0.285428
data\dataset_cls\train\Non_fractured\IMG0001736.jpg,train,Non_fractured,0.942115,0.841743,0.093006,0.483782,0.371766,0.476251,0.531062,0.393685,0.157822
data\dataset_cls\train\Non_fractured\IMG0001737.jpg,train,Non_fractured,0.160836,0.331848,0.0,0.906672,0.203361,0.496982,0.249785,0.349906,0.115599
data\dataset_cls\train\Non_fractured\IMG0001740.jpg,train,Non_fractured,0.36329,0.64392,0.850514,1.0,0.34836,0.560282,0.181747,0.423237,0.245239
data\dataset_cls\train\Non_fractured\IMG0001741.jpg,train,Non_fractured,0.06396,0.030609,0.789637,0.946153,0.213162,0.537266,0.556583,0.619113,0.146105
data\dataset_cls\train\Non_fractured\IMG0001742.jpg,train,Non_fractured,0.56433,0.14949,0.20355,0.184602,0.668728,0.336554,0.113085,0.27806,0.220945
data\dataset_cls\train\Non_fractured\IMG0001743.jpg,train,Non_fractured,0.125267,0.376379,0.5,0.5,0.411903,0.57926,0.245858,0.154984,0.114998
data\dataset_cls\train\Non_fractured\IMG0001744.jpg,train,Non_fractured,0.193857,0.402186,0.348698,0.875368,0.503669,0.50172,0.245833,0.282276,0.179865
data\dataset_cls\train\Non_fractured\IMG0001745.jpg,train,Non_fractured,0.134383,0.236657,0.096405,0.601411,0.633144,0.446003,0.245382,0.258386,0.345635
data\dataset_cls\train\Non_fractured\IMG0001746.jpg,train,Non_fractured,0.594995,0.566445,1.0,0.325245,0.775418,0.334761,0.250853,0.22589,0.075505
data\dataset_cls\train\Non_fractured\IMG0001747.jpg,train,Non_fractured,0.919511,0.818284,0.460286,0.426961,0.495641,0.381587,0.403523,0.201188,0.206381
data\dataset_cls\train\Non_fractured\IMG0001748.jpg,train,Non_fractured,0.533453,0.528373,0.5,0.5,0.463457,0.45415,0.048566,0.005916,0.053508
data\dataset_cls\train\Non_fractured\IMG0001749.jpg,train,Non_fractured,0.96738,0.553303,0.5,0.5,0.377461,0.320046,0.365148,0.122455,0.274538
data\dataset_cls\train\Non_fractured\IMG0001750.jpg,train,Non_fractured,0.148574,0.482794,0.332047,0.332047,0.467237,0.647158,0.16744,0.156118,0.22007
data\dataset_cls\train\Non_fractured\IMG0001753.jpg,train,Non_fractured,0.079261,0.709613,0.5,0.5,0.312593,0.631189,0.238228,0.232376,0.023317
data\dataset_cls\train\Non_fractured\IMG0001754.jpg,train,Non_fractured,0.0,0.442081,0.5,0.5,0.437166,0.225487,0.316835,0.217892,0.205834
data\dataset_cls\train\Non_fractured\IMG0001755.jpg,train,Non_fractured,0.402553,0.493629,0.525298,0.278641,0.51882,0.493728,0.107137,0.14969,0.080525
data\dataset_cls\train\Non_fractured\IMG0001756.jpg,train,Non_fractured,0.05664,0.11109,0.019002,0.106206,0.308347,0.41506,0.1226,0.151052,0.272496
data\dataset_cls\train\Non_fractured\IMG0001757.jpg,train,Non_fractured,0.375138,0.237672,0.166667,0.0,0.523349,0.3372,0.050238,0.268716,0.222523
data\dataset_cls\train\Non_fractured\IMG0001758.jpg,train,Non_fractured,0.617462,0.558472,0.545575,0.127315,0.343893,0.489264,0.202678,0.267885,0.186059
data\dataset_cls\train\Non_fractured\IMG0001759.jpg,train,Non_fractured,0.722561,0.540218,0.399789,0.81085,0.548954,0.523922,0.185915,0.243493,0.101403
data\dataset_cls\train\Non_fractured\IMG0001761.jpg,train,Non_fractured,0.608663,0.561665,0.052677,0.589984,0.434494,0.535688,0.243386,0.313811,0.074208
data\dataset_cls\train\Non_fractured\IMG0001764.jpg,train,Non_fractured,0.365834,0.002979,0.0,0.105286,0.426736,0.334051,0.176635,0.267531,0.247478
data\dataset_cls\train\Non_fractured\IMG0001765.jpg,train,Non_fractured,0.665268,0.134373,0.429365,0.149933,0.473468,0.153958,0.143048,0.093414,0.049858
data\dataset_cls\train\Non_fractured\IMG0001767.jpg,train,Non_fractured,0.5,0.5,0.5,0.5,0.49105,0.476682,0.008326,0.008326,0.016651
data\dataset_cls\train\Non_fractured\IMG0001772.jpg,train,Non_fractured,0.379881,0.473488,0.0,0.7527,0.546084,0.299376,0.079376,0.393562,0.316408
data\dataset_cls\train\Non_fractured\IMG0001773.jpg,train,Non_fractured,0.487438,0.847022,0.5,0.5,0.354771,0.737651,0.157311,0.201864,0.102025
data\dataset_cls\train\Non_fractured\IMG0001775.jpg,train,Non_fractured,0.272174,0.26096,0.5,0.5,0.436748,0.252378,0.15169,0.189023,0.091837
data\dataset_cls\train\Non_fractured\IMG0001776.jpg,train,Non_fractured,0.907539,0.366819,0.0,0.393085,0.599977,0.432163,0.406183,0.502524,0.103501
data\dataset_cls\train\Non_fractured\IMG0001779.jpg,train,Non_fractured,0.835724,0.502421,0.478579,0.12722,0.774224,0.397112,0.212434,0.305919,0.0954
data\dataset_cls\train\Non_fractured\IMG0001782.jpg,train,Non_fractured,0.548154,0.791488,0.0,0.95945,0.313283,0.505239,0.26397,0.354208,0.2482
data\dataset_cls\train\Non_fractured\IMG0001783.jpg,train,Non_fractured,0.493962,0.313053,0.062289,0.0607,0.341284,0.566371,0.194784,0.346354,0.256476
data\dataset_cls\train\Non_fractured\IMG0001784.jpg,train,Non_fractured,0.5,0.5,0.5,0.5,0.588718,0.174443,0.112476,0.112476,0.224953
data\dataset_cls\train\Non_fractured\IMG0001787.jpg,train,Non_fractured,0.722476,0.660709,0.0,0.514376,0.771346,0.471049,0.250917,0.499123,0.284222
data\dataset_cls\train\Non_fractured\IMG0001788.jpg,train,Non_fractured,0.64339,0.861497,0.5,0.5,0.512002,0.237703,0.340963,0.061452,0.298032
data\dataset_cls\train\Non_fractured\IMG0001789.jpg,train,Non_fractured,0.762536,0.181385,0.64127,0.342043,0.587419,0.510711,0.190884,0.02263,0.182704
data\dataset_cls\train\Non_fractured\IMG0001791.jpg,train,Non_fractured,0.460059,0.70151,0.671151,0.842195,0.458351,0.511581,0.071698,0.211294,0.18767
data\dataset_cls\train\Non_fractured\IMG0001792.jpg,train,Non_fractured,0.434263,0.768605,0.08421,0.558685,0.411727,0.705219,0.154027,0.255204,0.105371
data\dataset_cls\train\Non_fractured\IMG0001793.jpg,train,Non_fractured,0.37216,0.258753,0.011002,0.605424,0.422411,0.420926,0.19877,0.312517,0.154067
data\dataset_cls\train\Non_fractured\IMG0001794.jpg,train,Non_fractured,0.743165,0.16527,0.028348,0.168241,0.358411,0.28403,0.368762,0.350317,0.080281
data\dataset_cls\train\Non_fractured\IMG0001795.jpg,train,Non_fractured,0.546781,0.409849,0.378443,0.764825,0.619271,0.580342,0.178047,0.225692,0.104544
data\dataset_cls\train\Non_fractured\IMG0001796.jpg,train,Non_fractured,0.590204,0.278589,0.021264,0.726688,0.56552,0.431263,0.281527,0.446222,0.179608
data\dataset_cls\train\Non_fractured\IMG0001797.jpg,train,Non_fractured,0.246938,0.469916,0.798474,0.40614,0.251728,0.53405,0.185442,0.371628,0.191658
data\dataset_cls\train\Non_fractured\IMG0001798.jpg,train,Non_fractured,0.17737,0.187835,0.0,0.856556,0.603909,0.455763,0.323075,0.441494,0.346326
data\dataset_cls\train\Non_fractured\IMG0001799.jpg,train,Non_fractured,0.690432,0.463882,0.393179,0.934341,0.415578,0.373306,0.228915,0.359963,0.232936
data\dataset_cls\train\Non_fractured\IMG0001802.jpg,train,Non_fractured,0.184113,0.241847,0.132653,0.026397,0.419022,0.221656,0.099543,0.177266,0.183297
data\dataset_cls\train\Non_fractured\IMG0001803.jpg,train,Non_fractured,0.900665,0.220857,0.5,0.5,0.433671,0.378525,0.323803,0.173933,0.178183
data\dataset_cls\train\Non_fractured\IMG0001807.jpg,train,Non_fractured,0.36054,0.501755,0.829579,0.423819,0.324476,0.493317,0.147169,0.328412,0.181533
data\dataset_cls\train\Non_fractured\IMG0001808.jpg,train,Non_fractured,0.512714,0.683373,0.112474,0.559119,0.557013,0.542376,0.147968,0.283864,0.171219
data\dataset_cls\train\Non_fractured\IMG0001809.jpg,train,Non_fractured,0.597949,0.496527,0.825261,0.385684,0.704802,0.477762,0.119474,0.134214,0.024855
data\dataset_cls\train\Non_fractured\IMG0001810.jpg,train,Non_fractured,0.230337,0.761295,0.068781,0.728366,0.581812,0.599006,0.090786,0.227148,0.304125
data\dataset_cls\train\Non_fractured\IMG0001812.jpg,train,Non_fractured,0.961216,0.490796,0.160887,0.561109,0.549016,0.445319,0.404261,0.40098,0.054351
data\dataset_cls\train\Non_fractured\IMG0001813.jpg,train,Non_fractured,0.541172,0.492487,0.807852,0.377761,0.606923,0.28605,0.154076,0.156058,0.10912
data\dataset_cls\train\Non_fractured\IMG0001814.jpg,train,Non_fractured,0.070497,0.419872,0.916716,0.47532,0.399006,0.521333,0.395054,0.454654,0.079963
data\dataset_cls\train\Non_fractured\IMG0001815.jpg,train,Non_fractured,0.189963,0.512053,0.677974,0.994066,0.481737,0.270496,0.272006,0.462076,0.323282
data\dataset_cls\train\Non_fractured\IMG0001816.jpg,train,Non_fractured,0.138525,0.641901,1.0,0.0,0.280687,0.42569,0.440157,0.635841,0.204663
data\dataset_cls\train\Non_fractured\IMG0001817.jpg,train,Non_fractured,0.511593,0.405256,0.591362,0.66987,0.395155,0.53797,0.133005,0.161033,0.104215
data\dataset_cls\train\Non_fractured\IMG0001818.jpg,train,Non_fractured,0.905555,0.689783,0.07587,0.28449,0.258315,0.500499,0.530705,0.395871,0.155188
data\dataset_cls\train\Non_fractured\IMG0001819.jpg,train,Non_fractured,0.545524,0.244811,0.0,0.293579,0.507648,0.340427,0.200334,0.351058,0.163633
data\dataset_cls\train\Non_fractured\IMG0001820.jpg,train,Non_fractured,0.787691,0.220779,0.5,0.5,0.501572,0.304683,0.226352,0.18525,0.10186
data\dataset_cls\train\Non_fractured\IMG0001821.jpg,train,Non_fractured,0.612026,0.22386,0.0,0.193324,0.633547,0.314161,0.197841,0.418246,0.229418
data\dataset_cls\train\Non_fractured\IMG0001823.jpg,train,Non_fractured,0.369247,0.638373,0.0,0.5,0.668365,0.371517,0.137084,0.345886,0.34838
data\dataset_cls\train\Non_fractured\IMG0001824.jpg,train,Non_fractured,0.643634,0.775139,0.365711,0.961115,0.384051,0.436145,0.186287,0.256735,0.299004
data\dataset_cls\train\Non_fractured\IMG0001826.jpg,train,Non_fractured,0.5,0.5,0.5,0.5,0.471508,0.131713,0.123129,0.123129,0.246258
data\dataset_cls\train\Non_fractured\IMG0001828.jpg,train,Non_fractured,0.338473,0.193059,0.713666,0.280911,0.558882,0.492154,0.236753,0.181384,0.171513
data\dataset_cls\train\Non_fractured\IMG0001829.jpg,train,Non_fractured,0.738031,0.618565,0.904095,0.309226,0.618319,0.315886,0.20459,0.183792,0.167348
data\dataset_cls\train\Non_fractured\IMG0001830.jpg,train,Non_fractured,0.590508,0.749788,0.375999,0.911543,0.506918,0.30614,0.136759,0.280446,0.35004
data\dataset_cls\train\Non_fractured\IMG0001831.jpg,train,Non_fractured,0.60234,0.707439,0.016838,0.704984,0.379559,0.408265,0.287576,0.330945,0.204035
data\dataset_cls\train\Non_fractured\IMG0001832.jpg,train,Non_fractured,0.323429,0.887012,0.088204,0.13737,0.703565,0.421024,0.408079,0.446118,0.337352
data\dataset_cls\train\Non_fractured\IMG0001833.jpg,train,Non_fractured,0.364582,0.392335,0.368252,0.779906,0.462748,0.271328,0.095118,0.300247,0.219468
data\dataset_cls\train\Non_fractured\IMG0001834.jpg,train,Non_fractured,0.88229,0.761629,0.407231,0.879864,0.622333,0.442689,0.253975,0.295297,0.252482
data\dataset_cls\train\Non_fractured\IMG0001835.jpg,train,Non_fractured,0.665155,0.345441,0.5,0.5,0.485993,0.324144,0.123068,0.121115,0.092004
data\dataset_cls\train\Non_fractured\IMG0001837.jpg,train,Non_fractured,0.508204,0.448661,0.546264,0.926008,0.550102,0.622618,0.218731,0.260496,0.045759
data\dataset_cls\train\Non_fractured\IMG0001838.jpg,train,Non_fractured,0.396459,0.635023,0.643822,0.874785,0.536122,0.302261,0.132681,0.295499,0.301951
data\dataset_cls\train\Non_fractured\IMG0001839.jpg,train,Non_fractured,0.374531,0.707888,0.029931,0.07077,0.414664,0.256439,0.376782,0.366501,0.16705
data\dataset_cls\train\Non_fractured\IMG0001840.jpg,train,Non_fractured,0.683673,0.46946,0.222064,0.776191,0.428842,0.458108,0.258314,0.304983,0.110974
data\dataset_cls\train\Non_fractured\IMG0001841.jpg,train,Non_fractured,0.389855,0.497357,0.5,0.5,0.386675,0.501329,0.035723,0.074491,0.038875
data\dataset_cls\train\Non_fractured\IMG0001842.jpg,train,Non_fractured,0.718284,0.587776,0.035921,0.534699,0.438372,0.425138,0.328719,0.362095,0.099504
data\dataset_cls\train\Non_fractured\IMG0001843.jpg,train,Non_fractured,0.34045,0.615024,0.449167,0.600328,0.80635,0.334391,0.215356,0.117784,0.329343
data\dataset_cls\train\Non_fractured\IMG0001844.jpg,train,Non_fractured,0.67954,0.62554,0.439479,0.108895,0.578629,0.308574,0.300217,0.270169,0.041121
data\dataset_cls\train\Non_fractured\IMG0001845.jpg,train,Non_fractured,0.312906,0.304679,0.143801,0.605307,0.664973,0.456966,0.162825,0.274481,0.291083
data\dataset_cls\train\Non_fractured\IMG0001846.jpg,train,Non_fractured,0.172254,0.354362,0.053799,0.441198,0.412431,0.35685,0.050326,0.168957,0.20146
data\dataset_cls\train\Non_fractured\IMG0001847.jpg,train,Non_fractured,0.388322,0.344226,0.148505,0.383871,0.631741,0.530275,0.075241,0.24363,0.266365
data\dataset_cls\train\Non_fractured\IMG0001848.jpg,train,Non_fractured,0.681055,0.493177,0.912472,0.511197,0.457581,0.457782,0.006368,0.230005,0.228051
data\dataset_cls\train\Non_fractured\IMG0001849.jpg,train,Non_fractured,0.318529,0.251147,0.5,0.5,0.687445,0.314275,0.210886,0.144873,0.189903
data\dataset_cls\train\Non_fractured\IMG0001850.jpg,train,Non_fractured,0.394588,0.442768,0.0,0.578289,0.636304,0.404665,0.060425,0.35875,0.301063
data\dataset_cls\train\Non_fractured\IMG0001851.jpg,train,Non_fractured,0.570951,0.478256,1.0,0.45142,0.30608,0.425414,0.06083,0.374323,0.320676
data\dataset_cls\train\Non_fractured\IMG0001852.jpg,train,Non_fractured,0.600853,0.552926,0.923943,0.579271,0.491572,0.543172,0.071484,0.252679,0.181197
data\dataset_cls\train\Non_fractured\IMG0001853.jpg,train,Non_fractured,0.728034,0.441899,0.5,0.5,0.38413,0.442718,0.191655,0.053639,0.15441
data\dataset_cls\train\Non_fractured\IMG0001854.jpg,train,Non_fractured,0.517084,0.154119,0.5,0.5,0.537787,0.190041,0.127274,0.219377,0.093403
data\dataset_cls\train\Non_fractured\IMG0001855.jpg,train,Non_fractured,0.0,0.758087,0.5,0.5,0.332247,0.419059,0.341432,0.230283,0.150345
data\dataset_cls\train\Non_fractured\IMG0001858.jpg,train,Non_fractured,0.587759,0.1614,0.960915,0.391534,0.347137,0.327355,0.139225,0.343295,0.286814
data\dataset_cls\train\Non_fractured\IMG0001859.jpg,train,Non_fractured,0.81072,0.818967,0.256807,0.717653,0.596608,0.536598,0.286177,0.299088,0.160055
data\dataset_cls\train\Non_fractured\IMG0001860.jpg,train,Non_fractured,0.309228,0.284468,0.821717,0.821717,0.30299,0.354794,0.263615,0.479788,0.219311
data\dataset_cls\train\Non_fractured\IMG0001862.jpg,train,Non_fractured,0.57118,0.0,0.5,0.5,0.125939,0.635764,0.415886,0.157905,0.375131
data\dataset_cls\train\Non_fractured\IMG0001863.jpg,train,Non_fractured,0.188313,0.43506,0.5,0.5,0.334713,0.181809,0.165094,0.203932,0.190585
data\dataset_cls\train\Non_fractured\IMG0001864.jpg,train,Non_fractured,0.601154,0.622631,0.333333,0.0,0.57931,0.355531,0.311899,0.368298,0.080316
data\dataset_cls\train\Non_fractured\IMG0001865.jpg,train,Non_fractured,0.164178,0.343976,1.0,0.666667,0.364123,0.436784,0.371999,0.524006,0.152325
data\dataset_cls\train\Non_fractured\IMG0001866.jpg,train,Non_fractured,0.453706,0.581501,0.281492,0.939168,0.541184,0.587935,0.12461,0.276703,0.1631
data\dataset_cls\train\Non_fractured\IMG0001873.jpg,train,Non_fractured,0.0,0.41039,0.0,0.181548,0.230009,0.337124,0.126567,0.149325,0.155775
data\dataset_cls\train\Non_fractured\IMG0001878.jpg,train,Non_fractured,0.472698,0.532521,0.909195,0.754307,0.761908,0.528536,0.252562,0.245201,0.090019
data\dataset_cls\train\Non_fractured\IMG0001879.jpg,train,Non_fractured,0.684929,0.117058,0.5,0.5,0.37245,0.250869,0.239083,0.211557,0.15163
data\dataset_cls\train\Non_fractured\IMG0001881.jpg,train,Non_fractured,0.511774,0.790098,0.686641,0.551652,0.663679,0.222969,0.289776,0.072479,0.301682
data\dataset_cls\train\Non_fractured\IMG0001882.jpg,train,Non_fractured,0.549973,0.876746,0.702072,0.916839,0.499612,0.578011,0.092644,0.172978,0.22862
data\dataset_cls\train\Non_fractured\IMG0001883.jpg,train,Non_fractured,0.187586,0.169651,0.5,0.5,0.404231,0.220584,0.217378,0.244592,0.086162
data\dataset_cls\train\Non_fractured\IMG0001884.jpg,train,Non_fractured,0.192881,0.577817,0.080263,0.880113,0.639226,0.510554,0.136061,0.316651,0.36537
data\dataset_cls\train\Non_fractured\IMG0001886.jpg,train,Non_fractured,0.587539,0.531675,0.810808,0.197829,0.572739,0.30387,0.199697,0.212481,0.093552
data\dataset_cls\train\Non_fractured\IMG0001887.jpg,train,Non_fractured,0.928471,0.836841,0.5,0.5,0.510587,0.403545,0.381434,0.166853,0.222742
data\dataset_cls\train\Non_fractured\IMG0001888.jpg,train,Non_fractured,0.532383,0.810576,0.834852,0.219477,0.466112,0.551777,0.294036,0.380524,0.147059
data\dataset_cls\train\Non_fractured\IMG0001889.jpg,train,Non_fractured,0.156862,0.451334,0.315013,0.306394,0.355758,0.447881,0.128885,0.103185,0.092184
data\dataset_cls\train\Non_fractured\IMG0001890.jpg,train,Non_fractured,0.919479,0.671445,0.649671,0.697036,0.482832,0.71989,0.236775,0.034335,0.202561
data\dataset_cls\train\Non_fractured\IMG0001892.jpg,train,Non_fractured,0.918734,0.492349,1.0,0.242944,0.419888,0.380374,0.18408,0.2554,0.359753
data\dataset_cls\train\Non_fractured\IMG0001893.jpg,train,Non_fractured,0.266295,0.402423,0.198861,0.352441,0.432931,0.518679,0.039768,0.123674,0.163425
data\dataset_cls\train\Non_fractured\IMG0001894.jpg,train,Non_fractured,0.14305,0.534295,0.0,0.524501,0.279119,0.515235,0.009895,0.140723,0.138718
data\dataset_cls\train\Non_fractured\IMG0001896.jpg,train,Non_fractured,0.367657,0.0,0.5,0.5,0.576756,0.300828,0.290193,0.233793,0.101131
data\dataset_cls\train\Non_fractured\IMG0001898.jpg,train,Non_fractured,0.266032,0.360697,0.651053,0.245179,0.532583,0.428591,0.21777,0.195182,0.09723
data\dataset_cls\train\Non_fractured\IMG0001900.jpg,train,Non_fractured,0.5,0.5,0.5,0.5,0.601228,0.377919,0.052863,0.052863,0.105727
data\dataset_cls\train\Non_fractured\IMG0001901.jpg,train,Non_fractured,0.290697,0.377254,0.0,1.0,0.542992,0.600141,0.282168,0.439793,0.27158
data\dataset_cls\train\Non_fractured\IMG0001902.jpg,train,Non_fractured,0.650624,0.523279,0.138997,0.709784,0.564055,0.414485,0.201074,0.351112,0.17571
data\dataset_cls\train\Non_fractured\IMG0001903.jpg,train,Non_fractured,0.698314,0.569951,0.525629,0.622538,0.592447,0.624739,0.09951,0.081581,0.023028
data\dataset_cls\train\Non_fractured\IMG0001904.jpg,train,Non_fractured,0.857784,0.755659,1.0,0.208424,0.524084,0.570809,0.252238,0.36659,0.276284
data\dataset_cls\train\Non_fractured\IMG0001906.jpg,train,Non_fractured,0.690805,0.628678,1.0,0.152841,0.439326,0.473244,0.211301,0.393089,0.276246
data\dataset_cls\train\Non_fractured\IMG0001907.jpg,train,Non_fractured,0.516853,0.091702,0.947228,0.0,0.397014,0.556016,0.161683,0.391733,0.406891
data\dataset_cls\train\Non_fractured\IMG0001908.jpg,train,Non_fractured,0.42815,0.765291,0.309844,0.883723,0.451957,0.612294,0.03354,0.15628,0.151902
data\dataset_cls\train\Non_fractured\IMG0001909.jpg,train,Non_fractured,1.0,0.840011,1.0,0.666667,0.382506,0.415682,0.286456,0.207452,0.469189
data\dataset_cls\train\Non_fractured\IMG0001912.jpg,train,Non_fractured,0.420426,0.212242,0.5,0.5,0.429645,0.216729,0.101812,0.196795,0.095136
data\dataset_cls\train\Non_fractured\IMG0001913.jpg,train,Non_fractured,0.501919,0.758765,0.0,0.0,0.319582,0.428212,0.428799,0.481176,0.056148
data\dataset_cls\train\Non_fractured\IMG0001914.jpg,train,Non_fractured,0.913639,0.468853,0.5,0.5,0.59077,0.558986,0.248809,0.168392,0.091958
data\dataset_cls\train\Non_fractured\IMG0001915.jpg,train,Non_fractured,0.594588,0.695886,0.307431,0.26705,0.420607,0.326149,0.307384,0.210382,0.105511
data\dataset_cls\train\Non_fractured\IMG0001917.jpg,train,Non_fractured,0.471775,0.83673,0.0,0.788935,0.274113,0.264593,0.304131,0.295042,0.36638
data\dataset_cls\train\Non_fractured\IMG0001918.jpg,train,Non_fractured,0.257133,0.48836,0.052243,0.872311,0.435278,0.249419,0.049152,0.388643,0.342812
data\dataset_cls\train\Non_fractured\IMG0001919.jpg,train,Non_fractured,0.195068,0.37247,0.5,0.5,0.577078,0.371008,0.232805,0.114368,0.159088
data\dataset_cls\train\Non_fractured\IMG0001920.jpg,train,Non_fractured,0.648908,0.253689,0.0,0.940412,0.578104,0.295164,0.341282,0.603666,0.262868
data\dataset_cls\train\Non_fractured\IMG0001921.jpg,train,Non_fractured,0.6522,0.425678,0.163438,0.584969,0.542188,0.479008,0.211801,0.302386,0.091281
data\dataset_cls\train\Non_fractured\IMG0001922.jpg,train,Non_fractured,0.440947,0.387219,0.0,0.356737,0.543155,0.461486,0.113852,0.331116,0.223244
data\dataset_cls\train\Non_fractured\IMG0001923.jpg,train,Non_fractured,0.804669,0.21949,0.883532,0.540843,0.3876,0.381841,0.196738,0.249696,0.304335
data\dataset_cls\train\Non_fractured\IMG0001924.jpg,train,Non_fractured,0.57248,0.32772,0.791351,0.407733,0.473507,0.500921,0.093388,0.178958,0.164891
data\dataset_cls\train\Non_fractured\IMG0001927.jpg,train,Non_fractured,0.0,0.065535,0.5,0.5,0.392083,0.162345,0.3461,0.327572,0.124167
data\dataset_cls\train\Non_fractured\IMG0001928.jpg,train,Non_fractured,0.779988,0.448366,0.5,0.5,0.328962,0.15915,0.256218,0.135775,0.295136
data\dataset_cls\train\Non_fractured\IMG0001929.jpg,train,Non_fractured,0.57796,0.338995,0.5,0.5,0.486601,0.302574,0.070072,0.121399,0.085413
data\dataset_cls\train\Non_fractured\IMG0001930.jpg,train,Non_fractured,0.481286,0.429388,0.207304,0.180236,0.210317,0.367392,0.209174,0.172269,0.098581
data\dataset_cls\train\Non_fractured\IMG0001931.jpg,train,Non_fractured,0.719809,0.289185,0.075697,0.4319,0.434897,0.364664,0.318101,0.341681,0.024915
data\dataset_cls\train\Non_fractured\IMG0001936.jpg,train,Non_fractured,0.476817,0.539914,0.815127,0.433711,0.54678,0.461373,0.149375,0.207084,0.068268
data\dataset_cls\train\Non_fractured\IMG0001937.jpg,train,Non_fractured,0.540522,0.275999,0.0,1.0,0.519297,0.413855,0.342921,0.561714,0.223368
data\dataset_cls\train\Non_fractured\IMG0001940.jpg,train,Non_fractured,0.654995,0.659527,0.666667,0.736978,0.612795,0.456387,0.043114,0.121331,0.164393
data\dataset_cls\train\Non_fractured\IMG0001941.jpg,train,Non_fractured,0.392268,0.390889,0.746844,0.78833,0.515667,0.412292,0.211841,0.323415,0.12355
data\dataset_cls\train\Non_fractured\IMG0001942.jpg,train,Non_fractured,0.641207,0.605018,0.830447,0.603539,0.623739,0.490564,0.069078,0.137115,0.106447
data\dataset_cls\train\Non_fractured\IMG0001943.jpg,train,Non_fractured,0.741373,0.494092,0.954164,0.219971,0.787,0.389173,0.152917,0.194622,0.04583
data\dataset_cls\train\Non_fractured\IMG0001945.jpg,train,Non_fractured,0.469636,0.946051,0.74763,0.912281,0.553853,0.198283,0.287131,0.275938,0.488622
data\dataset_cls\train\Non_fractured\IMG0001946.jpg,train,Non_fractured,0.71795,0.298724,0.0,0.084228,0.336239,0.375129,0.369432,0.389692,0.12337
data\dataset_cls\train\Non_fractured\IMG0001947.jpg,train,Non_fractured,0.408428,0.405623,0.39402,0.677897,0.543597,0.438171,0.109291,0.179207,0.11738
data\dataset_cls\train\Non_fractured\IMG0001949.jpg,train,Non_fractured,0.687002,0.56192,0.143322,0.76318,0.614728,0.33874,0.205448,0.397479,0.253579
data\dataset_cls\train\Non_fractured\IMG0001950.jpg,train,Non_fractured,0.81873,0.420919,0.284762,0.687742,0.447451,0.394822,0.312236,0.297889,0.127053
data\dataset_cls\train\Non_fractured\IMG0001951.jpg,train,Non_fractured,0.17535,0.351228,0.264474,0.672294,0.444226,0.444045,0.18241,0.18558,0.156208
data\dataset_cls\train\Non_fractured\IMG0001953.jpg,train,Non_fractured,0.894031,0.814193,0.5,0.5,0.537806,0.272023,0.379509,0.146787,0.277792
data\dataset_cls\train\Non_fractured\IMG0001954.jpg,train,Non_fractured,0.30736,0.500563,0.5,0.5,0.292289,0.449084,0.061679,0.134502,0.081729
data\dataset_cls\train\Non_fractured\IMG0001955.jpg,train,Non_fractured,0.798991,0.68056,1.0,0.956127,0.607657,0.489046,0.028203,0.316858,0.293338
data\dataset_cls\train\Non_fractured\IMG0001956.jpg,train,Non_fractured,0.43084,0.292744,0.5,0.5,0.604578,0.341843,0.117718,0.122375,0.09964
data\dataset_cls\train\Non_fractured\IMG0001957.jpg,train,Non_fractured,0.196753,0.578648,1.0,0.5,0.519747,0.432903,0.382793,0.427851,0.088212
data\dataset_cls\train\Non_fractured\IMG0001958.jpg,train,Non_fractured,0.137619,0.348337,0.030217,0.223252,0.487729,0.401301,0.084399,0.213702,0.280004
data\dataset_cls\train\Non_fractured\IMG0001959.jpg,train,Non_fractured,0.721789,0.0,0.5,0.5,0.43014,0.279357,0.311094,0.245495,0.122082
data\dataset_cls\train\Non_fractured\IMG0001961.jpg,train,Non_fractured,0.804155,0.521581,0.641677,0.450355,0.734627,0.577068,0.077513,0.107716,0.061233
data\dataset_cls\train\Non_fractured\IMG0001966.jpg,train,Non_fractured,0.506653,0.564004,0.042306,0.147995,0.358062,0.386444,0.284413,0.339424,0.059303
data\dataset_cls\train\Non_fractured\IMG0001967.jpg,train,Non_fractured,0.094041,0.731518,0.195977,0.458098,0.307679,0.378627,0.233774,0.064731,0.180365
data\dataset_cls\train\Non_fractured\IMG0001969.jpg,train,Non_fractured,0.59734,0.222508,0.663257,0.850001,0.52806,0.35384,0.252944,0.380503,0.139408
data\dataset_cls\train\Non_fractured\IMG0001972.jpg,train,Non_fractured,0.16692,0.487375,0.615111,0.250651,0.537727,0.50923,0.282238,0.240729,0.135294
data\dataset_cls\train\Non_fractured\IMG0001973.jpg,train,Non_fractured,0.624087,0.245151,0.526006,0.341994,0.373501,0.523669,0.170771,0.033596,0.203923
data\dataset_cls\train\Non_fractured\IMG0001974.jpg,train,Non_fractured,0.111936,0.288076,0.5,0.5,0.338164,0.370294,0.227028,0.215794,0.026669
data\dataset_cls\train\Non_fractured\IMG0001975.jpg,train,Non_fractured,0.349874,0.367972,0.138075,0.819559,0.496121,0.525801,0.204311,0.312741,0.174097
data\dataset_cls\train\Non_fractured\IMG0001976.jpg,train,Non_fractured,0.657238,0.346922,0.393608,0.827106,0.43159,0.405197,0.242517,0.317059,0.136401
data\dataset_cls\train\Non_fractured\IMG0001977.jpg,train,Non_fractured,0.603844,0.365022,0.584617,0.866254,0.551416,0.461172,0.200555,0.302141,0.10686
data\dataset_cls\train\Non_fractured\IMG0001978.jpg,train,Non_fractured,0.368494,0.375611,0.498944,0.618008,0.512306,0.568654,0.171538,0.10479,0.070985
data\dataset_cls\train\Non_fractured\IMG0001979.jpg,train,Non_fractured,0.779292,0.396759,0.5,0.5,0.38533,0.439077,0.229603,0.077496,0.169658
data\dataset_cls\train\Non_fractured\IMG0001982.jpg,train,Non_fractured,0.566372,0.265329,0.953879,0.229422,0.519497,0.426091,0.120931,0.284721,0.199824
data\dataset_cls\train\Non_fractured\IMG0001984.jpg,train,Non_fractured,0.964855,0.211153,0.5,0.5,0.190703,0.465595,0.450962,0.119578,0.368523
data\dataset_cls\train\Non_fractured\IMG0001985.jpg,train,Non_fractured,0.222633,0.378909,0.967255,0.932784,0.237162,0.498266,0.338223,0.591768,0.260631
data\dataset_cls\train\Non_fractured\IMG0001986.jpg,train,Non_fractured,0.439989,0.567061,1.0,1.0,0.192899,0.409667,0.138982,0.569218,0.430815
data\dataset_cls\train\Non_fractured\IMG0001987.jpg,train,Non_fractured,0.736792,0.631086,0.948459,0.061809,0.596765,0.380036,0.274483,0.350403,0.165429
data\dataset_cls\train\Non_fractured\IMG0001988.jpg,train,Non_fractured,0.032116,0.846489,0.034553,0.05722,0.518474,0.303538,0.47302,0.380682,0.338203
data\dataset_cls\train\Non_fractured\IMG0001989.jpg,train,Non_fractured,0.5,0.5,0.5,0.5,0.389288,0.544888,0.039822,0.039822,0.079644
data\dataset_cls\train\Non_fractured\IMG0001990.jpg,train,Non_fractured,0.602253,0.411371,0.5,0.5,0.566858,0.392193,0.051392,0.086401,0.043608
data\dataset_cls\train\Non_fractured\IMG0001991.jpg,train,Non_fractured,0.623942,0.544482,0.473607,0.469317,0.554241,0.58851,0.074076,0.100621,0.054529
data\dataset_cls\train\Non_fractured\IMG0001992.jpg,train,Non_fractured,0.487417,0.331739,0.624181,0.232966,0.631347,0.370834,0.095656,0.089935,0.077564
data\dataset_cls\train\Non_fractured\IMG0001993.jpg,train,Non_fractured,0.442051,0.136512,0.0,0.214945,0.4498,0.408333,0.18598,0.299743,0.217503
data\dataset_cls\train\Non_fractured\IMG0001995.jpg,train,Non_fractured,0.670998,0.037789,0.0,0.428366,0.287791,0.363318,0.424808,0.353847,0.092469
data\dataset_cls\train\Non_fractured\IMG0001997.jpg,train,Non_fractured,0.516993,0.556851,0.361925,0.90552,0.59596,0.475357,0.092601,0.290207,0.199934
data\dataset_cls\train\Non_fractured\IMG0001998.jpg,train,Non_fractured,0.684501,0.49384,0.0,1.0,0.39765,0.415737,0.35383,0.512085,0.223857
data\dataset_cls\train\Non_fractured\IMG0001999.jpg,train,Non_fractured,0.531583,0.696667,0.524499,0.810505,0.506157,0.321703,0.087714,0.200915,0.288291
data\dataset_cls\train\Non_fractured\IMG0002001.jpg,train,Non_fractured,0.0,0.130845,0.5,0.5,0.423922,0.40151,0.374611,0.247332,0.129375
data\dataset_cls\train\Non_fractured\IMG0002002.jpg,train,Non_fractured,0.385498,0.277804,1.0,1.0,0.304111,0.432383,0.342043,0.612893,0.293402
data\dataset_cls\train\Non_fractured\IMG0002003.jpg,train,Non_fractured,0.172388,0.376364,0.211467,0.574483,0.604118,0.462916,0.183394,0.156673,0.27492
data\dataset_cls\train\Non_fractured\IMG0002004.jpg,train,Non_fractured,0.503276,0.50161,0.611931,0.519402,0.625298,0.507824,0.077307,0.033237,0.045165
data\dataset_cls\train\Non_fractured\IMG0002005.jpg,train,Non_fractured,0.401492,0.673568,0.0,0.0,0.218879,0.30873,0.397138,0.387265,0.02227
data\dataset_cls\train\Non_fractured\IMG0002007.jpg,train,Non_fractured,0.690878,0.676354,0.050089,0.572408,0.354032,0.280975,0.365923,0.321052,0.2292
data\dataset_cls\train\Non_fractured\IMG0002008.jpg,train,Non_fractured,0.671683,0.784891,0.0,0.881967,0.56122,0.584347,0.262987,0.431513,0.223942
data\dataset_cls\train\Non_fractured\IMG0002010.jpg,train,Non_fractured,0.736268,0.623145,0.14995,0.384904,0.451795,0.526996,0.310929,0.322057,0.016372
data\dataset_cls\train\Non_fractured\IMG0002011.jpg,train,Non_fractured,0.732799,0.398585,0.0,0.666667,0.51313,0.326486,0.32414,0.46216,0.168686
data\dataset_cls\train\Non_fractured\IMG0002012.jpg,train,Non_fractured,0.33421,0.203777,0.0,0.194667,0.46694,0.281526,0.070951,0.268959,0.207284
data\dataset_cls\train\Non_fractured\IMG0002013.jpg,train,Non_fractured,0.538828,0.502581,0.744205,0.5246,0.51053,0.31842,0.080033,0.164938,0.156701
data\dataset_cls\train\Non_fractured\IMG0002014.jpg,train,Non_fractured,0.329585,0.183261,0.5,0.5,0.559882,0.355462,0.210721,0.158112,0.097164
data\dataset_cls\train\Non_fractured\IMG0002017.jpg,train,Non_fractured,0.891391,0.233107,0.303396,0.436313,0.59469,0.467742,0.329037,0.298637,0.088706
data\dataset_cls\train\Non_fractured\IMG0002018.jpg,train,Non_fractured,0.048561,0.241925,0.427494,0.421895,0.540427,0.617387,0.344287,0.088817,0.277243
data\dataset_cls\train\Non_fractured\IMG0002019.jpg,train,Non_fractured,0.434215,0.772336,0.767193,0.188726,0.357718,0.620523,0.259621,0.419296,0.186952
data\dataset_cls\train\Non_fractured\IMG0002022.jpg,train,Non_fractured,0.545539,0.724291,0.5,0.5,0.48139,0.315362,0.214217,0.015977,0.19977
data\dataset_cls\train\Non_fractured\IMG0002024.jpg,train,Non_fractured,0.784014,0.407377,0.0,1.0,0.450803,0.423027,0.424027,0.566934,0.191169
data\dataset_cls\train\Non_fractured\IMG0002026.jpg,train,Non_fractured,0.198329,0.385171,0.0,0.912263,0.394284,0.443397,0.195107,0.38631,0.239677
data\dataset_cls\train\Non_fractured\IMG0002027.jpg,train,Non_fractured,0.016057,0.46933,0.0,0.084464,0.399209,0.361546,0.204793,0.260474,0.266823
data\dataset_cls\train\Non_fractured\IMG0002028.jpg,train,Non_fractured,0.0,0.0,0.5,0.5,0.393182,0.369649,0.41554,0.291656,0.124396
data\dataset_cls\train\Non_fractured\IMG0002030.jpg,train,Non_fractured,0.686735,0.385945,0.526303,0.761875,0.608149,0.533137,0.191714,0.217134,0.027204
data\dataset_cls\train\Non_fractured\IMG0002031.jpg,train,Non_fractured,0.537055,0.522491,0.608211,0.506666,0.367428,0.441155,0.046112,0.10529,0.145297
data\dataset_cls\train\Non_fractured\IMG0002034.jpg,train,Non_fractured,0.426279,0.823304,0.375494,0.804483,0.718209,0.513882,0.135767,0.159411,0.291128
data\dataset_cls\train\Non_fractured\IMG0002035.jpg,train,Non_fractured,0.316032,0.479825,0.392877,0.935501,0.347942,0.494521,0.160927,0.30163,0.142161
data\dataset_cls\train\Non_fractured\IMG0002038.jpg,train,Non_fractured,0.76554,0.486745,0.792957,0.523076,0.325176,0.227819,0.156373,0.198654,0.354627
data\dataset_cls\train\Non_fractured\IMG0002039.jpg,train,Non_fractured,0.666931,0.872448,0.475154,0.770692,0.563675,0.379845,0.221185,0.134222,0.294524
data\dataset_cls\train\Non_fractured\IMG0002041.jpg,train,Non_fractured,0.389229,0.201577,1.0,0.0,0.340184,0.397986,0.18725,0.468315,0.308363
data\dataset_cls\train\Non_fractured\IMG0002043.jpg,train,Non_fractured,0.534492,0.042964,0.811348,0.058719,0.496138,0.413416,0.151305,0.227407,0.268917
data\dataset_cls\train\Non_fractured\IMG0002045.jpg,train,Non_fractured,0.934252,0.78534,0.70285,0.824113,0.538712,0.619409,0.213236,0.084199,0.223758
data\dataset_cls\train\Non_fractured\IMG0002046.jpg,train,Non_fractured,0.610062,0.402349,0.918289,0.314175,0.620222,0.45945,0.106633,0.216562,0.117306
data\dataset_cls\train\Non_fractured\IMG0002047.jpg,train,Non_fractured,0.869141,0.368044,0.166667,0.666667,0.45043,0.58881,0.411882,0.351884,0.065518
data\dataset_cls\train\Non_fractured\IMG0002049.jpg,train,Non_fractured,0.372329,0.769374,0.0,0.697763,0.203865,0.42053,0.228337,0.203928,0.209026
data\dataset_cls\train\Non_fractured\IMG0002050.jpg,train,Non_fractured,0.579847,0.388232,0.421808,0.304337,0.449452,0.563726,0.100876,0.130095,0.148952
data\dataset_cls\train\Non_fractured\IMG0002051.jpg,train,Non_fractured,0.774986,0.49074,0.178817,0.57634,0.352497,0.187579,0.347211,0.30142,0.245099
data\dataset_cls\train\Non_fractured\IMG0002052.jpg,train,Non_fractured,0.668667,0.548393,0.618229,0.846486,0.480565,0.4073,0.09519,0.247474,0.221823
data\dataset_cls\train\Non_fractured\IMG0002053.jpg,train,Non_fractured,0.797345,0.555336,0.108238,0.502171,0.589525,0.438285,0.304312,0.390148,0.109302
data\dataset_cls\train\Non_fractured\IMG0002054.jpg,train,Non_fractured,0.992959,0.602396,0.5,0.5,0.489666,0.664499,0.332355,0.183836,0.18713
data\dataset_cls\train\Non_fractured\IMG0002055.jpg,train,Non_fractured,0.350111,0.135203,0.011396,0.671313,0.673729,0.622235,0.341085,0.386515,0.359614
data\dataset_cls\train\Non_fractured\IMG0002058.jpg,train,Non_fractured,0.502922,0.429035,0.284714,0.517236,0.574281,0.519259,0.077029,0.171679,0.124176
data\dataset_cls\train\Non_fractured\IMG0002059.jpg,train,Non_fractured,0.394776,0.405186,0.162523,0.342961,0.411187,0.364637,0.079687,0.162727,0.088582
data\dataset_cls\train\Non_fractured\IMG0002060.jpg,train,Non_fractured,0.53786,0.413283,0.66868,0.394747,0.552286,0.515604,0.055893,0.094602,0.08179
data\dataset_cls\train\Non_fractured\IMG0002061.jpg,train,Non_fractured,0.807924,0.868708,0.155621,0.527857,0.501696,0.502413,0.39705,0.349005,0.131253
data\dataset_cls\train\Non_fractured\IMG0002062.jpg,train,Non_fractured,0.259503,0.294244,0.421771,0.147526,0.582329,0.494838,0.162692,0.164678,0.243553
data\dataset_cls\train\Non_fractured\IMG0002063.jpg,train,Non_fractured,0.634576,0.46184,0.874659,0.347965,0.626474,0.486755,0.082818,0.183256,0.10137
data\dataset_cls\train\Non_fractured\IMG0002064.jpg,train,Non_fractured,0.482798,0.23589,0.621608,0.064696,0.786347,0.43697,0.147789,0.181362,0.246763
data\dataset_cls\train\Non_fractured\IMG0002068.jpg,train,Non_fractured,0.231844,0.581115,0.037748,0.732213,0.686798,0.512633,0.091209,0.30701,0.380322
data\dataset_cls\train\Non_fractured\IMG0002069.jpg,train,Non_fractured,0.69835,0.351633,0.135234,0.753554,0.679957,0.44376,0.254348,0.438918,0.189854
data\dataset_cls\train\Non_fractured\IMG0002070.jpg,train,Non_fractured,0.303924,0.778814,0.666667,0.666667,0.598091,0.46474,0.261022,0.146854,0.18772
data\dataset_cls\train\Non_fractured\IMG0002071.jpg,train,Non_fractured,0.0,0.0,0.0,0.0,0.569017,0.343653,0.221579,0.221579,0.443159
data\dataset_cls\train\Non_fractured\IMG0002072.jpg,train,Non_fractured,0.254223,0.52469,0.203702,0.383659,0.396136,0.515863,0.058509,0.121876,0.118795
data\dataset_cls\train\Non_fractured\IMG0002073.jpg,train,Non_fractured,0.230853,0.553273,0.686731,0.490122,0.509277,0.484873,0.248664,0.211991,0.041659
data\dataset_cls\train\Non_fractured\IMG0002074.jpg,train,Non_fractured,0.598466,0.632495,0.180795,0.504418,0.440625,0.185226,0.271259,0.234647,0.257739
data\dataset_cls\train\Non_fractured\IMG0002076.jpg,train,Non_fractured,0.686132,0.212397,0.0,0.423098,0.59461,0.40888,0.292602,0.433447,0.178362
data\dataset_cls\train\Non_fractured\IMG0002077.jpg,train,Non_fractured,0.754259,0.193962,0.0,0.937996,0.492865,0.225319,0.425935,0.639212,0.239855
data\dataset_cls\train\Non_fractured\IMG0002078.jpg,train,Non_fractured,0.663915,0.384588,1.0,0.5,0.545381,0.411465,0.08665,0.272194,0.192153
data\dataset_cls\train\Non_fractured\IMG0002079.jpg,train,Non_fractured,0.979173,0.207255,0.0,0.813151,0.520032,0.487884,0.563193,0.588282,0.025166
data\dataset_cls\train\Non_fractured\IMG0002081.jpg,train,Non_fractured,0.476554,0.152812,0.5,0.5,0.242927,0.498972,0.241502,0.149051,0.199973
data\dataset_cls\train\Non_fractured\IMG0002082.jpg,train,Non_fractured,0.672169,0.682662,0.658487,0.311087,0.293119,0.5794,0.205402,0.243388,0.254165
data\dataset_cls\train\Non_fractured\IMG0002083.jpg,train,Non_fractured,0.787825,0.762432,0.319491,0.963877,0.396611,0.458912,0.288529,0.297496,0.289118
data\dataset_cls\train\Non_fractured\IMG0002084.jpg,train,Non_fractured,0.0,0.483939,0.5,0.5,0.489403,0.389085,0.330845,0.175383,0.173716
data\dataset_cls\train\Non_fractured\IMG0002087.jpg,train,Non_fractured,0.622547,0.572744,0.412764,0.607889,0.565465,0.445593,0.094093,0.137589,0.10161
data\dataset_cls\train\Non_fractured\IMG0002088.jpg,train,Non_fractured,0.164853,0.255405,0.5,0.5,0.385658,0.248464,0.201539,0.223156,0.093181
data\dataset_cls\train\Non_fractured\IMG0002089.jpg,train,Non_fractured,0.291466,0.513608,0.0,0.703927,0.42138,0.493612,0.078251,0.272572,0.199156
data\dataset_cls\train\Non_fractured\IMG0002090.jpg,train,Non_fractured,0.433772,0.928633,0.149751,0.327806,0.37534,0.545106,0.347407,0.321288,0.07858
data\dataset_cls\train\Non_fractured\IMG0002091.jpg,train,Non_fractured,0.237207,0.610719,0.657516,0.492848,0.406288,0.464918,0.215227,0.225845,0.064058
data\dataset_cls\train\Non_fractured\IMG0002095.jpg,train,Non_fractured,0.320058,0.377161,0.72142,0.702682,0.262625,0.603335,0.216706,0.319789,0.177193
data\dataset_cls\train\Non_fractured\IMG0002096.jpg,train,Non_fractured,0.929054,0.957726,0.283886,0.888915,0.535892,0.796758,0.354483,0.299159,0.096608
data\dataset_cls\train\Non_fractured\IMG0002097.jpg,train,Non_fractured,0.646164,0.667606,0.380621,0.84955,0.472665,0.349446,0.15323,0.256701,0.274102
data\dataset_cls\train\Non_fractured\IMG0002098.jpg,train,Non_fractured,0.63923,0.581402,0.359084,0.943303,0.65164,0.566485,0.14609,0.311571,0.165482
data\dataset_cls\train\Non_fractured\IMG0002099.jpg,train,Non_fractured,0.953574,0.5308,0.0,1.0,0.425012,0.463949,0.511926,0.568725,0.20391
data\dataset_cls\train\Non_fractured\IMG0002100.jpg,train,Non_fractured,1.0,0.826949,0.5,0.5,0.493128,0.41016,0.417258,0.18239,0.24051
data\dataset_cls\train\Non_fractured\IMG0002101.jpg,train,Non_fractured,0.735351,0.391633,0.191451,0.795774,0.624646,0.533907,0.28423,0.394164,0.114651
data\dataset_cls\train\Non_fractured\IMG0002102.jpg,train,Non_fractured,0.637929,0.378328,0.414004,0.480797,0.578308,0.320824,0.095696,0.156204,0.080453
data\dataset_cls\train\Non_fractured\IMG0002108.jpg,train,Non_fractured,0.4495,0.590661,0.055398,0.235552,0.391249,0.34167,0.251564,0.28782,0.10407
data\dataset_cls\train\Non_fractured\IMG0002109.jpg,train,Non_fractured,0.0,0.666667,0.0,0.833333,0.481609,0.348135,0.168328,0.270159,0.418167
data\dataset_cls\train\Non_fractured\IMG0002110.jpg,train,Non_fractured,0.624071,0.547396,0.215902,0.8792,0.605934,0.416077,0.157032,0.375505,0.23373
data\dataset_cls\train\Non_fractured\IMG0002111.jpg,train,Non_fractured,0.489109,0.0,0.624328,0.919269,0.390467,0.747807,0.555826,0.383827,0.221794
data\dataset_cls\train\Non_fractured\IMG0002112.jpg,train,Non_fractured,0.203392,0.490802,0.0,0.367032,0.514625,0.24793,0.127391,0.239344,0.300567
data\dataset_cls\train\Non_fractured\IMG0002114.jpg,train,Non_fractured,0.56758,0.174296,0.610013,0.543796,0.550815,0.551406,0.249017,0.125297,0.130716
data\dataset_cls\train\Non_fractured\IMG0002116.jpg,train,Non_fractured,0.635763,0.678267,0.917052,0.682778,0.539237,0.481854,0.088797,0.230126,0.206257
data\dataset_cls\train\Non_fractured\IMG0002117.jpg,train,Non_fractured,0.744849,0.65118,1.0,0.511951,0.527596,0.514618,0.092794,0.247088,0.234178
data\dataset_cls\train\Non_fractured\IMG0002118.jpg,train,Non_fractured,0.235833,0.670159,0.739832,0.681515,0.190658,0.334169,0.187352,0.370861,0.301883
data\dataset_cls\train\Non_fractured\IMG0002119.jpg,train,Non_fractured,0.50472,0.314241,0.5,0.5,0.160102,0.478053,0.164735,0.131439,0.233021
data\dataset_cls\train\Non_fractured\IMG0002120.jpg,train,Non_fractured,0.894626,0.575944,0.667524,0.641901,0.509168,0.440422,0.205499,0.092044,0.213256
data\dataset_cls\train\Non_fractured\IMG0002124.jpg,train,Non_fractured,0.342035,0.431647,0.0,0.249208,0.499106,0.277853,0.127916,0.289074,0.222668
data\dataset_cls\train\Non_fractured\IMG0002125.jpg,train,Non_fractured,0.791461,0.076783,0.259083,0.700779,0.414645,0.389587,0.435153,0.386988,0.073753
data\dataset_cls\train\Non_fractured\IMG0002128.jpg,train,Non_fractured,0.640517,0.529763,0.0,0.936468,0.547124,0.405207,0.262092,0.504454,0.265825
data\dataset_cls\train\Non_fractured\IMG0002129.jpg,train,Non_fractured,0.413537,0.525828,0.191922,0.709261,0.564438,0.440526,0.040318,0.248875,0.210636
data\dataset_cls\train\Non_fractured\IMG0002130.jpg,train,Non_fractured,0.21599,0.407289,0.026108,0.565524,0.430105,0.416324,0.056339,0.222912,0.211268
data\dataset_cls\train\Non_fractured\IMG0002131.jpg,train,Non_fractured,0.777169,0.567884,0.5,0.5,0.436044,0.259852,0.241201,0.091369,0.227204
data\dataset_cls\train\Non_fractured\IMG0002132.jpg,train,Non_fractured,0.531338,0.557208,0.5,0.5,0.352059,0.183808,0.159785,0.094674,0.254429
data\dataset_cls\train\Non_fractured\IMG0002133.jpg,train,Non_fractured,0.0,1.0,0.5,0.5,0.307294,0.319093,0.476826,0.254222,0.2898
data\dataset_cls\train\Non_fractured\IMG0002134.jpg,train,Non_fractured,0.613269,0.590781,0.317297,0.42242,0.533461,0.391,0.175353,0.17671,0.089472
data\dataset_cls\train\Non_fractured\IMG0002135.jpg,train,Non_fractured,0.738074,0.560966,0.903153,0.6452,0.645405,0.406166,0.033702,0.177415,0.17572
data\dataset_cls\train\Non_fractured\IMG0002136.jpg,train,Non_fractured,0.250526,0.490557,0.285785,0.787269,0.505307,0.608009,0.168541,0.170131,0.159437
data\dataset_cls\train\Non_fractured\IMG0002137.jpg,train,Non_fractured,0.243954,0.958166,0.752733,0.93545,0.441653,0.44055,0.296474,0.315371,0.339615
data\dataset_cls\train\Non_fractured\IMG0002138.jpg,train,Non_fractured,0.052404,0.0,0.0,0.315192,0.211747,0.379348,0.234242,0.12147,0.192759
data\dataset_cls\train\Non_fractured\IMG0002139.jpg,train,Non_fractured,0.228449,0.68105,0.942369,0.086892,0.49539,0.415614,0.43474,0.494345,0.063613
data\dataset_cls\train\Non_fractured\IMG0002140.jpg,train,Non_fractured,0.436246,0.763938,0.982384,0.378781,0.694041,0.375141,0.371979,0.305853,0.131208
data\dataset_cls\train\Non_fractured\IMG0002141.jpg,train,Non_fractured,0.834665,0.706741,0.882263,0.269773,0.403601,0.514005,0.245758,0.286935,0.303727
data\dataset_cls\train\Non_fractured\IMG0002142.jpg,train,Non_fractured,0.26494,0.760088,0.469463,0.354187,0.468582,0.410478,0.286239,0.168593,0.118859
data\dataset_cls\train\Non_fractured\IMG0002143.jpg,train,Non_fractured,0.720526,0.554848,0.472362,0.448259,0.321365,0.341475,0.240694,0.032389,0.212178
data\dataset_cls\train\Non_fractured\IMG0002145.jpg,train,Non_fractured,0.839088,0.605643,0.379903,0.671588,0.511781,0.439996,0.264262,0.220576,0.14757
data\dataset_cls\train\Non_fractured\IMG0002146.jpg,train,Non_fractured,0.342918,0.332209,0.13657,0.243623,0.474836,0.40982,0.025079,0.200421,0.176545
data\dataset_cls\train\Non_fractured\IMG0002147.jpg,train,Non_fractured,0.105462,0.471968,0.569146,0.284791,0.498115,0.423653,0.296042,0.208758,0.111375
data\dataset_cls\train\Non_fractured\IMG0002150.jpg,train,Non_fractured,0.593059,0.434659,0.111403,0.677176,0.707888,0.241853,0.123393,0.424507,0.316318
data\dataset_cls\train\Non_fractured\IMG0002151.jpg,train,Non_fractured,0.367008,0.240289,0.021316,0.32856,0.412065,0.49329,0.151602,0.246799,0.201226
data\dataset_cls\train\Non_fractured\IMG0002152.jpg,train,Non_fractured,0.886756,0.632608,0.0,0.833333,0.474464,0.230293,0.438199,0.526936,0.335758
data\dataset_cls\train\Non_fractured\IMG0002153.jpg,train,Non_fractured,0.671363,0.556979,0.713894,0.769002,0.444407,0.325823,0.061805,0.241901,0.279122
data\dataset_cls\train\Non_fractured\IMG0002154.jpg,train,Non_fractured,1.0,0.879052,0.5,0.5,0.366907,0.313738,0.491678,0.138158,0.357757
data\dataset_cls\train\Non_fractured\IMG0002155.jpg,train,Non_fractured,0.002779,0.005559,0.0,0.2911,0.233264,0.345586,0.221908,0.110103,0.202952
data\dataset_cls\train\Non_fractured\IMG0002156.jpg,train,Non_fractured,0.0,0.489799,0.5,0.5,0.418392,0.236949,0.316635,0.2142,0.205366
data\dataset_cls\train\Non_fractured\IMG0002157.jpg,train,Non_fractured,0.254627,0.380352,0.17977,0.800717,0.47981,0.347785,0.138638,0.316789,0.238414
data\dataset_cls\train\Non_fractured\IMG0002158.jpg,train,Non_fractured,0.875245,0.422264,0.431014,0.919708,0.631246,0.39277,0.277416,0.403415,0.18605
data\dataset_cls\train\Non_fractured\IMG0002160.jpg,train,Non_fractured,0.401312,0.353492,0.498241,0.480236,0.523437,0.35382,0.084414,0.087709,0.064637
data\dataset_cls\train\Non_fractured\IMG0002161.jpg,train,Non_fractured,0.621523,0.183661,0.186059,0.176803,0.245787,0.380867,0.277744,0.179413,0.170254
data\dataset_cls\train\Non_fractured\IMG0002162.jpg,train,Non_fractured,0.316873,0.403626,0.0,0.632688,0.437068,0.504897,0.12815,0.278043,0.185964
data\dataset_cls\train\Non_fractured\IMG0002168.jpg,train,Non_fractured,0.562544,0.324677,0.310363,0.522554,0.504565,0.535848,0.171113,0.161013,0.087522
data\dataset_cls\train\Non_fractured\IMG0002169.jpg,train,Non_fractured,0.345835,0.403652,0.932162,0.544993,0.241549,0.443744,0.171685,0.43326,0.265749
data\dataset_cls\train\Non_fractured\IMG0002171.jpg,train,Non_fractured,0.76374,0.608922,0.454901,0.649743,0.642371,0.407875,0.153025,0.19039,0.149273
data\dataset_cls\train\Non_fractured\IMG0002172.jpg,train,Non_fractured,0.663984,0.075762,0.355427,1.0,0.359955,0.416918,0.468625,0.513164,0.128335
data\dataset_cls\train\Non_fractured\IMG0002173.jpg,train,Non_fractured,0.572397,0.375226,0.324717,0.5,0.587676,0.450078,0.102123,0.179899,0.093117
data\dataset_cls\train\Non_fractured\IMG0002174.jpg,train,Non_fractured,0.545031,0.167567,0.044233,0.904207,0.189694,0.281622,0.402306,0.50168,0.183379
data\dataset_cls\train\Non_fractured\IMG0002175.jpg,train,Non_fractured,0.748586,0.262001,0.0,0.93874,0.407227,0.322612,0.438642,0.578063,0.18647
data\dataset_cls\train\Non_fractured\IMG0002176.jpg,train,Non_fractured,0.366035,0.892311,1.0,0.0,0.499073,0.243612,0.573779,0.535236,0.182403
data\dataset_cls\train\Non_fractured\IMG0002177.jpg,train,Non_fractured,0.575073,0.371209,0.153288,0.0,0.437424,0.288126,0.240219,0.321981,0.083999
data\dataset_cls\train\Non_fractured\IMG0002179.jpg,train,Non_fractured,0.74034,0.013077,0.799253,0.0,0.496048,0.455281,0.155819,0.19734,0.350434
data\dataset_cls\train\Non_fractured\IMG0002182.jpg,train,Non_fractured,0.297094,0.702906,0.947116,0.0,0.53978,0.523933,0.418282,0.539871,0.127413
data\dataset_cls\train\Non_fractured\IMG0002183.jpg,train,Non_fractured,0.844003,0.0,0.743726,1.0,0.515457,0.484521,0.515072,0.506958,0.185891
data\dataset_cls\train\Non_fractured\IMG0002184.jpg,train,Non_fractured,0.133201,0.052766,0.298121,0.105638,0.368575,0.489338,0.210763,0.114684,0.29181
data\dataset_cls\train\Non_fractured\IMG0002185.jpg,train,Non_fractured,0.435346,0.803988,0.5,0.5,0.506513,0.526094,0.199174,0.111721,0.087837
data\dataset_cls\train\Non_fractured\IMG0002186.jpg,train,Non_fractured,0.667487,0.581612,0.111578,1.0,0.394849,0.305697,0.280236,0.464555,0.323426
data\dataset_cls\train\Non_fractured\IMG0002187.jpg,train,Non_fractured,0.0,0.0,0.5,0.5,0.440806,0.223953,0.395702,0.318843,0.128384
data\dataset_cls\train\Non_fractured\IMG0002188.jpg,train,Non_fractured,0.553472,0.0,0.160592,1.0,0.227385,0.276318,0.488297,0.594641,0.172359
data\dataset_cls\train\Non_fractured\IMG0002189.jpg,train,Non_fractured,0.167264,0.239416,0.198199,0.904925,0.340439,0.58791,0.344781,0.329603,0.105661
data\dataset_cls\train\Non_fractured\IMG0002190.jpg,train,Non_fractured,0.604213,0.0,0.993753,0.847893,0.59159,0.344599,0.41688,0.522016,0.148036
data\dataset_cls\train\Non_fractured\IMG0002191.jpg,train,Non_fractured,0.608598,0.96639,1.0,1.0,0.606698,0.520003,0.189179,0.312615,0.33572
data\dataset_cls\train\Non_fractured\IMG0002192.jpg,train,Non_fractured,0.60077,0.071643,0.341013,0.064754,0.210631,0.207097,0.22083,0.065835,0.19667
data\dataset_cls\train\Non_fractured\IMG0002193.jpg,train,Non_fractured,0.464233,0.563415,0.88196,0.883343,0.500199,0.446745,0.165714,0.366896,0.21748
data\dataset_cls\train\Non_fractured\IMG0002194.jpg,train,Non_fractured,0.65753,0.291949,0.624431,0.807939,0.565797,0.291066,0.176673,0.344393,0.179716
data\dataset_cls\train\Non_fractured\IMG0002195.jpg,train,Non_fractured,0.308584,0.116806,1.0,0.162101,0.283537,0.09863,0.222307,0.470691,0.248664
data\dataset_cls\train\Non_fractured\IMG0002196.jpg,train,Non_fractured,0.381977,0.188167,0.0,0.928607,0.676237,0.593623,0.383083,0.50292,0.324351
data\dataset_cls\train\Non_fractured\IMG0002197.jpg,train,Non_fractured,0.346013,0.870542,0.5,0.5,0.461501,0.172687,0.367286,0.06576,0.342685
data\dataset_cls\train\Non_fractured\IMG0002198.jpg,train,Non_fractured,0.092104,0.100741,0.128284,0.948686,0.342738,0.567193,0.448442,0.414099,0.157595
data\dataset_cls\train\Non_fractured\IMG0002199.jpg,train,Non_fractured,0.678402,0.160194,0.467076,0.109476,0.403649,0.506673,0.189663,0.157234,0.272319
data\dataset_cls\train\Non_fractured\IMG0002201.jpg,train,Non_fractured,0.599543,0.171518,0.5,0.5,0.660843,0.375332,0.17789,0.174211,0.078607
data\dataset_cls\train\Non_fractured\IMG0002202.jpg,train,Non_fractured,0.669164,0.06599,0.171625,1.0,0.338979,0.272193,0.469659,0.596631,0.182143
data\dataset_cls\train\Non_fractured\IMG0002204.jpg,train,Non_fractured,0.69941,0.55076,0.5,0.5,0.433133,0.370266,0.173315,0.051429,0.15174
data\dataset_cls\train\Non_fractured\IMG0002205.jpg,train,Non_fractured,0.536371,0.254913,0.300199,0.843509,0.369684,0.552601,0.324516,0.310368,0.032479
data\dataset_cls\train\Non_fractured\IMG0002206.jpg,train,Non_fractured,0.5,0.5,0.5,0.5,0.511857,0.4153,0.028509,0.028509,0.057017
data\dataset_cls\train\Non_fractured\IMG0002207.jpg,train,Non_fractured,0.924001,0.637982,0.278601,0.950446,0.442162,0.443903,0.377813,0.383723,0.256509
data\dataset_cls\train\Non_fractured\IMG0002209.jpg,train,Non_fractured,0.4976,0.236593,0.142974,0.448014,0.373824,0.514228,0.228046,0.201071,0.120044
data\dataset_cls\train\Non_fractured\IMG0002210.jpg,train,Non_fractured,0.224857,0.553822,0.752693,0.335762,0.514407,0.418615,0.29682,0.274366,0.024424
data\dataset_cls\train\Non_fractured\IMG0002211.jpg,train,Non_fractured,0.433597,0.569275,0.5,0.0,0.373203,0.238671,0.299966,0.276908,0.069516
data\dataset_cls\train\Non_fractured\IMG0002212.jpg,train,Non_fractured,0.473296,0.818367,0.660409,0.883488,0.392761,0.515624,0.08681,0.209307,0.25187
data\dataset_cls\train\Non_fractured\IMG0002213.jpg,train,Non_fractured,0.208717,0.081849,0.45185,0.042041,0.49097,0.415417,0.200645,0.153602,0.258855
data\dataset_cls\train\Non_fractured\IMG0002214.jpg,train,Non_fractured,0.042956,0.383883,0.052436,0.842693,0.609384,0.423161,0.253807,0.344997,0.395329
data\dataset_cls\train\Non_fractured\IMG0002215.jpg,train,Non_fractured,0.369153,0.719893,0.5,0.5,0.52411,0.51669,0.170194,0.086516,0.086186
data\dataset_cls\train\Non_fractured\IMG0002216.jpg,train,Non_fractured,0.776223,0.592307,0.474069,0.469678,0.572003,0.517193,0.181205,0.144921,0.036604
data\dataset_cls\train\Non_fractured\IMG0002217.jpg,train,Non_fractured,0.289731,0.273198,0.5,0.5,0.473992,0.526662,0.207179,0.103217,0.107246
data\dataset_cls\train\Non_fractured\IMG0002218.jpg,train,Non_fractured,0.701479,0.434017,0.126436,0.903174,0.39386,0.617364,0.365886,0.377083,0.036688
data\dataset_cls\train\Non_fractured\IMG0002219.jpg,train,Non_fractured,0.809634,0.287239,0.417359,0.400039,0.437297,0.448102,0.270703,0.139089,0.136559
data\dataset_cls\train\Non_fractured\IMG0002220.jpg,train,Non_fractured,0.636894,0.072598,0.0,0.666667,0.482871,0.482159,0.425939,0.454613,0.132828
data\dataset_cls\train\Non_fractured\IMG0002221.jpg,train,Non_fractured,0.238267,0.524235,0.5,0.5,0.482838,0.539908,0.168792,0.095392,0.078034
data\dataset_cls\train\Non_fractured\IMG0002222.jpg,train,Non_fractured,0.197227,0.902141,0.227614,0.794004,0.422974,0.534765,0.180036,0.074572,0.251656
data\dataset_cls\train\Non_fractured\IMG0002223.jpg,train,Non_fractured,0.505828,0.0,0.610594,0.068463,0.428758,0.488429,0.18586,0.151179,0.314857
data\dataset_cls\train\Non_fractured\IMG0002226.jpg,train,Non_fractured,0.890062,0.889901,0.0,1.0,0.494561,0.412582,0.445661,0.516797,0.356445
data\dataset_cls\train\Non_fractured\IMG0002227.jpg,train,Non_fractured,0.37279,0.0,0.5,0.5,0.511378,0.5256,0.353161,0.162779,0.190412
data\dataset_cls\train\Non_fractured\IMG0002228.jpg,train,Non_fractured,0.201074,0.582806,0.5,0.5,0.656405,0.325402,0.275812,0.056508,0.249633
data\dataset_cls\train\Non_fractured\IMG0002229.jpg,train,Non_fractured,0.749915,0.142477,0.5,0.5,0.436053,0.619864,0.335811,0.10059,0.235573
data\dataset_cls\train\Non_fractured\IMG0002230.jpg,train,Non_fractured,0.668922,0.991241,0.408874,0.93281,0.478007,0.566808,0.220234,0.15017,0.266587
data\dataset_cls\train\Non_fractured\IMG0002232.jpg,train,Non_fractured,0.651403,0.120668,1.0,0.833333,0.395649,0.546736,0.380837,0.46027,0.290446
data\dataset_cls\train\Non_fractured\IMG0002233.jpg,train,Non_fractured,0.70014,1.0,0.666667,1.0,0.543439,0.607916,0.145257,0.134075,0.277545
data\dataset_cls\train\Non_fractured\IMG0002234.jpg,train,Non_fractured,0.724738,0.200162,0.105753,0.938174,0.512614,0.312285,0.396299,0.568877,0.183145
data\dataset_cls\train\Non_fractured\IMG0002235.jpg,train,Non_fractured,0.781265,0.189692,0.5,0.5,0.513071,0.290646,0.228775,0.199076,0.092399
data\dataset_cls\train\Non_fractured\IMG0002236.jpg,train,Non_fractured,0.425271,0.253682,0.0,0.0,0.330834,0.498131,0.173263,0.355421,0.259766
data\dataset_cls\train\Non_fractured\IMG0002237.jpg,train,Non_fractured,0.107483,0.904584,0.088801,0.0,0.186321,0.337697,0.4909,0.415901,0.096397
data\dataset_cls\train\Non_fractured\IMG0002238.jpg,train,Non_fractured,0.593969,0.613041,0.0,1.0,0.511584,0.549501,0.249901,0.462311,0.223221
data\dataset_cls\train\Non_fractured\IMG0002239.jpg,train,Non_fractured,0.500611,0.27234,0.0,1.0,0.431978,0.540886,0.382458,0.503119,0.136762
data\dataset_cls\train\Non_fractured\IMG0002241.jpg,train,Non_fractured,0.318735,0.12738,1.0,0.5,0.539678,0.471789,0.384145,0.403304,0.132197
data\dataset_cls\train\Non_fractured\IMG0002242.jpg,train,Non_fractured,0.679004,1.0,0.247266,0.0,0.496204,0.405976,0.569461,0.520693,0.066446
data\dataset_cls\train\Non_fractured\IMG0002243.jpg,train,Non_fractured,0.724857,0.587976,0.049424,0.941319,0.537938,0.516506,0.302417,0.466702,0.193579
data\dataset_cls\train\Non_fractured\IMG0002244.jpg,train,Non_fractured,0.5,0.5,0.5,0.5,0.456022,0.366715,0.046784,0.046784,0.093569
data\dataset_cls\train\Non_fractured\IMG0002245.jpg,train,Non_fractured,0.637228,0.575548,0.5,0.5,0.446937,0.703321,0.110552,0.097098,0.136969
data\dataset_cls\train\Non_fractured\IMG0002246.jpg,train,Non_fractured,0.946298,1.0,0.123781,0.954621,0.629884,0.374252,0.440653,0.477429,0.406981
data\dataset_cls\train\Non_fractured\IMG0002247.jpg,train,Non_fractured,0.727888,0.0,0.5,0.5,0.45723,0.156071,0.274667,0.287998,0.121805
data\dataset_cls\train\Non_fractured\IMG0002249.jpg,train,Non_fractured,0.5,0.5,0.5,0.5,0.404944,0.385183,0.049686,0.049686,0.099372
data\dataset_cls\train\Non_fractured\IMG0002252.jpg,train,Non_fractured,0.543847,0.257771,0.5,0.5,0.627899,0.506975,0.164358,0.097092,0.110831
data\dataset_cls\train\Non_fractured\IMG0002254.jpg,train,Non_fractured,0.805159,0.840368,0.768341,0.703717,0.525878,0.612757,0.160764,0.07022,0.203771
data\dataset_cls\train\Non_fractured\IMG0002255.jpg,train,Non_fractured,0.615827,0.746615,0.5,0.5,0.544555,0.433718,0.196655,0.080445,0.126706
data\dataset_cls\train\Non_fractured\IMG0002256.jpg,train,Non_fractured,0.279333,0.096529,0.220402,0.808093,0.382762,0.624134,0.413323,0.307486,0.144813
data\dataset_cls\train\Non_fractured\IMG0002257.jpg,train,Non_fractured,0.823987,0.212867,0.807454,0.18385,0.427086,0.310714,0.139708,0.131941,0.2697
data\dataset_cls\train\Non_fractured\IMG0002259.jpg,train,Non_fractured,0.498239,0.0,0.908364,0.0,0.435874,0.390534,0.174309,0.321719,0.315549
data\dataset_cls\train\Non_fractured\IMG0002262.jpg,train,Non_fractured,0.768732,0.145507,0.0,1.0,0.472095,0.680049,0.583517,0.5695,0.092397
data\dataset_cls\train\Non_fractured\IMG0002263.jpg,train,Non_fractured,0.769425,0.77896,0.141851,1.0,0.546943,0.566654,0.283367,0.407516,0.223659
data\dataset_cls\train\Non_fractured\IMG0002264.jpg,train,Non_fractured,0.636535,0.529872,0.0,1.0,0.331992,0.524229,0.349821,0.451266,0.160732
data\dataset_cls\train\Non_fractured\IMG0002266.jpg,train,Non_fractured,0.473499,0.35152,0.808998,0.8197,0.365882,0.477948,0.21226,0.374497,0.19711
data\dataset_cls\train\Non_fractured\IMG0002267.jpg,train,Non_fractured,0.526479,0.968014,0.091966,0.786734,0.426758,0.635002,0.247184,0.256624,0.179578
data\dataset_cls\train\Non_fractured\IMG0002270.jpg,train,Non_fractured,0.356273,0.57633,0.216616,0.970773,0.331708,0.406279,0.092689,0.330733,0.246701
data\dataset_cls\train\Non_fractured\IMG0002271.jpg,train,Non_fractured,0.440767,0.532476,0.83485,1.0,0.491613,0.416431,0.189003,0.427972,0.252752
data\dataset_cls\train\Non_fractured\IMG0002273.jpg,train,Non_fractured,0.469374,0.0,0.56448,0.894112,0.497992,0.664185,0.521067,0.378532,0.145302
data\dataset_cls\train\Non_fractured\IMG0002275.jpg,train,Non_fractured,0.339525,0.465494,0.5,0.5,0.335443,0.420327,0.052252,0.114834,0.069939
data\dataset_cls\train\Non_fractured\IMG0002276.jpg,train,Non_fractured,0.582545,0.452034,0.747115,0.314734,0.62873,0.317716,0.114598,0.105273,0.049958
data\dataset_cls\train\Non_fractured\IMG0002279.jpg,train,Non_fractured,0.572138,0.099378,0.636586,0.337498,0.523331,0.400916,0.179962,0.083066,0.133107
data\dataset_cls\train\Non_fractured\IMG0002280.jpg,train,Non_fractured,0.233525,0.589241,0.0,0.0,0.458975,0.483877,0.231551,0.42572,0.260706
data\dataset_cls\train\Non_fractured\IMG0002281.jpg,train,Non_fractured,0.363065,0.710379,0.309405,0.273197,0.56402,0.473226,0.230078,0.235955,0.15236
data\dataset_cls\train\Non_fractured\IMG0002282.jpg,train,Non_fractured,0.299615,0.180501,0.26356,0.0,0.576252,0.483775,0.090033,0.250086,0.327746
data\dataset_cls\train\Non_fractured\IMG0002283.jpg,train,Non_fractured,0.797226,0.198205,0.752683,0.25282,0.587806,0.438385,0.129701,0.059281,0.188961
data\dataset_cls\train\Non_fractured\IMG0002284.jpg,train,Non_fractured,0.393412,0.675975,0.265835,0.725701,0.582125,0.380716,0.084343,0.197994,0.271813
data\dataset_cls\train\Non_fractured\IMG0002285.jpg,train,Non_fractured,0.593682,0.15872,0.402802,0.829601,0.457221,0.473145,0.346086,0.352072,0.030727
data\dataset_cls\train\Non_fractured\IMG0002286.jpg,train,Non_fractured,0.504709,0.024328,0.5,0.5,0.469041,0.179508,0.210714,0.265532,0.059411
data\dataset_cls\train\Non_fractured\IMG0002288.jpg,train,Non_fractured,0.441447,0.045393,0.041491,0.09035,0.471081,0.510722,0.210166,0.303513,0.332558
data\dataset_cls\train\Non_fractured\IMG0002289.jpg,train,Non_fractured,0.571992,0.289409,0.377795,0.92617,0.535528,0.302338,0.229807,0.436265,0.207607
data\dataset_cls\train\Non_fractured\IMG0002291.jpg,train,Non_fractured,0.648239,0.853099,1.0,1.0,0.442895,0.684034,0.049362,0.339981,0.301217
data\dataset_cls\train\Non_fractured\IMG0002292.jpg,train,Non_fractured,0.473995,0.518923,0.5,0.5,0.425127,0.369967,0.056476,0.050024,0.101733
data\dataset_cls\train\Non_fractured\IMG0002293.jpg,train,Non_fractured,0.648239,0.853099,1.0,1.0,0.442895,0.684034,0.049362,0.339981,0.301217
data\dataset_cls\train\Non_fractured\IMG0002294.jpg,train,Non_fractured,0.701175,0.534079,0.0,1.0,0.541005,0.382854,0.305677,0.549347,0.285858
data\dataset_cls\train\Non_fractured\IMG0002295.jpg,train,Non_fractured,0.502527,0.052323,0.666667,1.0,0.407614,0.656588,0.517829,0.452892,0.146567
data\dataset_cls\train\Non_fractured\IMG0002297.jpg,train,Non_fractured,0.889078,0.834639,0.5,0.5,0.504428,0.373031,0.370085,0.148314,0.233569
data\dataset_cls\train\Non_fractured\IMG0002616.jpg,train,Non_fractured,0.78476,0.741628,0.094493,0.655578,0.502828,0.4714,0.345142,0.367659,0.157219
data\dataset_cls\train\Non_fractured\IMG0002618.jpg,train,Non_fractured,0.502585,0.643076,0.968054,0.193436,0.593996,0.387354,0.299565,0.352605,0.096442
data\dataset_cls\train\Non_fractured\IMG0002623.jpg,train,Non_fractured,0.394872,0.36308,0.589632,0.824817,0.555175,0.300613,0.178103,0.337412,0.200006
data\dataset_cls\train\Non_fractured\IMG0002624.jpg,train,Non_fractured,0.648971,0.785124,0.5,0.5,0.581717,0.418028,0.229043,0.102463,0.149767
data\dataset_cls\train\Non_fractured\IMG0002625.jpg,train,Non_fractured,0.6062,0.619636,0.410442,0.913272,0.588227,0.583278,0.111492,0.242315,0.13323
data\dataset_cls\train\Non_fractured\IMG0002626.jpg,train,Non_fractured,0.33217,0.472187,0.425411,0.865082,0.541422,0.352276,0.13582,0.301996,0.237142
data\dataset_cls\train\Non_fractured\IMG0002630.jpg,train,Non_fractured,0.924839,0.668633,0.248552,0.500009,0.56254,0.55948,0.358364,0.338734,0.0231
data\dataset_cls\train\Non_fractured\IMG0002632.jpg,train,Non_fractured,0.0,0.0,0.5,0.5,0.528173,0.180458,0.410983,0.31522,0.191156
data\dataset_cls\train\Non_fractured\IMG0002633.jpg,train,Non_fractured,0.265808,0.585693,0.114595,0.064061,0.498242,0.453529,0.219607,0.352165,0.222552
data\dataset_cls\train\Non_fractured\IMG0002634.jpg,train,Non_fractured,0.547171,0.442905,0.5,0.5,0.701975,0.513991,0.055793,0.084283,0.122261
data\dataset_cls\train\Non_fractured\IMG0002635.jpg,train,Non_fractured,0.69872,0.515921,0.075345,0.499181,0.502548,0.515376,0.273243,0.350365,0.077187
data\dataset_cls\train\Non_fractured\IMG0002636.jpg,train,Non_fractured,0.579567,0.363609,0.615035,0.240532,0.553461,0.467449,0.007132,0.121066,0.11406
data\dataset_cls\train\Non_fractured\IMG0002637.jpg,train,Non_fractured,0.506167,0.175413,0.452875,0.260536,0.629988,0.426993,0.11467,0.081446,0.171696
data\dataset_cls\train\Non_fractured\IMG0002638.jpg,train,Non_fractured,0.190571,0.28329,0.542615,0.628633,0.298854,0.368706,0.210147,0.283106,0.073642
data\dataset_cls\train\Non_fractured\IMG0002640.jpg,train,Non_fractured,0.691151,0.393315,0.808932,0.908711,0.49022,0.474864,0.200903,0.348264,0.209269
data\dataset_cls\train\Non_fractured\IMG0002641.jpg,train,Non_fractured,0.80158,0.597402,0.73012,0.069636,0.524372,0.335343,0.287787,0.268252,0.16099
data\dataset_cls\train\Non_fractured\IMG0002642.jpg,train,Non_fractured,0.206698,0.419544,0.0,0.771153,0.336048,0.383199,0.108205,0.305782,0.209927
data\dataset_cls\train\Non_fractured\IMG0002643.jpg,train,Non_fractured,0.636266,0.24595,0.0,0.0,0.645623,0.429583,0.21,0.482998,0.299079
data\dataset_cls\train\Non_fractured\IMG0002644.jpg,train,Non_fractured,0.89674,0.738419,0.5,0.5,0.562111,0.314258,0.328956,0.153955,0.222672
data\dataset_cls\train\Non_fractured\IMG0002648.jpg,train,Non_fractured,0.163726,0.430342,0.310182,0.124841,0.476253,0.371889,0.195257,0.184299,0.171472
data\dataset_cls\train\Non_fractured\IMG0002649.jpg,train,Non_fractured,0.02149,0.217112,0.032555,0.460259,0.26413,0.320946,0.14328,0.147158,0.158513
data\dataset_cls\train\Non_fractured\IMG0002654.jpg,train,Non_fractured,0.580072,0.458304,0.5,0.5,0.647487,0.323618,0.031283,0.105061,0.126028
data\dataset_cls\train\Non_fractured\IMG0002655.jpg,train,Non_fractured,0.775478,0.62716,0.5,0.5,0.598581,0.47582,0.177077,0.129325,0.064066
data\dataset_cls\train\Non_fractured\IMG0002656.jpg,train,Non_fractured,0.523472,0.356129,0.386805,0.241074,0.469775,0.42069,0.065649,0.122507,0.081976
data\dataset_cls\train\Non_fractured\IMG0002658.jpg,train,Non_fractured,0.179913,0.256612,0.5,0.5,0.331206,0.343969,0.191947,0.210434,0.023623
data\dataset_cls\train\Non_fractured\IMG0002659.jpg,train,Non_fractured,0.031509,0.319517,0.5,0.5,0.468839,0.342268,0.309447,0.201119,0.14267
data\dataset_cls\train\Non_fractured\IMG0002660.jpg,train,Non_fractured,0.596073,0.640479,0.552792,0.69973,0.547141,0.563512,0.031299,0.066353,0.073354
data\dataset_cls\train\Non_fractured\IMG0002661.jpg,train,Non_fractured,0.726142,0.250679,0.086831,0.743712,0.646758,0.584985,0.365302,0.454968,0.170538
data\dataset_cls\train\Non_fractured\IMG0002662.jpg,train,Non_fractured,0.589552,0.299938,0.599604,0.198009,0.543757,0.332726,0.025944,0.081883,0.06531
data\dataset_cls\train\Non_fractured\IMG0002663.jpg,train,Non_fractured,0.621514,0.253195,0.4676,0.40625,0.605812,0.44657,0.128575,0.104375,0.087954
data\dataset_cls\train\Non_fractured\IMG0002665.jpg,train,Non_fractured,0.612318,0.391842,0.5,0.5,0.615717,0.472075,0.072536,0.088518,0.043365
data\dataset_cls\train\Non_fractured\IMG0002666.jpg,train,Non_fractured,0.860405,0.677231,0.096016,0.817331,0.498804,0.519052,0.375379,0.415596,0.152771
data\dataset_cls\train\Non_fractured\IMG0002667.jpg,train,Non_fractured,0.223475,0.405863,0.286807,0.755734,0.468941,0.454187,0.167967,0.220721,0.165651
data\dataset_cls\train\Non_fractured\IMG0002669.jpg,train,Non_fractured,0.964726,0.447427,0.5,0.5,0.301606,0.474222,0.376878,0.092539,0.287171
data\dataset_cls\train\Non_fractured\IMG0002670.jpg,train,Non_fractured,0.348846,0.249629,0.5,0.5,0.57172,0.232775,0.14698,0.174552,0.136417
data\dataset_cls\train\Non_fractured\IMG0002671.jpg,train,Non_fractured,0.405951,0.101118,0.5715,0.048752,0.620945,0.347117,0.142325,0.123149,0.201731
data\dataset_cls\train\Non_fractured\IMG0002672.jpg,train,Non_fractured,1.0,0.62334,0.498432,0.553955,0.434697,0.319587,0.376747,0.155962,0.275936
data\dataset_cls\train\Non_fractured\IMG0002673.jpg,train,Non_fractured,0.639512,0.310357,0.402331,0.604268,0.655414,0.478197,0.170678,0.215185,0.090736
data\dataset_cls\train\Non_fractured\IMG0002674.jpg,train,Non_fractured,0.53296,0.800044,0.0,0.889672,0.309929,0.320231,0.283581,0.356656,0.350949
data\dataset_cls\train\Non_fractured\IMG0002675.jpg,train,Non_fractured,0.846927,0.819049,0.976187,0.080095,0.448796,0.514675,0.359138,0.448252,0.311545
data\dataset_cls\train\Non_fractured\IMG0002676.jpg,train,Non_fractured,0.754577,0.509387,0.5,0.5,0.55456,0.273747,0.172141,0.125873,0.161419
data\dataset_cls\train\Non_fractured\IMG0002677.jpg,train,Non_fractured,0.647168,0.391602,0.0,0.0,0.165423,0.518643,0.3865,0.406728,0.239668
data\dataset_cls\train\Non_fractured\IMG0002678.jpg,train,Non_fractured,0.552936,0.62234,0.5,0.5,0.394683,0.415758,0.130294,0.02159,0.13083
data\dataset_cls\train\Non_fractured\IMG0002680.jpg,train,Non_fractured,0.782527,0.485452,0.464077,0.385745,0.679254,0.456106,0.147009,0.18669,0.039728
data\dataset_cls\train\Non_fractured\IMG0002681.jpg,train,Non_fractured,0.488452,0.193058,0.905929,0.077963,0.352468,0.421811,0.101191,0.357981,0.298739
data\dataset_cls\train\Non_fractured\IMG0002682.jpg,train,Non_fractured,0.822491,0.518325,0.290647,0.931393,0.752649,0.290242,0.209827,0.482943,0.317868
data\dataset_cls\train\Non_fractured\IMG0002683.jpg,train,Non_fractured,0.615827,0.358448,0.536108,0.871106,0.642917,0.405673,0.187451,0.331906,0.146373
data\dataset_cls\train\Non_fractured\IMG0002686.jpg,train,Non_fractured,0.986494,0.263613,0.945943,0.030867,0.520245,0.389649,0.172637,0.235288,0.338398
data\dataset_cls\train\Non_fractured\IMG0002687.jpg,train,Non_fractured,0.35956,0.476834,0.468906,0.281178,0.533394,0.510899,0.108681,0.142579,0.1185
data\dataset_cls\train\Non_fractured\IMG0002688.jpg,train,Non_fractured,0.008178,0.244048,0.224806,0.299997,0.272968,0.455626,0.183586,0.065249,0.160825
data\dataset_cls\train\Non_fractured\IMG0002689.jpg,train,Non_fractured,0.309498,0.819115,0.5,0.5,0.304311,0.495344,0.22302,0.166008,0.128329
data\dataset_cls\train\Non_fractured\IMG0002691.jpg,train,Non_fractured,0.243732,0.703385,0.756234,0.805921,0.675941,0.505414,0.316506,0.238945,0.203395
data\dataset_cls\train\Non_fractured\IMG0002692.jpg,train,Non_fractured,0.737087,0.67422,0.990252,0.044102,0.829556,0.285969,0.358475,0.321738,0.053834
data\dataset_cls\train\Non_fractured\IMG0002694.jpg,train,Non_fractured,0.802486,0.482721,0.392299,0.900703,0.603555,0.523926,0.25427,0.336293,0.111933
data\dataset_cls\train\Non_fractured\IMG0002695.jpg,train,Non_fractured,0.127932,0.56092,0.0,0.470008,0.168606,0.612907,0.031849,0.125876,0.095323
data\dataset_cls\train\Non_fractured\IMG0002696.jpg,train,Non_fractured,0.307544,0.463059,0.5,0.5,0.379073,0.298608,0.097722,0.131239,0.123054
data\dataset_cls\train\Non_fractured\IMG0002697.jpg,train,Non_fractured,0.0,0.121684,0.5,0.5,0.384146,0.400984,0.367298,0.259727,0.107746
data\dataset_cls\train\Non_fractured\IMG0002698.jpg,train,Non_fractured,0.225841,0.668716,1.0,1.0,0.210844,0.3246,0.25309,0.6198,0.43283
data\dataset_cls\train\Non_fractured\IMG0002700.jpg,train,Non_fractured,0.440487,0.657703,0.835699,0.245373,0.421695,0.498741,0.228051,0.349282,0.147658
data\dataset_cls\train\Non_fractured\IMG0002702.jpg,train,Non_fractured,0.594076,0.501592,0.713593,0.35181,0.508091,0.469341,0.061698,0.140275,0.101235
data\dataset_cls\train\Non_fractured\IMG0002703.jpg,train,Non_fractured,0.467963,0.302311,0.671109,0.364146,0.586635,0.355202,0.113885,0.098734,0.018561
data\dataset_cls\train\Non_fractured\IMG0002706.jpg,train,Non_fractured,0.064266,0.444971,0.0,0.524034,0.485176,0.32517,0.119654,0.205245,0.320163
data\dataset_cls\train\Non_fractured\IMG0002707.jpg,train,Non_fractured,0.563215,0.401557,0.897088,0.666667,0.361147,0.296546,0.069125,0.359026,0.292576
data\dataset_cls\train\Non_fractured\IMG0002709.jpg,train,Non_fractured,0.485769,0.770435,0.95253,0.163822,0.730683,0.266893,0.439561,0.329618,0.133712
data\dataset_cls\train\Non_fractured\IMG0002710.jpg,train,Non_fractured,0.940133,0.113897,0.800708,0.156103,0.481693,0.421847,0.230953,0.095581,0.32207
data\dataset_cls\train\Non_fractured\IMG0002711.jpg,train,Non_fractured,0.564767,0.54536,0.463974,0.923148,0.28192,0.422199,0.153483,0.294162,0.259411
data\dataset_cls\train\Non_fractured\IMG0002712.jpg,train,Non_fractured,0.251241,0.567722,0.066767,0.830621,0.303587,0.584014,0.10296,0.220375,0.123226
data\dataset_cls\train\Non_fractured\IMG0002713.jpg,train,Non_fractured,0.277296,0.329398,0.5,0.5,0.236436,0.491977,0.126525,0.172679,0.113804
data\dataset_cls\train\Non_fractured\IMG0002715.jpg,train,Non_fractured,0.798339,0.773913,0.685006,0.229552,0.516772,0.429719,0.324118,0.24885,0.157432
data\dataset_cls\train\Non_fractured\IMG0002716.jpg,train,Non_fractured,0.902922,0.341797,0.873222,0.809845,0.65096,0.556475,0.246182,0.248892,0.1586
data\dataset_cls\train\Non_fractured\IMG0002717.jpg,train,Non_fractured,0.272109,0.649578,0.5,0.5,0.305238,0.493608,0.133953,0.14875,0.076366
data\dataset_cls\train\Non_fractured\IMG0002719.jpg,train,Non_fractured,0.193943,0.66109,0.059206,0.567288,0.552789,0.739616,0.074876,0.227452,0.296191
data\dataset_cls\train\Non_fractured\IMG0002720.jpg,train,Non_fractured,0.856531,0.278227,0.391728,0.432527,0.614948,0.495839,0.266104,0.231338,0.093841
data\dataset_cls\train\Non_fractured\IMG0002722.jpg,train,Non_fractured,0.201005,0.731003,0.800662,0.583921,0.179933,0.54889,0.221894,0.408507,0.225847
data\dataset_cls\train\Non_fractured\IMG0002723.jpg,train,Non_fractured,0.356116,0.411174,0.044543,0.44608,0.237661,0.393619,0.143459,0.170733,0.034119
data\dataset_cls\train\Non_fractured\IMG0002725.jpg,train,Non_fractured,0.981057,0.78638,0.021481,0.420416,0.565875,0.549479,0.500379,0.527781,0.0561
data\dataset_cls\train\Non_fractured\IMG0002726.jpg,train,Non_fractured,0.160355,0.313341,0.5,0.5,0.26145,0.43264,0.178842,0.210511,0.048981
data\dataset_cls\train\Non_fractured\IMG0002728.jpg,train,Non_fractured,0.296044,0.638573,1.0,0.5,0.481376,0.664839,0.298784,0.419889,0.128064
data\dataset_cls\train\Non_fractured\IMG0002734.jpg,train,Non_fractured,0.211268,0.324846,0.033476,0.183428,0.390965,0.33103,0.045083,0.202775,0.186255
data\dataset_cls\train\Non_fractured\IMG0002735.jpg,train,Non_fractured,0.142788,0.463248,0.77008,0.85215,0.383942,0.422538,0.311882,0.434231,0.164054
data\dataset_cls\train\Non_fractured\IMG0002736.jpg,train,Non_fractured,0.396488,0.486068,0.327249,0.849003,0.582767,0.555275,0.149237,0.244193,0.165191
data\dataset_cls\train\Non_fractured\IMG0002739.jpg,train,Non_fractured,0.357248,0.368046,0.167538,0.45555,0.425692,0.252538,0.041486,0.177946,0.152068
data\dataset_cls\train\Non_fractured\IMG0002741.jpg,train,Non_fractured,0.785617,0.354516,0.0,0.783377,0.477145,0.221325,0.377778,0.535047,0.238471
data\dataset_cls\train\Non_fractured\IMG0002742.jpg,train,Non_fractured,0.129472,0.285951,0.667679,0.890879,0.583551,0.309249,0.391478,0.446619,0.223259
data\dataset_cls\train\Non_fractured\IMG0002743.jpg,train,Non_fractured,0.342203,0.559094,0.41667,0.331834,0.494638,0.373633,0.156994,0.089694,0.090507
data\dataset_cls\train\Non_fractured\IMG0002744.jpg,train,Non_fractured,0.248136,0.196285,0.272711,0.51019,0.401257,0.46501,0.203042,0.124611,0.119865
data\dataset_cls\train\Non_fractured\IMG0002747.jpg,train,Non_fractured,0.500946,0.774684,0.50814,0.516334,0.505536,0.584201,0.149662,0.108788,0.040877
data\dataset_cls\train\Non_fractured\IMG0002751.jpg,train,Non_fractured,0.356246,0.566562,0.517689,0.214999,0.543834,0.383429,0.212844,0.179102,0.071413
data\dataset_cls\train\Non_fractured\IMG0002752.jpg,train,Non_fractured,0.161651,0.663215,0.0,1.0,0.467256,0.670682,0.124379,0.305363,0.279066
data\dataset_cls\train\Non_fractured\IMG0002753.jpg,train,Non_fractured,0.264677,0.486461,0.392032,0.486288,0.231907,0.666352,0.067696,0.113103,0.136127
data\dataset_cls\train\Non_fractured\IMG0002754.jpg,train,Non_fractured,0.624573,0.295415,0.05975,0.647689,0.412061,0.341588,0.291168,0.376326,0.098379
data\dataset_cls\train\Non_fractured\IMG0002756.jpg,train,Non_fractured,0.398707,0.745149,0.369686,0.200775,0.334119,0.496713,0.266106,0.280113,0.03695
data\dataset_cls\train\Non_fractured\IMG0002757.jpg,train,Non_fractured,0.300484,0.283731,1.0,0.093822,0.642034,0.174891,0.361028,0.363883,0.010753
data\dataset_cls\train\Non_fractured\IMG0002758.jpg,train,Non_fractured,0.646635,0.526389,0.0,0.637121,0.745941,0.508412,0.185045,0.471004,0.28596
data\dataset_cls\train\Non_fractured\IMG0002759.jpg,train,Non_fractured,0.217372,0.240318,0.549196,0.588683,0.578059,0.344425,0.275742,0.221858,0.137998
data\dataset_cls\train\Non_fractured\IMG0002760.jpg,train,Non_fractured,0.234965,0.206536,0.16412,0.14233,0.755442,0.357243,0.152626,0.23953,0.390125
data\dataset_cls\train\Non_fractured\IMG0002761.jpg,train,Non_fractured,0.375656,0.457187,0.5,0.5,0.428508,0.415094,0.059066,0.077935,0.042787
data\dataset_cls\train\Non_fractured\IMG0002765.jpg,train,Non_fractured,0.897762,0.589066,0.666886,0.924514,0.704158,0.274274,0.141661,0.340503,0.325871
data\dataset_cls\train\Non_fractured\IMG0002766.jpg,train,Non_fractured,0.388455,0.355618,0.614859,0.480955,0.464769,0.226712,0.100913,0.17821,0.130062
data\dataset_cls\train\Non_fractured\IMG0002767.jpg,train,Non_fractured,0.784386,0.561432,0.257412,0.286236,0.574724,0.526252,0.266451,0.329691,0.077134
data\dataset_cls\train\Non_fractured\IMG0002769.jpg,train,Non_fractured,0.105976,0.311492,1.0,0.5,0.313405,0.408617,0.379296,0.53507,0.159733
data\dataset_cls\train\Non_fractured\IMG0002770.jpg,train,Non_fractured,0.267534,0.467155,0.5,0.5,0.516608,0.282407,0.168311,0.110209,0.160716
data\dataset_cls\train\Non_fractured\IMG0002771.jpg,train,Non_fractured,0.496797,0.563223,0.186434,0.223165,0.425547,0.475724,0.19103,0.269386,0.078473
data\dataset_cls\train\Non_fractured\IMG0002772.jpg,train,Non_fractured,0.29969,0.610562,0.5,0.5,0.514475,0.43152,0.168712,0.063513,0.112461
data\dataset_cls\train\Non_fractured\IMG0002773.jpg,train,Non_fractured,0.773447,0.404754,0.724837,0.879443,0.579094,0.34902,0.161436,0.336599,0.225892
data\dataset_cls\train\Non_fractured\IMG0002774.jpg,train,Non_fractured,0.773091,0.308915,0.047538,0.300738,0.438933,0.429875,0.355232,0.375119,0.085521
data\dataset_cls\train\Non_fractured\IMG0002776.jpg,train,Non_fractured,0.016953,0.169238,0.5,0.5,0.44303,0.298411,0.339615,0.252766,0.125381
data\dataset_cls\train\Non_fractured\IMG0002777.jpg,train,Non_fractured,0.599398,0.757935,0.005239,0.854952,0.471521,0.63017,0.240897,0.369397,0.162893
data\dataset_cls\train\Non_fractured\IMG0002778.jpg,train,Non_fractured,0.568844,0.279641,0.0,0.255012,0.456042,0.377852,0.228535,0.345147,0.136087
data\dataset_cls\train\Non_fractured\IMG0002779.jpg,train,Non_fractured,0.440178,0.30274,0.0,0.923892,0.626933,0.505802,0.287432,0.496516,0.28054
data\dataset_cls\train\Non_fractured\IMG0002780.jpg,train,Non_fractured,0.467015,0.190053,0.0,0.166667,0.32909,0.246801,0.201953,0.267602,0.078373
data\dataset_cls\train\Non_fractured\IMG0002781.jpg,train,Non_fractured,0.134622,0.12441,0.503034,1.0,0.168659,0.209785,0.347278,0.602662,0.255387
data\dataset_cls\train\Non_fractured\IMG0002783.jpg,train,Non_fractured,0.341544,0.489583,0.120979,0.54403,0.27999,0.415587,0.094265,0.140446,0.074892
data\dataset_cls\train\Non_fractured\IMG0002784.jpg,train,Non_fractured,0.771047,0.680145,0.982037,0.207625,0.452693,0.439969,0.240246,0.340739,0.282578
data\dataset_cls\train\Non_fractured\IMG0002786.jpg,train,Non_fractured,0.773145,0.331506,0.0,0.610284,0.433336,0.364612,0.385276,0.438513,0.077411
data\dataset_cls\train\Non_fractured\IMG0002787.jpg,train,Non_fractured,0.414278,0.448516,0.0,0.553588,0.513541,0.488993,0.115671,0.314402,0.204426
data\dataset_cls\train\Non_fractured\IMG0002788.jpg,train,Non_fractured,0.067071,0.380033,0.209546,0.174622,0.301123,0.639934,0.126816,0.224217,0.264988
data\dataset_cls\train\Non_fractured\IMG0002789.jpg,train,Non_fractured,0.50605,0.135665,0.5,0.5,0.801805,0.45932,0.248833,0.169579,0.220392
data\dataset_cls\train\Non_fractured\IMG0002793.jpg,train,Non_fractured,0.8115,0.33613,0.0,0.294115,0.659606,0.287332,0.322555,0.490509,0.170249
data\dataset_cls\train\Non_fractured\IMG0002795.jpg,train,Non_fractured,0.863074,0.148972,0.118803,0.870716,0.601767,0.413159,0.469426,0.567338,0.098049
data\dataset_cls\train\Non_fractured\IMG0002797.jpg,train,Non_fractured,0.320578,0.623182,0.022487,0.20649,0.604724,0.337374,0.234213,0.345578,0.293375
data\dataset_cls\train\Non_fractured\IMG0002798.jpg,train,Non_fractured,0.655947,0.560807,0.046076,0.190793,0.694162,0.374959,0.265784,0.458206,0.228768
data\dataset_cls\train\Non_fractured\IMG0002800.jpg,train,Non_fractured,0.107186,0.0,0.5,0.5,0.28898,0.400377,0.356036,0.283659,0.100724
data\dataset_cls\train\Non_fractured\IMG0002802.jpg,train,Non_fractured,0.233869,0.279591,0.132325,0.492466,0.774108,0.435385,0.191012,0.26361,0.395379
data\dataset_cls\train\Non_fractured\IMG0002805.jpg,train,Non_fractured,0.640868,0.747103,1.0,0.065871,0.521696,0.432491,0.341449,0.447126,0.199911
data\dataset_cls\train\Non_fractured\IMG0002806.jpg,train,Non_fractured,0.823629,0.520116,0.056327,0.713677,0.634834,0.57496,0.32928,0.462074,0.132878
data\dataset_cls\train\Non_fractured\IMG0002807.jpg,train,Non_fractured,0.34842,0.114881,0.0,0.883585,0.263098,0.369291,0.37042,0.47376,0.104957
data\dataset_cls\train\Non_fractured\IMG0002808.jpg,train,Non_fractured,0.589735,0.067864,0.171159,0.0,0.62803,0.344762,0.144649,0.322605,0.264921
data\dataset_cls\train\Non_fractured\IMG0002812.jpg,train,Non_fractured,0.687851,0.415496,0.522095,0.90558,0.61762,0.504177,0.208342,0.309662,0.104581
data\dataset_cls\train\Non_fractured\IMG0002813.jpg,train,Non_fractured,0.616073,0.361617,0.350329,0.350329,0.489516,0.411324,0.131392,0.13711,0.03714
data\dataset_cls\train\Non_fractured\IMG0002814.jpg,train,Non_fractured,0.355619,0.642802,0.669718,0.864668,0.346657,0.387513,0.102321,0.315278,0.268062
data\dataset_cls\train\Non_fractured\IMG0002815.jpg,train,Non_fractured,0.898531,0.497317,0.953683,0.72079,0.205684,0.448223,0.220369,0.314662,0.492104
data\dataset_cls\train\Non_fractured\IMG0002817.jpg,train,Non_fractured,0.597546,0.476985,0.0,0.72525,0.41006,0.455231,0.272352,0.377696,0.122325
data\dataset_cls\train\Non_fractured\IMG0002819.jpg,train,Non_fractured,0.590035,0.391752,0.76912,0.166667,0.640558,0.289875,0.133177,0.154903,0.026968
data\dataset_cls\train\Non_fractured\IMG0002820.jpg,train,Non_fractured,0.239561,0.268757,1.0,0.566859,0.594263,0.502472,0.411821,0.407071,0.058951
data\dataset_cls\train\Non_fractured\IMG0002821.jpg,train,Non_fractured,0.434157,0.30125,0.353899,0.620096,0.33455,0.535771,0.193954,0.135915,0.063866
data\dataset_cls\train\Non_fractured\IMG0002822.jpg,train,Non_fractured,0.314139,0.331083,0.220122,0.359134,0.548285,0.310735,0.04678,0.143016,0.188832
data\dataset_cls\train\Non_fractured\IMG0002823.jpg,train,Non_fractured,0.490515,0.413346,0.132509,0.508597,0.614979,0.342669,0.078278,0.293374,0.217141
data\dataset_cls\train\Non_fractured\IMG0002825.jpg,train,Non_fractured,0.19491,0.28221,0.423158,0.330923,0.549098,0.418433,0.203697,0.036472,0.176566
data\dataset_cls\train\Non_fractured\IMG0002826.jpg,train,Non_fractured,0.541667,0.248273,0.747651,0.274158,0.47058,0.319239,0.055355,0.161146,0.12233
data\dataset_cls\train\Non_fractured\IMG0002827.jpg,train,Non_fractured,0.51637,0.344581,0.0,1.0,0.522808,0.398276,0.291142,0.543681,0.253955
data\dataset_cls\train\Non_fractured\IMG0002829.jpg,train,Non_fractured,0.631489,0.525586,0.335919,0.526988,0.442079,0.453542,0.163366,0.136214,0.055875
data\dataset_cls\train\Non_fractured\IMG0002830.jpg,train,Non_fractured,0.702752,0.784397,0.242947,0.712606,0.368654,0.471718,0.294033,0.203147,0.197164
data\dataset_cls\train\Non_fractured\IMG0002835.jpg,train,Non_fractured,0.430463,0.667034,0.352032,0.897697,0.488243,0.520221,0.028785,0.214969,0.186342
data\dataset_cls\train\Non_fractured\IMG0002839.jpg,train,Non_fractured,0.419185,0.404947,0.318366,0.56156,0.556944,0.450288,0.068434,0.144126,0.127356
data\dataset_cls\train\Non_fractured\IMG0002841.jpg,train,Non_fractured,0.767168,0.269374,0.383091,0.897269,0.664202,0.425026,0.307527,0.428535,0.12109
data\dataset_cls\train\Non_fractured\IMG0002842.jpg,train,Non_fractured,0.196866,0.311016,0.5,0.5,0.545543,0.389632,0.234868,0.131641,0.131832
data\dataset_cls\train\Non_fractured\IMG0002843.jpg,train,Non_fractured,0.926012,0.507042,0.011249,0.0,0.550182,0.650484,0.446945,0.619417,0.270169
data\dataset_cls\train\Non_fractured\IMG0002844.jpg,train,Non_fractured,0.641101,0.279237,0.986578,0.736999,0.582525,0.454334,0.231618,0.351193,0.158323
data\dataset_cls\train\Non_fractured\IMG0002845.jpg,train,Non_fractured,0.253776,0.124429,0.187578,0.024152,0.564701,0.351383,0.091857,0.20529,0.294493
data\dataset_cls\train\Non_fractured\IMG0002851.jpg,train,Non_fractured,0.638875,0.60254,0.080498,0.602321,0.549392,0.547812,0.216729,0.342902,0.131608
data\dataset_cls\train\Non_fractured\IMG0002852.jpg,train,Non_fractured,0.105746,0.578662,0.0,0.948725,0.286853,0.51765,0.106035,0.297388,0.226357
data\dataset_cls\train\Non_fractured\IMG0002853.jpg,train,Non_fractured,0.322983,0.277714,0.373796,0.607729,0.160791,0.424248,0.16313,0.192435,0.125671
data\dataset_cls\train\Non_fractured\IMG0002854.jpg,train,Non_fractured,0.453264,0.724908,1.0,0.129647,0.677073,0.568103,0.35891,0.450294,0.099527
data\dataset_cls\train\Non_fractured\IMG0002855.jpg,train,Non_fractured,0.584722,0.326655,0.0,0.120599,0.441405,0.527087,0.242687,0.39835,0.225391
data\dataset_cls\train\Non_fractured\IMG0002856.jpg,train,Non_fractured,0.163394,0.006383,0.5,0.5,0.288916,0.350058,0.318786,0.281688,0.070595
data\dataset_cls\train\Non_fractured\IMG0002857.jpg,train,Non_fractured,0.222242,0.179561,0.5,0.5,0.398836,0.258212,0.20158,0.226,0.059911
data\dataset_cls\train\Non_fractured\IMG0002858.jpg,train,Non_fractured,0.612196,0.942335,0.5,0.5,0.625336,0.523621,0.288909,0.174336,0.139552
data\dataset_cls\train\Non_fractured\IMG0002860.jpg,train,Non_fractured,0.204824,0.332978,0.099563,0.276001,0.560966,0.481823,0.089057,0.208212,0.297054
data\dataset_cls\train\Non_fractured\IMG0002861.jpg,train,Non_fractured,0.241181,0.312473,0.108498,0.252926,0.448461,0.355384,0.025477,0.166546,0.188741
data\dataset_cls\train\Non_fractured\IMG0002862.jpg,train,Non_fractured,0.427937,0.406835,0.0,0.666667,0.619349,0.421371,0.120748,0.387579,0.280987
data\dataset_cls\train\Non_fractured\IMG0002863.jpg,train,Non_fractured,0.730298,0.487171,0.0,0.333333,0.687007,0.534794,0.260282,0.487054,0.230075
data\dataset_cls\train\Non_fractured\IMG0002864.jpg,train,Non_fractured,0.716532,0.201789,0.836359,0.547784,0.580819,0.495003,0.213135,0.182551,0.153075
data\dataset_cls\train\Non_fractured\IMG0002865.jpg,train,Non_fractured,0.470125,0.130171,0.0,0.0,0.11405,0.237398,0.275506,0.230065,0.140374
data\dataset_cls\train\Non_fractured\IMG0002866.jpg,train,Non_fractured,0.131671,0.544014,0.0,0.759799,0.308327,0.348463,0.016442,0.25536,0.258955
data\dataset_cls\train\Non_fractured\IMG0002868.jpg,train,Non_fractured,0.291293,0.655429,0.55477,0.040688,0.339681,0.473311,0.285238,0.38384,0.1003
data\dataset_cls\train\Non_fractured\IMG0002869.jpg,train,Non_fractured,0.814055,0.425479,1.0,0.166667,0.549445,0.40832,0.095654,0.269897,0.249858
data\dataset_cls\train\Non_fractured\IMG0002870.jpg,train,Non_fractured,0.804423,0.454547,0.705985,0.840655,0.565935,0.52438,0.188974,0.234538,0.150564
data\dataset_cls\train\Non_fractured\IMG0002871.jpg,train,Non_fractured,0.920517,1.0,0.256776,0.808413,0.655055,0.473292,0.391488,0.357225,0.290667
data\dataset_cls\train\Non_fractured\IMG0002872.jpg,train,Non_fractured,0.0,0.0,0.5,0.5,0.206826,0.576392,0.42924,0.299735,0.21949
data\dataset_cls\train\Non_fractured\IMG0002873.jpg,train,Non_fractured,0.659071,0.542588,0.66252,0.285469,0.605336,0.317546,0.161592,0.098494,0.074191
data\dataset_cls\train\Non_fractured\IMG0002874.jpg,train,Non_fractured,0.350027,0.177928,0.556014,0.347962,0.589112,0.557479,0.235734,0.059114,0.216304
data\dataset_cls\train\Non_fractured\IMG0002876.jpg,train,Non_fractured,0.171556,0.58495,0.5,0.5,0.386405,0.462593,0.193833,0.148196,0.063049
data\dataset_cls\train\Non_fractured\IMG0002878.jpg,train,Non_fractured,0.631899,0.691874,0.313304,0.562863,0.425274,0.575041,0.193303,0.151041,0.047037
data\dataset_cls\train\Non_fractured\IMG0002879.jpg,train,Non_fractured,0.220205,0.330592,0.63598,0.853361,0.585675,0.323672,0.312062,0.383681,0.207439
data\dataset_cls\train\Non_fractured\IMG0002880.jpg,train,Non_fractured,0.347111,0.533623,0.172957,0.294671,0.21849,0.389801,0.162682,0.133281,0.032102
data\dataset_cls\train\Non_fractured\IMG0002881.jpg,train,Non_fractured,0.489956,0.588574,0.588644,0.822091,0.461238,0.458741,0.041695,0.212752,0.172435
data\dataset_cls\train\Non_fractured\IMG0002883.jpg,train,Non_fractured,0.589217,0.330771,0.5,0.5,0.659345,0.409717,0.082969,0.119782,0.076584
data\dataset_cls\train\Non_fractured\IMG0002884.jpg,train,Non_fractured,0.717101,0.413517,0.136026,0.076717,0.568164,0.396598,0.270398,0.402469,0.138238
data\dataset_cls\train\Non_fractured\IMG0002887.jpg,train,Non_fractured,0.440719,0.44707,0.0,0.545596,0.714515,0.474365,0.069677,0.389213,0.329762
data\dataset_cls\train\Non_fractured\IMG0002888.jpg,train,Non_fractured,0.685826,0.488658,1.0,0.5,0.615793,0.345955,0.092412,0.239233,0.18086
data\dataset_cls\train\Non_fractured\IMG0002889.jpg,train,Non_fractured,0.978928,0.697205,0.833333,0.333333,0.683088,0.45594,0.249678,0.162167,0.153866
data\dataset_cls\train\Non_fractured\IMG0002890.jpg,train,Non_fractured,0.56203,0.085411,0.5,0.5,0.501012,0.35493,0.231695,0.187733,0.046053
data\dataset_cls\train\Non_fractured\IMG0002891.jpg,train,Non_fractured,0.168017,0.239062,0.601088,0.537276,0.501189,0.477913,0.311906,0.213936,0.098111
data\dataset_cls\train\Non_fractured\IMG0002892.jpg,train,Non_fractured,0.212805,0.16821,0.0,0.284052,0.599299,0.434645,0.139962,0.270949,0.356791
data\dataset_cls\train\Non_fractured\IMG0002893.jpg,train,Non_fractured,0.902328,0.696986,0.305088,0.863454,0.691529,0.441433,0.270978,0.382092,0.233323
data\dataset_cls\train\Non_fractured\IMG0002894.jpg,train,Non_fractured,0.703386,0.384271,0.346569,0.434671,0.779812,0.44306,0.1003,0.263725,0.171359
data\dataset_cls\train\Non_fractured\IMG0002895.jpg,train,Non_fractured,0.568143,0.826134,1.0,0.885236,0.420254,0.501933,0.129493,0.368037,0.338299
data\dataset_cls\train\Non_fractured\IMG0002896.jpg,train,Non_fractured,0.465321,0.952685,0.072874,0.465976,0.350285,0.492298,0.358163,0.281249,0.15448
data\dataset_cls\train\Non_fractured\IMG0002897.jpg,train,Non_fractured,0.561351,0.261178,1.0,0.304141,0.575169,0.494098,0.176647,0.291968,0.19657
data\dataset_cls\train\Non_fractured\IMG0002898.jpg,train,Non_fractured,0.525512,0.482507,0.743282,0.608084,0.643665,0.351601,0.111988,0.165564,0.129278
data\dataset_cls\train\Non_fractured\IMG0002899.jpg,train,Non_fractured,0.361607,0.375756,0.489512,0.27283,0.666067,0.542586,0.145687,0.125281,0.216534
data\dataset_cls\train\Non_fractured\IMG0002900.jpg,train,Non_fractured,0.54146,0.665435,0.948603,0.536012,0.643643,0.348706,0.2257,0.238151,0.181098
data\dataset_cls\train\Non_fractured\IMG0002901.jpg,train,Non_fractured,0.149435,0.67662,0.136198,0.334143,0.366239,0.40736,0.214906,0.16055,0.162653
data\dataset_cls\train\Non_fractured\IMG0002902.jpg,train,Non_fractured,0.67753,0.506794,0.009667,0.571022,0.808312,0.394442,0.179745,0.495382,0.324434
data\dataset_cls\train\Non_fractured\IMG0002906.jpg,train,Non_fractured,0.577974,0.438339,0.0,0.5505,0.64264,0.424442,0.17421,0.414548,0.24034
data\dataset_cls\train\Non_fractured\IMG0002907.jpg,train,Non_fractured,0.371269,0.185479,0.218051,0.293726,0.527406,0.543566,0.155448,0.161253,0.255225
data\dataset_cls\train\Non_fractured\IMG0002910.jpg,train,Non_fractured,0.950981,0.585064,0.553659,0.374554,0.338455,0.36609,0.365794,0.09067,0.286136
data\dataset_cls\train\Non_fractured\IMG0002911.jpg,train,Non_fractured,0.776618,0.477746,0.209139,0.370504,0.65427,0.380543,0.239829,0.339793,0.111448
data\dataset_cls\train\Non_fractured\IMG0002913.jpg,train,Non_fractured,0.601803,0.402077,0.818786,0.927366,0.531702,0.525952,0.221858,0.351641,0.15078
data\dataset_cls\train\Non_fractured\IMG0002914.jpg,train,Non_fractured,0.883012,0.615842,0.260697,0.647471,0.716031,0.308692,0.278667,0.379843,0.23579
data\dataset_cls\train\Non_fractured\IMG0002915.jpg,train,Non_fractured,0.968652,0.630168,0.5,0.5,0.610242,0.435776,0.296155,0.194213,0.119476
data\dataset_cls\train\Non_fractured\IMG0002916.jpg,train,Non_fractured,0.623944,0.681153,0.5,0.5,0.598228,0.29345,0.196071,0.07454,0.199554
data\dataset_cls\train\Non_fractured\IMG0002917.jpg,train,Non_fractured,0.151136,0.598975,0.5,0.5,0.256349,0.532317,0.161114,0.202296,0.047544
data\dataset_cls\train\Non_fractured\IMG0002918.jpg,train,Non_fractured,0.836154,0.559542,0.51012,0.919837,0.425475,0.620813,0.282934,0.23404,0.183143
data\dataset_cls\train\Non_fractured\IMG0002921.jpg,train,Non_fractured,0.996693,0.855998,0.638374,0.301355,0.338725,0.495585,0.455847,0.25039,0.323977
data\dataset_cls\train\Non_fractured\IMG0002922.jpg,train,Non_fractured,0.496919,0.386963,0.708761,0.31641,0.312546,0.48852,0.013807,0.21823,0.213951
data\dataset_cls\train\Non_fractured\IMG0002924.jpg,train,Non_fractured,0.244657,0.347273,0.54456,0.639286,0.562872,0.395622,0.23521,0.201726,0.1297
data\dataset_cls\train\Non_fractured\IMG0002925.jpg,train,Non_fractured,0.246927,0.677917,0.5,0.5,0.278854,0.509584,0.149486,0.169981,0.08233
data\dataset_cls\train\Non_fractured\IMG0002927.jpg,train,Non_fractured,0.788747,0.694789,0.014928,0.873834,0.370639,0.338326,0.401686,0.445524,0.29805
data\dataset_cls\train\Non_fractured\IMG0002928.jpg,train,Non_fractured,0.582405,0.672462,0.219766,0.477379,0.654165,0.466128,0.165242,0.272654,0.183648
data\dataset_cls\train\Non_fractured\IMG0002929.jpg,train,Non_fractured,0.871177,0.379706,0.568123,0.21707,0.515454,0.679339,0.22429,0.2244,0.288151
data\dataset_cls\train\Non_fractured\IMG0002930.jpg,train,Non_fractured,0.342394,0.752877,0.771043,0.561694,0.429044,0.37068,0.256969,0.256883,0.209172
data\dataset_cls\train\Non_fractured\IMG0002931.jpg,train,Non_fractured,0.459232,0.063272,0.345265,0.388174,0.583989,0.398717,0.220145,0.157485,0.167275
data\dataset_cls\train\Non_fractured\IMG0002932.jpg,train,Non_fractured,0.376015,0.404126,0.616489,0.892164,0.33868,0.325175,0.152249,0.391819,0.239572
data\dataset_cls\train\Non_fractured\IMG0002936.jpg,train,Non_fractured,0.786046,0.489018,0.142098,0.522478,0.691961,0.242969,0.256014,0.411385,0.231887
data\dataset_cls\train\Non_fractured\IMG0002937.jpg,train,Non_fractured,0.432513,0.448929,0.646573,0.737887,0.692644,0.408462,0.178452,0.213598,0.160063
data\dataset_cls\train\Non_fractured\IMG0002938.jpg,train,Non_fractured,0.430672,0.317268,0.865625,0.889666,0.554904,0.571569,0.332686,0.387156,0.0657
data\dataset_cls\train\Non_fractured\IMG0002939.jpg,train,Non_fractured,0.406988,0.388293,0.505335,0.770533,0.594004,0.56049,0.207855,0.197454,0.092757
data\dataset_cls\train\Non_fractured\IMG0002941.jpg,train,Non_fractured,0.625636,0.654838,0.143559,0.201446,0.372732,0.294006,0.365628,0.298876,0.089773
data\dataset_cls\train\Non_fractured\IMG0002943.jpg,train,Non_fractured,0.447448,0.29075,0.675814,0.394996,0.499761,0.375793,0.112847,0.140947,0.046722
data\dataset_cls\train\Non_fractured\IMG0002947.jpg,train,Non_fractured,0.592586,0.182947,0.465626,0.137978,0.505292,0.128919,0.078673,0.056817,0.026349
data\dataset_cls\train\Non_fractured\IMG0002948.jpg,train,Non_fractured,0.588353,0.174802,0.0,1.0,0.505876,0.215757,0.365184,0.648729,0.28514
data\dataset_cls\train\Non_fractured\IMG0002949.jpg,train,Non_fractured,0.677916,0.533953,0.249876,0.941284,0.658182,0.387737,0.172782,0.424625,0.266803
data\dataset_cls\train\Non_fractured\IMG0002950.jpg,train,Non_fractured,0.672097,0.379238,0.246096,0.560166,0.656995,0.40282,0.162069,0.300893,0.139263
data\dataset_cls\train\Non_fractured\IMG0002951.jpg,train,Non_fractured,0.245422,0.366018,0.418472,0.852436,0.509638,0.362424,0.217133,0.326619,0.202743
data\dataset_cls\train\Non_fractured\IMG0002952.jpg,train,Non_fractured,0.237443,0.250576,0.438128,0.452651,0.444954,0.430061,0.186253,0.098914,0.088541
data\dataset_cls\train\Non_fractured\IMG0002953.jpg,train,Non_fractured,0.774688,0.363606,0.53891,0.81135,0.476377,0.521325,0.269121,0.252612,0.128111
data\dataset_cls\train\Non_fractured\IMG0002954.jpg,train,Non_fractured,0.90221,0.292291,0.882282,0.593581,0.736063,0.401365,0.150193,0.169803,0.107747
data\dataset_cls\train\Non_fractured\IMG0002955.jpg,train,Non_fractured,0.491921,0.273322,0.5,0.5,0.651516,0.446019,0.144382,0.105063,0.110998
data\dataset_cls\train\Non_fractured\IMG0002956.jpg,train,Non_fractured,0.744047,0.285499,0.5,0.5,0.730128,0.3277,0.121309,0.203976,0.084111
data\dataset_cls\train\Non_fractured\IMG0002957.jpg,train,Non_fractured,0.689386,0.418348,0.479141,0.085086,0.68066,0.375605,0.14504,0.249144,0.104648
data\dataset_cls\train\Non_fractured\IMG0002958.jpg,train,Non_fractured,0.61913,0.277514,0.401979,0.105221,0.278622,0.382942,0.187218,0.153228,0.200548
data\dataset_cls\train\Non_fractured\IMG0002959.jpg,train,Non_fractured,0.666539,0.371846,0.0,0.333333,0.407564,0.434121,0.308606,0.361033,0.073536
data\dataset_cls\train\Non_fractured\IMG0002960.jpg,train,Non_fractured,0.233493,0.270709,0.0,0.634679,0.394076,0.268043,0.122862,0.321045,0.222119
data\dataset_cls\train\Non_fractured\IMG0002963.jpg,train,Non_fractured,0.149697,0.249089,0.12612,0.242652,0.511892,0.536286,0.146624,0.169184,0.315668
data\dataset_cls\train\Non_fractured\IMG0002964.jpg,train,Non_fractured,0.155697,0.352578,0.333333,0.344767,0.479304,0.258154,0.170521,0.028309,0.167756
data\dataset_cls\train\Non_fractured\IMG0002966.jpg,train,Non_fractured,0.298761,0.507916,0.548121,0.867285,0.564843,0.390392,0.189786,0.289339,0.219421
data\dataset_cls\train\Non_fractured\IMG0002967.jpg,train,Non_fractured,0.515373,0.555022,0.090047,0.160295,0.369325,0.448058,0.253457,0.326983,0.074862
data\dataset_cls\train\Non_fractured\IMG0002968.jpg,train,Non_fractured,0.659901,0.505833,0.87294,0.335974,0.608834,0.522221,0.074378,0.198461,0.124898
data\dataset_cls\train\Non_fractured\IMG0002969.jpg,train,Non_fractured,0.679673,0.28015,0.36988,0.430956,0.649115,0.63225,0.202417,0.197063,0.202233
data\dataset_cls\train\Non_fractured\IMG0002973.jpg,train,Non_fractured,0.686962,0.795746,0.081365,0.779808,0.410083,0.514003,0.310444,0.322383,0.183332
data\dataset_cls\train\Non_fractured\IMG0002974.jpg,train,Non_fractured,0.247033,0.369399,0.93742,0.957432,0.208954,0.324108,0.282857,0.624042,0.341257
data\dataset_cls\train\Non_fractured\IMG0002975.jpg,train,Non_fractured,0.293275,0.777551,0.5,0.5,0.396246,0.68052,0.162009,0.184459,0.027831
data\dataset_cls\train\Non_fractured\IMG0002976.jpg,train,Non_fractured,0.75185,0.307954,1.0,0.0,0.363524,0.361567,0.096803,0.369808,0.36857
data\dataset_cls\train\Non_fractured\IMG0002977.jpg,train,Non_fractured,0.558887,0.886073,0.0,0.991696,0.412621,0.709973,0.236222,0.348627,0.176556
data\dataset_cls\train\Non_fractured\IMG0002978.jpg,train,Non_fractured,0.956933,0.58736,0.111188,0.718615,0.611423,0.59042,0.399601,0.456919,0.066331
data\dataset_cls\train\Non_fractured\IMG0002981.jpg,train,Non_fractured,0.354886,0.259303,1.0,1.0,0.3127,0.506344,0.385739,0.605434,0.256682
data\dataset_cls\train\Non_fractured\IMG0002982.jpg,train,Non_fractured,0.569657,0.225007,0.014922,0.901453,0.371966,0.517349,0.408887,0.466203,0.061295
data\dataset_cls\train\Non_fractured\IMG0002983.jpg,train,Non_fractured,0.378731,0.770884,0.792718,0.62966,0.506006,0.354141,0.259121,0.237817,0.236795
data\dataset_cls\train\Non_fractured\IMG0002984.jpg,train,Non_fractured,0.023951,0.043951,1.0,0.5,0.496373,0.399451,0.553442,0.526966,0.085618
data\dataset_cls\train\Non_fractured\IMG0002985.jpg,train,Non_fractured,0.777699,0.162294,0.357542,0.264391,0.447793,0.330383,0.265747,0.170561,0.111669
data\dataset_cls\train\Non_fractured\IMG0002986.jpg,train,Non_fractured,0.697542,0.044014,1.0,0.099557,0.711904,0.295825,0.147136,0.202363,0.175026
data\dataset_cls\train\Non_fractured\IMG0002988.jpg,train,Non_fractured,0.503318,0.396033,0.814877,0.121912,0.534053,0.236154,0.184247,0.236113,0.08474
data\dataset_cls\train\Non_fractured\IMG0002989.jpg,train,Non_fractured,0.223775,0.40826,0.357611,0.392607,0.475563,0.319883,0.133136,0.019746,0.134438
data\dataset_cls\train\Non_fractured\IMG0002990.jpg,train,Non_fractured,0.879692,0.162544,0.0,0.105437,0.270961,0.453724,0.502239,0.40666,0.241064
data\dataset_cls\train\Non_fractured\IMG0002991.jpg,train,Non_fractured,0.81353,0.670321,1.0,0.15078,0.725519,0.347395,0.282734,0.283893,0.127956
data\dataset_cls\train\Non_fractured\IMG0002993.jpg,train,Non_fractured,0.384579,0.644448,0.607064,0.90424,0.297465,0.641222,0.096696,0.24865,0.159257
data\dataset_cls\train\Non_fractured\IMG0002996.jpg,train,Non_fractured,0.668025,0.511981,0.558823,0.667759,0.534787,0.486024,0.09167,0.116031,0.08684
data\dataset_cls\train\Non_fractured\IMG0003002.jpg,train,Non_fractured,0.646238,0.278177,0.674196,0.152884,0.714533,0.350236,0.036665,0.107628,0.096829
data\dataset_cls\train\Non_fractured\IMG0003005.jpg,train,Non_fractured,0.396856,0.545422,0.801184,0.815579,0.431449,0.411524,0.153195,0.342172,0.211269
data\dataset_cls\train\Non_fractured\IMG0003006.jpg,train,Non_fractured,0.634879,0.081749,0.607684,0.042504,0.606887,0.309763,0.065557,0.102546,0.16537
data\dataset_cls\train\Non_fractured\IMG0003007.jpg,train,Non_fractured,0.755947,0.8431,0.898255,0.922989,0.760222,0.643036,0.063183,0.152051,0.166102
data\dataset_cls\train\Non_fractured\IMG0003008.jpg,train,Non_fractured,0.313468,0.239,0.142853,0.316737,0.427799,0.254222,0.036223,0.158887,0.134023
data\dataset_cls\train\Non_fractured\IMG0003009.jpg,train,Non_fractured,0.040241,0.392327,0.5,0.5,0.588856,0.381662,0.337676,0.144779,0.216798
data\dataset_cls\train\Non_fractured\IMG0003010.jpg,train,Non_fractured,0.93462,0.252494,0.502512,0.911982,0.529249,0.628178,0.443841,0.349657,0.129874
data\dataset_cls\train\Non_fractured\IMG0003011.jpg,train,Non_fractured,0.57093,0.351936,1.0,0.111867,0.64908,0.474168,0.173576,0.328504,0.185345
data\dataset_cls\train\Non_fractured\IMG0003012.jpg,train,Non_fractured,0.598928,0.580936,0.572102,0.537302,0.646219,0.533345,0.031165,0.036154,0.043966
data\dataset_cls\train\Non_fractured\IMG0003013.jpg,train,Non_fractured,0.774759,0.854362,0.841562,0.873342,0.529466,0.415857,0.151972,0.202918,0.351738
data\dataset_cls\train\Non_fractured\IMG0003015.jpg,train,Non_fractured,0.433507,0.523075,0.0,0.366675,0.55576,0.366183,0.147208,0.333826,0.232013
data\dataset_cls\train\Non_fractured\IMG0003016.jpg,train,Non_fractured,0.891045,0.72601,0.089954,0.012321,0.543221,0.426392,0.510642,0.562263,0.051873
data\dataset_cls\train\Non_fractured\IMG0003017.jpg,train,Non_fractured,0.0,0.0,0.5,0.5,0.177725,0.605324,0.432185,0.304029,0.241733
data\dataset_cls\train\Non_fractured\IMG0003018.jpg,train,Non_fractured,0.324611,0.655732,0.881478,0.739297,0.432613,0.406998,0.228359,0.362774,0.224546
data\dataset_cls\train\Non_fractured\IMG0003019.jpg,train,Non_fractured,0.755494,0.144921,0.53347,0.056277,0.149735,0.40067,0.281494,0.154082,0.385756
data\dataset_cls\train\Non_fractured\IMG0003022.jpg,train,Non_fractured,0.338219,0.455659,1.0,0.989905,0.19501,0.509629,0.261389,0.594482,0.346541
data\dataset_cls\train\Non_fractured\IMG0003023.jpg,train,Non_fractured,0.366978,0.812612,0.5,0.5,0.314885,0.458777,0.22378,0.139389,0.1536
data\dataset_cls\train\Non_fractured\IMG0003024.jpg,train,Non_fractured,0.237183,0.597591,0.567781,0.299103,0.440588,0.496228,0.222371,0.224896,0.040796
data\dataset_cls\train\Non_fractured\IMG0003025.jpg,train,Non_fractured,0.561042,0.397681,0.580527,1.0,0.444617,0.388959,0.200487,0.407757,0.223054
data\dataset_cls\train\Non_fractured\IMG0003026.jpg,train,Non_fractured,0.382758,0.564441,0.694393,0.254816,0.532299,0.386908,0.223608,0.215905,0.015714
data\dataset_cls\train\Non_fractured\IMG0003027.jpg,train,Non_fractured,0.284874,0.438275,0.017146,0.086776,0.516491,0.318773,0.157461,0.32126,0.246523
data\dataset_cls\train\Non_fractured\IMG0003029.jpg,train,Non_fractured,0.322225,0.713577,0.124193,0.789608,0.35158,0.408505,0.094816,0.208154,0.244211
data\dataset_cls\train\Non_fractured\IMG0003030.jpg,train,Non_fractured,0.492041,0.0,0.5,0.5,0.251886,0.250951,0.26201,0.26387,0.162757
data\dataset_cls\train\Non_fractured\IMG0003031.jpg,train,Non_fractured,0.118948,0.213548,1.0,0.940231,0.214117,0.335386,0.431148,0.711152,0.280947
data\dataset_cls\train\Non_fractured\IMG0003032.jpg,train,Non_fractured,0.479684,0.590734,0.0,0.0,0.185592,0.524782,0.338291,0.432945,0.157161
data\dataset_cls\train\Non_fractured\IMG0003033.jpg,train,Non_fractured,0.184223,0.78342,0.5,0.5,0.342089,0.325246,0.293314,0.161997,0.210976
data\dataset_cls\train\Non_fractured\IMG0003036.jpg,train,Non_fractured,0.404386,0.436265,0.295746,0.278799,0.535117,0.579484,0.008762,0.19178,0.19265
data\dataset_cls\train\Non_fractured\IMG0003038.jpg,train,Non_fractured,0.230187,0.230327,0.0,0.888095,0.379658,0.681882,0.370752,0.352511,0.194414
data\dataset_cls\train\Non_fractured\IMG0003039.jpg,train,Non_fractured,0.615773,0.554261,0.929941,0.866617,0.307209,0.408809,0.055666,0.404274,0.36987
data\dataset_cls\train\Non_fractured\IMG0003040.jpg,train,Non_fractured,0.428184,0.795763,0.498009,0.876484,0.510299,0.53266,0.079127,0.142808,0.204741
data\dataset_cls\train\Non_fractured\IMG0003041.jpg,train,Non_fractured,0.461913,0.342886,0.344526,0.785331,0.391769,0.375494,0.170243,0.289345,0.125974
data\dataset_cls\train\Non_fractured\IMG0003043.jpg,train,Non_fractured,0.577453,0.142417,0.542501,0.744538,0.220947,0.41335,0.318933,0.325441,0.226911
data\dataset_cls\train\Non_fractured\IMG0003044.jpg,train,Non_fractured,0.339951,0.149507,0.289957,0.101289,0.629087,0.380896,0.10041,0.169603,0.269945
data\dataset_cls\train\Non_fractured\IMG0003045.jpg,train,Non_fractured,0.588903,0.585105,0.409375,0.927593,0.61364,0.408407,0.075606,0.314427,0.244199
data\dataset_cls\train\Non_fractured\IMG0003046.jpg,train,Non_fractured,0.559994,0.488048,0.465821,0.779471,0.587412,0.448667,0.086911,0.219525,0.133017
data\dataset_cls\train\Non_fractured\IMG0003047.jpg,train,Non_fractured,0.656668,0.592638,0.702648,0.488368,0.52413,0.434953,0.091962,0.076729,0.125308
data\dataset_cls\train\Non_fractured\IMG0003050.jpg,train,Non_fractured,0.800226,0.333343,0.71132,0.432499,0.537786,0.407203,0.130546,0.050167,0.146224
data\dataset_cls\train\Non_fractured\IMG0003051.jpg,train,Non_fractured,1.0,0.679395,0.0,0.91649,0.638761,0.496994,0.454113,0.588468,0.220932
data\dataset_cls\train\Non_fractured\IMG0003052.jpg,train,Non_fractured,0.527502,0.720607,0.432869,0.924968,0.472234,0.383912,0.066652,0.252455,0.292632
data\dataset_cls\train\Non_fractured\IMG0003053.jpg,train,Non_fractured,0.685421,0.188037,0.536802,0.10134,0.344962,0.235541,0.163549,0.075029,0.187486
data\dataset_cls\train\Non_fractured\IMG0003054.jpg,train,Non_fractured,0.710278,0.61017,0.389762,0.309793,0.568351,0.460134,0.21518,0.224165,0.012221
data\dataset_cls\train\Non_fractured\IMG0003055.jpg,train,Non_fractured,0.78731,0.703194,0.377273,0.215159,0.787104,0.54515,0.255107,0.386055,0.148083
data\dataset_cls\train\Non_fractured\IMG0003056.jpg,train,Non_fractured,0.438292,0.656038,0.036927,0.25004,0.400863,0.507525,0.235707,0.337622,0.114738
data\dataset_cls\train\Non_fractured\IMG0003057.jpg,train,Non_fractured,0.018575,0.101973,0.5,0.5,0.495055,0.380894,0.390987,0.236639,0.165961
data\dataset_cls\train\Non_fractured\IMG0003058.jpg,train,Non_fractured,0.511834,0.255083,0.5,0.5,0.697776,0.316133,0.117345,0.159092,0.134298
data\dataset_cls\train\Non_fractured\IMG0003061.jpg,train,Non_fractured,0.465295,0.526442,0.361314,0.768301,0.555046,0.649464,0.12172,0.155897,0.094504
data\dataset_cls\train\Non_fractured\IMG0003062.jpg,train,Non_fractured,0.642934,0.62269,0.507122,0.928795,0.506059,0.56412,0.122761,0.22806,0.148385
data\dataset_cls\train\Non_fractured\IMG0003063.jpg,train,Non_fractured,0.444993,0.495623,0.091308,0.807084,0.451358,0.367057,0.130844,0.34547,0.225477
data\dataset_cls\train\Non_fractured\IMG0003064.jpg,train,Non_fractured,0.333715,0.238341,0.089227,0.207146,0.397811,0.483909,0.093391,0.21101,0.213885
data\dataset_cls\train\Non_fractured\IMG0003065.jpg,train,Non_fractured,0.441,0.561511,0.080118,0.196555,0.674689,0.65447,0.100089,0.420318,0.331575
data\dataset_cls\train\Non_fractured\IMG0003066.jpg,train,Non_fractured,0.285295,0.340227,0.527921,0.773717,0.509582,0.660613,0.295585,0.201899,0.0974
data\dataset_cls\train\Non_fractured\IMG0003067.jpg,train,Non_fractured,0.266541,0.52066,0.480711,0.856494,0.433974,0.526959,0.17084,0.238232,0.115012
data\dataset_cls\train\Non_fractured\IMG0003069.jpg,train,Non_fractured,0.059396,0.44244,0.5,0.5,0.546693,0.443154,0.30991,0.13673,0.178977
data\dataset_cls\train\Non_fractured\IMG0003072.jpg,train,Non_fractured,0.218623,0.198319,0.13977,0.198525,0.564672,0.295429,0.094789,0.170984,0.264996
data\dataset_cls\train\Non_fractured\IMG0003073.jpg,train,Non_fractured,0.289905,0.289905,0.597328,0.699841,0.173651,0.569483,0.238508,0.303026,0.186724
data\dataset_cls\train\Non_fractured\IMG0003074.jpg,train,Non_fractured,0.608116,0.440037,0.950688,0.163266,0.379608,0.267468,0.154531,0.329966,0.267502
data\dataset_cls\train\Non_fractured\IMG0003076.jpg,train,Non_fractured,0.174777,0.311702,0.0,0.668388,0.377762,0.528629,0.191435,0.247601,0.195284
data\dataset_cls\train\Non_fractured\IMG0003078.jpg,train,Non_fractured,0.499928,0.808902,0.511744,0.532627,0.205904,0.439594,0.234857,0.122239,0.252454
data\dataset_cls\train\Non_fractured\IMG0003079.jpg,train,Non_fractured,0.851916,0.292445,0.65184,0.75531,0.501304,0.40306,0.265023,0.272206,0.185454
data\dataset_cls\train\Non_fractured\IMG0003080.jpg,train,Non_fractured,0.085349,0.331543,0.060738,0.291392,0.281944,0.401778,0.058199,0.096083,0.151724
data\dataset_cls\train\Non_fractured\IMG0003081.jpg,train,Non_fractured,0.656929,0.675407,0.619695,0.851229,0.740366,0.53624,0.019659,0.171863,0.165971
data\dataset_cls\train\Non_fractured\IMG0003082.jpg,train,Non_fractured,0.787599,0.498898,0.021779,0.65874,0.592838,0.515427,0.325546,0.45694,0.132361
data\dataset_cls\train\Non_fractured\IMG0003083.jpg,train,Non_fractured,0.666929,0.342038,0.450705,0.839671,0.660493,0.472429,0.222109,0.321368,0.104057
data\dataset_cls\train\Non_fractured\IMG0003084.jpg,train,Non_fractured,0.549744,0.757352,1.0,0.371193,0.636198,0.58108,0.259141,0.336314,0.093126
data\dataset_cls\train\Non_fractured\IMG0003085.jpg,train,Non_fractured,0.417353,0.089281,0.485393,0.370479,0.494553,0.379259,0.196451,0.092903,0.103663
data\dataset_cls\train\Non_fractured\IMG0003086.jpg,train,Non_fractured,0.068235,0.328098,0.664314,0.653995,0.314555,0.339864,0.302518,0.380679,0.106523
data\dataset_cls\train\Non_fractured\IMG0003087.jpg,train,Non_fractured,0.325536,0.0,1.0,0.108538,0.769111,0.297794,0.396529,0.302981,0.177154
data\dataset_cls\train\Non_fractured\IMG0003089.jpg,train,Non_fractured,0.775183,0.565287,0.494343,0.940974,0.535639,0.411682,0.188597,0.320201,0.23703
data\dataset_cls\train\Non_fractured\IMG0003090.jpg,train,Non_fractured,0.391161,0.42818,0.447536,0.721015,0.495548,0.384255,0.09877,0.209883,0.136686
data\dataset_cls\train\Non_fractured\IMG0003091.jpg,train,Non_fractured,0.939589,0.779629,0.04933,0.590551,0.404282,0.733033,0.481639,0.429533,0.068087
data\dataset_cls\train\Non_fractured\IMG0003092.jpg,train,Non_fractured,0.431541,1.0,0.113907,0.648552,0.515057,0.567795,0.272626,0.256021,0.235238
data\dataset_cls\train\Non_fractured\IMG0003095.jpg,train,Non_fractured,0.41444,0.391501,0.0,0.846802,0.597713,0.456772,0.189863,0.439575,0.281939
data\dataset_cls\train\Non_fractured\IMG0003096.jpg,train,Non_fractured,0.537198,0.507771,0.138973,0.26432,0.425144,0.633557,0.174557,0.306193,0.174917
data\dataset_cls\train\Non_fractured\IMG0003097.jpg,train,Non_fractured,0.634642,0.631791,0.3984,0.907807,0.513864,0.49971,0.128314,0.256408,0.180068
data\dataset_cls\train\Non_fractured\IMG0003098.jpg,train,Non_fractured,0.656409,0.667542,0.523645,0.840975,0.696685,0.454771,0.033502,0.21258,0.211942
data\dataset_cls\train\Non_fractured\IMG0003099.jpg,train,Non_fractured,0.574564,0.526416,0.098485,0.668569,0.552231,0.456379,0.167867,0.331685,0.171843
data\dataset_cls\train\Non_fractured\IMG0003100.jpg,train,Non_fractured,0.395735,0.279607,1.0,0.576725,0.517006,0.583559,0.314057,0.375114,0.158966
data\dataset_cls\train\Non_fractured\IMG0003103.jpg,train,Non_fractured,0.843514,0.479314,0.566231,0.930958,0.526971,0.534528,0.260242,0.293614,0.164324
data\dataset_cls\train\Non_fractured\IMG0003105.jpg,train,Non_fractured,0.437366,0.74129,0.810067,0.611114,0.458514,0.316929,0.226722,0.24753,0.263623
data\dataset_cls\train\Non_fractured\IMG0003106.jpg,train,Non_fractured,0.815127,0.853786,0.635545,0.933075,0.622284,0.621767,0.134175,0.141511,0.193701
data\dataset_cls\train\Non_fractured\IMG0003108.jpg,train,Non_fractured,0.280323,0.536103,0.311579,0.534382,0.667327,0.536131,0.139422,0.10817,0.247585
data\dataset_cls\train\Non_fractured\IMG0003109.jpg,train,Non_fractured,0.483602,0.412792,0.06809,0.504116,0.448061,0.352187,0.150699,0.277282,0.134909
data\dataset_cls\train\Non_fractured\IMG0003110.jpg,train,Non_fractured,0.604932,0.367471,0.586938,0.695111,0.693521,0.404745,0.123893,0.210146,0.106536
data\dataset_cls\train\Non_fractured\IMG0003113.jpg,train,Non_fractured,0.382537,0.405546,0.5,0.5,0.54049,0.409488,0.097489,0.066781,0.072168
data\dataset_cls\train\Non_fractured\IMG0003114.jpg,train,Non_fractured,0.473106,0.357297,0.444071,0.737891,0.397673,0.451348,0.162002,0.222454,0.075936
data\dataset_cls\train\Non_fractured\IMG0003116.jpg,train,Non_fractured,0.5,0.5,0.0,0.833333,0.580785,0.53598,0.18623,0.417115,0.23711
data\dataset_cls\train\Non_fractured\IMG0003118.jpg,train,Non_fractured,0.588216,0.544738,0.548934,0.586569,0.590789,0.460636,0.018662,0.062118,0.071561
data\dataset_cls\train\Non_fractured\IMG0003119.jpg,train,Non_fractured,0.483996,0.353736,0.982329,0.270165,0.674271,0.309562,0.233452,0.271904,0.039294
data\dataset_cls\train\Non_fractured\IMG0003120.jpg,train,Non_fractured,0.211317,0.319896,0.263195,0.912028,0.631171,0.540486,0.313235,0.338064,0.267387
data\dataset_cls\train\Non_fractured\IMG0003122.jpg,train,Non_fractured,0.851256,0.653313,0.322341,0.434463,0.769595,0.491738,0.239798,0.338157,0.126726
data\dataset_cls\train\Non_fractured\IMG0003123.jpg,train,Non_fractured,0.42739,0.034228,1.0,0.166667,0.495217,0.297901,0.251012,0.359131,0.196322
data\dataset_cls\train\Non_fractured\IMG0003124.jpg,train,Non_fractured,0.325364,0.630405,0.427252,0.937951,0.548644,0.420819,0.113201,0.27497,0.268104
data\dataset_cls\train\Non_fractured\IMG0003125.jpg,train,Non_fractured,0.387011,0.735949,0.124641,0.161488,0.319964,0.337738,0.342313,0.293077,0.085454
data\dataset_cls\train\Non_fractured\IMG0003127.jpg,train,Non_fractured,0.424024,0.449207,0.5,0.5,0.586748,0.46684,0.082771,0.028214,0.083318
data\dataset_cls\train\Non_fractured\IMG0003128.jpg,train,Non_fractured,0.902676,0.799858,0.481224,0.87387,0.325288,0.561618,0.337417,0.15624,0.305651
data\dataset_cls\train\Non_fractured\IMG0003129.jpg,train,Non_fractured,0.721937,0.372269,0.150977,0.833333,0.643895,0.524028,0.297537,0.437836,0.147927
data\dataset_cls\train\Non_fractured\IMG0003133.jpg,train,Non_fractured,0.787244,0.489215,0.324078,0.919876,0.410658,0.376423,0.2993,0.372844,0.239156
data\dataset_cls\train\Non_fractured\IMG0003134.jpg,train,Non_fractured,0.53155,0.412496,0.391327,0.127007,0.358776,0.255809,0.180581,0.142685,0.06907
data\dataset_cls\train\Non_fractured\IMG0003135.jpg,train,Non_fractured,0.842227,0.530116,0.562092,0.885623,0.671826,0.275785,0.153919,0.347034,0.288765
data\dataset_cls\train\Non_fractured\IMG0003136.jpg,train,Non_fractured,0.46747,0.702572,0.790491,0.890947,0.548745,0.382647,0.14172,0.298946,0.281209
data\dataset_cls\train\Non_fractured\IMG0003137.jpg,train,Non_fractured,0.373733,0.464789,0.5,0.5,0.791652,0.477806,0.182106,0.058355,0.236544
data\dataset_cls\train\Non_fractured\IMG0003139.jpg,train,Non_fractured,0.074153,0.412962,0.171644,0.505967,0.524352,0.489091,0.19107,0.092622,0.268364
data\dataset_cls\train\Non_fractured\IMG0003140.jpg,train,Non_fractured,0.361371,0.476152,1.0,0.5,0.471803,0.571241,0.252815,0.389263,0.149886
data\dataset_cls\train\Non_fractured\IMG0003141.jpg,train,Non_fractured,0.587652,0.550758,0.0,0.321369,0.278144,0.387564,0.326432,0.304954,0.033981
data\dataset_cls\train\Non_fractured\IMG0003142.jpg,train,Non_fractured,0.201284,0.0,0.18096,0.047634,0.347787,0.586683,0.215582,0.175282,0.389508
data\dataset_cls\train\Non_fractured\IMG0003143.jpg,train,Non_fractured,0.403221,0.735428,0.16496,0.621531,0.486735,0.581864,0.103,0.188312,0.149665
data\dataset_cls\train\Non_fractured\IMG0003145.jpg,train,Non_fractured,0.64246,0.464599,0.866281,0.543141,0.681725,0.30609,0.091657,0.172037,0.140466
data\dataset_cls\train\Non_fractured\IMG0003148.jpg,train,Non_fractured,0.321502,0.616887,0.009117,0.944738,0.295039,0.483628,0.130249,0.330055,0.216177
data\dataset_cls\train\Non_fractured\IMG0003150.jpg,train,Non_fractured,0.666306,0.399289,0.348133,0.475059,0.492799,0.326937,0.163897,0.171382,0.074117
data\dataset_cls\train\Non_fractured\IMG0003151.jpg,train,Non_fractured,0.256614,0.740038,0.024523,0.981735,0.284188,0.577843,0.073142,0.270516,0.211597
data\dataset_cls\train\Non_fractured\IMG0003152.jpg,train,Non_fractured,0.757776,0.299365,0.497457,0.718686,0.472141,0.618021,0.305992,0.190208,0.126584
data\dataset_cls\train\Non_fractured\IMG0003154.jpg,train,Non_fractured,0.542873,0.409231,0.0,0.333333,0.487651,0.417935,0.200619,0.347649,0.14746
data\dataset_cls\train\Non_fractured\IMG0003155.jpg,train,Non_fractured,0.715282,0.069578,0.098257,0.94836,0.426437,0.331425,0.485528,0.589782,0.119087
data\dataset_cls\train\Non_fractured\IMG0003156.jpg,train,Non_fractured,0.168783,0.0,0.5,0.5,0.385649,0.641852,0.422193,0.190555,0.26346
data\dataset_cls\train\Non_fractured\IMG0003158.jpg,train,Non_fractured,0.173005,0.359497,0.0,0.759601,0.323558,0.442082,0.16107,0.290891,0.176376
data\dataset_cls\train\Non_fractured\IMG0003160.jpg,train,Non_fractured,0.36349,0.316753,0.027421,0.315195,0.559337,0.477521,0.070719,0.294441,0.26542
data\dataset_cls\train\Non_fractured\IMG0003161.jpg,train,Non_fractured,0.756705,0.141088,0.821652,0.727734,0.579688,0.517115,0.323058,0.284766,0.15015
data\dataset_cls\train\Non_fractured\IMG0003162.jpg,train,Non_fractured,0.280903,0.44456,0.76135,0.413485,0.430228,0.352819,0.213878,0.270703,0.079077
data\dataset_cls\train\Non_fractured\IMG0003163.jpg,train,Non_fractured,0.649044,0.717144,0.5,0.5,0.580803,0.465559,0.172215,0.097872,0.095434
data\dataset_cls\train\Non_fractured\IMG0003167.jpg,train,Non_fractured,0.422158,0.226462,0.5,0.5,0.341309,0.228265,0.091786,0.198122,0.120297
data\dataset_cls\train\Non_fractured\IMG0003168.jpg,train,Non_fractured,0.319306,0.116146,0.181371,0.149582,0.550115,0.433297,0.120894,0.188374,0.282942
data\dataset_cls\train\Non_fractured\IMG0003169.jpg,train,Non_fractured,0.336508,0.339584,0.0,0.980717,0.443555,0.315675,0.219499,0.507126,0.293979
data\dataset_cls\train\Non_fractured\IMG0003170.jpg,train,Non_fractured,0.313241,0.213345,0.124736,0.092761,0.41807,0.435516,0.04387,0.222823,0.23038
data\dataset_cls\train\Non_fractured\IMG0003173.jpg,train,Non_fractured,0.658484,0.676673,0.986047,0.53495,0.592771,0.338882,0.182117,0.240961,0.234681
data\dataset_cls\train\Non_fractured\IMG0003174.jpg,train,Non_fractured,0.643184,0.835609,0.5,0.5,0.599262,0.496502,0.233393,0.137064,0.115682
data\dataset_cls\train\Non_fractured\IMG0003175.jpg,train,Non_fractured,0.414345,0.0,0.5,0.5,0.341367,0.51658,0.338886,0.180546,0.193765
data\dataset_cls\train\Non_fractured\IMG0003177.jpg,train,Non_fractured,0.318711,0.904747,0.97024,0.818892,0.263292,0.437242,0.27112,0.463436,0.38039
data\dataset_cls\train\Non_fractured\IMG0003178.jpg,train,Non_fractured,0.257278,0.467139,0.006289,0.863326,0.581475,0.439811,0.125351,0.38794,0.335352
data\dataset_cls\train\Non_fractured\IMG0003179.jpg,train,Non_fractured,0.0,1.0,0.5,0.5,0.566037,0.393665,0.512121,0.195305,0.317528
data\dataset_cls\train\Non_fractured\IMG0003180.jpg,train,Non_fractured,0.27507,0.171806,0.5,0.5,0.258383,0.349836,0.182461,0.222734,0.086601
data\dataset_cls\train\Non_fractured\IMG0003186.jpg,train,Non_fractured,0.386863,0.239018,0.0,0.219328,0.246821,0.480245,0.190528,0.231011,0.171124
data\dataset_cls\train\Non_fractured\IMG0003188.jpg,train,Non_fractured,0.275292,0.347835,0.344175,0.468764,0.46272,0.545538,0.136309,0.022151,0.137015
data\dataset_cls\train\Non_fractured\IMG0003189.jpg,train,Non_fractured,0.726028,0.410911,0.724824,0.43696,0.680171,0.409339,0.017682,0.023018,0.031701
data\dataset_cls\train\Non_fractured\IMG0003191.jpg,train,Non_fractured,0.144162,0.486818,0.749204,0.7711,0.542226,0.569878,0.356084,0.315364,0.07489
data\dataset_cls\train\Non_fractured\IMG0003192.jpg,train,Non_fractured,0.870585,0.44588,0.577702,0.046736,0.357974,0.222154,0.339409,0.193067,0.244643
data\dataset_cls\train\Non_fractured\IMG0003193.jpg,train,Non_fractured,0.151744,0.426598,0.0,0.208551,0.485604,0.529723,0.071781,0.278283,0.307598
data\dataset_cls\train\Non_fractured\IMG0003194.jpg,train,Non_fractured,0.708257,0.411931,0.899424,0.79064,0.666974,0.401539,0.132549,0.292306,0.161426
data\dataset_cls\train\Non_fractured\IMG0003195.jpg,train,Non_fractured,0.373161,0.422563,0.777126,0.667652,0.609228,0.477716,0.235652,0.239507,0.050347
data\dataset_cls\train\Non_fractured\IMG0003197.jpg,train,Non_fractured,0.300207,0.604358,0.850049,0.273477,0.571884,0.463696,0.315743,0.326112,0.01666
data\dataset_cls\train\Non_fractured\IMG0003202.jpg,train,Non_fractured,0.921015,0.375597,0.137659,0.48455,0.329965,0.374724,0.45955,0.333297,0.137942
data\dataset_cls\train\Non_fractured\IMG0003203.jpg,train,Non_fractured,0.653697,0.345576,0.589826,0.921525,0.623669,0.535389,0.257166,0.322345,0.065453
data\dataset_cls\train\Non_fractured\IMG0003204.jpg,train,Non_fractured,0.190219,0.311782,0.526496,0.604308,0.549342,0.361223,0.258312,0.206859,0.14275
data\dataset_cls\train\Non_fractured\IMG0003205.jpg,train,Non_fractured,0.616494,0.63982,0.830359,0.506323,0.524936,0.37537,0.138773,0.173098,0.186767
data\dataset_cls\train\Non_fractured\IMG0003206.jpg,train,Non_fractured,0.117395,0.769226,0.126529,0.476137,0.556454,0.624246,0.208908,0.20323,0.289663
data\dataset_cls\train\Non_fractured\IMG0003208.jpg,train,Non_fractured,0.164589,0.189873,0.721794,0.883081,0.501636,0.444031,0.434254,0.457809,0.072914
data\dataset_cls\train\Non_fractured\IMG0003210.jpg,train,Non_fractured,0.187281,0.337664,0.624614,0.534945,0.416105,0.363057,0.23413,0.247969,0.049299
data\dataset_cls\train\Non_fractured\IMG0003212.jpg,train,Non_fractured,0.460429,0.508977,0.478569,0.807277,0.663248,0.476643,0.115259,0.21687,0.176981
data\dataset_cls\train\Non_fractured\IMG0003215.jpg,train,Non_fractured,0.195978,0.38557,1.0,0.497192,0.387707,0.426752,0.335802,0.475989,0.140527
data\dataset_cls\train\Non_fractured\IMG0003216.jpg,train,Non_fractured,0.501446,0.611172,0.754439,0.094266,0.456847,0.359473,0.265452,0.318825,0.114153
data\dataset_cls\train\Non_fractured\IMG0003222.jpg,train,Non_fractured,0.348872,0.307047,0.0,0.927134,0.29353,0.395352,0.271868,0.439631,0.167798
data\dataset_cls\train\Non_fractured\IMG0003224.jpg,train,Non_fractured,0.832487,0.615569,1.0,0.238854,0.698437,0.251761,0.247093,0.203262,0.186456
data\dataset_cls\train\Non_fractured\IMG0003225.jpg,train,Non_fractured,0.533147,0.941933,0.0,1.0,0.275123,0.309436,0.325904,0.367234,0.441057
data\dataset_cls\train\Non_fractured\IMG0003226.jpg,train,Non_fractured,0.522769,0.756668,0.581948,0.648463,0.36696,0.48434,0.13087,0.093271,0.190899
data\dataset_cls\train\Non_fractured\IMG0003227.jpg,train,Non_fractured,0.570606,0.609835,0.532381,0.501662,0.316655,0.531818,0.115486,0.075012,0.15737
data\dataset_cls\train\Non_fractured\IMG0003228.jpg,train,Non_fractured,0.713545,0.641941,0.5,0.5,0.292528,0.388903,0.249149,0.010479,0.242119
data\dataset_cls\train\Non_fractured\IMG0003230.jpg,train,Non_fractured,0.614308,0.913965,0.370014,0.166993,0.346922,0.436985,0.442201,0.346914,0.118893
data\dataset_cls\train\Non_fractured\IMG0003231.jpg,train,Non_fractured,0.184528,0.586031,0.741966,0.413958,0.543413,0.486616,0.318565,0.264872,0.054184
data\dataset_cls\train\Non_fractured\IMG0003232.jpg,train,Non_fractured,0.287861,0.323206,0.652167,0.087118,0.479735,0.303302,0.204089,0.233961,0.065747
data\dataset_cls\train\Non_fractured\IMG0003235.jpg,train,Non_fractured,0.557664,0.782133,0.490932,0.412363,0.654311,0.260189,0.297405,0.105567,0.240843
data\dataset_cls\train\Non_fractured\IMG0003236.jpg,train,Non_fractured,0.433488,0.93979,0.5,0.5,0.684825,0.270726,0.384503,0.080495,0.332875
data\dataset_cls\train\Non_fractured\IMG0003237.jpg,train,Non_fractured,0.403465,0.701202,1.0,1.0,0.277862,0.31944,0.159395,0.547524,0.453038
data\dataset_cls\train\Non_fractured\IMG0003238.jpg,train,Non_fractured,0.831097,0.706186,0.436644,0.736241,0.483631,0.514964,0.253074,0.169324,0.170112
data\dataset_cls\train\Non_fractured\IMG0003239.jpg,train,Non_fractured,1.0,1.0,0.032488,0.805071,0.611289,0.773322,0.473415,0.518299,0.106936
data\dataset_cls\train\Non_fractured\IMG0003240.jpg,train,Non_fractured,0.095108,0.352999,0.17434,0.798613,0.639505,0.45513,0.276674,0.292806,0.346003
data\dataset_cls\train\Non_fractured\IMG0003242.jpg,train,Non_fractured,0.540565,0.706298,0.772653,0.232167,0.53498,0.309304,0.30003,0.241424,0.133949
data\dataset_cls\train\Non_fractured\IMG0003243.jpg,train,Non_fractured,0.690657,0.745084,0.5,0.5,0.178352,0.337249,0.319802,0.051572,0.336822
data\dataset_cls\train\Non_fractured\IMG0003245.jpg,train,Non_fractured,0.075723,0.249589,0.332416,0.677516,0.539008,0.42351,0.312799,0.227924,0.224883
data\dataset_cls\train\Non_fractured\IMG0003246.jpg,train,Non_fractured,0.10124,0.291717,0.398673,0.921201,0.481679,0.419155,0.338697,0.383889,0.198638
data\dataset_cls\train\Non_fractured\IMG0003247.jpg,train,Non_fractured,0.18749,0.540496,0.915726,0.664201,0.433253,0.349145,0.325448,0.429253,0.186333
data\dataset_cls\train\Non_fractured\IMG0003248.jpg,train,Non_fractured,0.485384,0.794478,0.913351,0.228126,0.567891,0.401576,0.362208,0.356759,0.114165
data\dataset_cls\train\Non_fractured\IMG0003249.jpg,train,Non_fractured,0.132924,0.267806,0.416866,0.238915,0.22091,0.174495,0.130496,0.160404,0.063715
data\dataset_cls\train\Non_fractured\IMG0003250.jpg,train,Non_fractured,0.606176,0.855857,0.565906,0.006017,0.604495,0.145367,0.520297,0.330776,0.190777
data\dataset_cls\train\Non_fractured\IMG0003251.jpg,train,Non_fractured,0.030235,0.41621,0.0,0.337742,0.320453,0.436321,0.088817,0.130949,0.207366
data\dataset_cls\train\Non_fractured\IMG0003253.jpg,train,Non_fractured,0.627182,0.657786,0.974448,0.418306,0.359825,0.165363,0.245417,0.320661,0.384918
data\dataset_cls\train\Non_fractured\IMG0003256.jpg,train,Non_fractured,0.894642,0.070238,0.304874,0.944673,0.38487,0.699558,0.620955,0.434866,0.192158
data\dataset_cls\train\Non_fractured\IMG0003257.jpg,train,Non_fractured,0.607313,0.537243,0.5,0.5,0.398661,0.399467,0.1204,0.02119,0.130335
data\dataset_cls\train\Non_fractured\IMG0003258.jpg,train,Non_fractured,0.563901,0.500734,0.5,0.5,0.718513,0.391484,0.047522,0.100761,0.144008
data\dataset_cls\train\Non_fractured\IMG0003259.jpg,train,Non_fractured,0.267544,0.344295,0.933713,0.803337,0.664367,0.318632,0.382647,0.44295,0.175349
data\dataset_cls\train\Non_fractured\IMG0003260.jpg,train,Non_fractured,0.589405,0.234126,0.318175,0.818175,0.481713,0.360243,0.268311,0.376349,0.11216
data\dataset_cls\train\Non_fractured\IMG0003262.jpg,train,Non_fractured,0.364522,0.581521,0.933769,0.272838,0.475552,0.485538,0.263846,0.384061,0.122094
data\dataset_cls\train\Non_fractured\IMG0003263.jpg,train,Non_fractured,0.139252,0.642571,0.122151,0.351161,0.477914,0.520802,0.174521,0.197651,0.232024
data\dataset_cls\train\Non_fractured\IMG0003268.jpg,train,Non_fractured,0.251416,0.387703,0.996328,0.189548,0.354227,0.523831,0.28333,0.495232,0.238541
data\dataset_cls\train\Non_fractured\IMG0003269.jpg,train,Non_fractured,0.485784,0.0,0.057685,0.064662,0.464645,0.389361,0.212903,0.291536,0.270543
data\dataset_cls\train\Non_fractured\IMG0003270.jpg,train,Non_fractured,0.642966,0.4485,1.0,0.121729,0.805084,0.298553,0.234942,0.249055,0.014135
data\dataset_cls\train\Non_fractured\IMG0003271.jpg,train,Non_fractured,0.765334,0.546233,1.0,0.5,0.762837,0.375016,0.106033,0.159452,0.127005
data\dataset_cls\train\Non_fractured\IMG0003272.jpg,train,Non_fractured,0.565872,0.456736,0.887204,0.367841,0.512782,0.358971,0.108932,0.233447,0.14687
data\dataset_cls\train\Non_fractured\IMG0003273.jpg,train,Non_fractured,0.501515,0.175823,0.857427,0.559298,0.452397,0.472376,0.248676,0.298199,0.166732
data\dataset_cls\train\Non_fractured\IMG0003274.jpg,train,Non_fractured,0.661244,0.234054,0.0,0.461451,0.371291,0.284213,0.330288,0.369663,0.050294
data\dataset_cls\train\Non_fractured\IMG0003276.jpg,train,Non_fractured,0.654826,0.226872,0.5,0.5,0.656415,0.387545,0.153357,0.165175,0.055066
data\dataset_cls\train\Non_fractured\IMG0003277.jpg,train,Non_fractured,0.709565,0.331022,0.174771,0.384066,0.401632,0.449951,0.286698,0.253921,0.067271
data\dataset_cls\train\Non_fractured\IMG0003278.jpg,train,Non_fractured,0.623649,0.637732,0.491308,0.794487,0.640803,0.571178,0.048768,0.15772,0.111451
data\dataset_cls\train\Non_fractured\IMG0003281.jpg,train,Non_fractured,0.900898,0.46276,1.0,0.166667,0.66368,0.288866,0.163287,0.201263,0.191955
data\dataset_cls\train\Non_fractured\IMG0003283.jpg,train,Non_fractured,0.811885,0.325768,0.999083,0.451427,0.443775,0.618306,0.151884,0.247883,0.343797
data\dataset_cls\train\Non_fractured\IMG0003285.jpg,train,Non_fractured,0.661954,0.495904,0.766556,0.29787,0.720746,0.393043,0.114132,0.109845,0.005029
data\dataset_cls\train\Non_fractured\IMG0003286.jpg,train,Non_fractured,0.206047,0.149361,0.5,0.5,0.642724,0.500256,0.337634,0.127209,0.225835
data\dataset_cls\train\Non_fractured\IMG0003290.jpg,train,Non_fractured,0.834573,0.830963,0.404332,0.688932,0.362953,0.678735,0.316217,0.136867,0.179366
data\dataset_cls\train\Non_fractured\IMG0003292.jpg,train,Non_fractured,0.535245,0.431462,1.0,0.0896,0.756317,0.30214,0.277363,0.299861,0.028745
data\dataset_cls\train\Non_fractured\IMG0003296.jpg,train,Non_fractured,0.687673,0.346004,1.0,0.380932,0.55037,0.343919,0.05936,0.255115,0.196078
data\dataset_cls\train\Non_fractured\IMG0003299.jpg,train,Non_fractured,0.549652,0.337275,0.0,0.5,0.39655,0.339287,0.240602,0.333318,0.096869
data\dataset_cls\train\Non_fractured\IMG0003302.jpg,train,Non_fractured,0.870567,0.49382,0.322366,0.112061,0.42549,0.318832,0.379557,0.292611,0.114476
data\dataset_cls\train\Non_fractured\IMG0003303.jpg,train,Non_fractured,0.905353,0.274671,0.5,0.5,0.659475,0.101556,0.217774,0.2805,0.192684
data\dataset_cls\train\Non_fractured\IMG0003304.jpg,train,Non_fractured,0.16477,0.32477,1.0,0.5,0.545601,0.548405,0.426601,0.43195,0.093937
data\dataset_cls\train\Non_fractured\IMG0003305.jpg,train,Non_fractured,0.526865,0.348387,0.5,0.5,0.359574,0.30387,0.073911,0.121939,0.130214
data\dataset_cls\train\Non_fractured\IMG0003307.jpg,train,Non_fractured,0.438697,0.781815,0.958448,0.89564,0.290629,0.481021,0.138687,0.433279,0.361707
data\dataset_cls\train\Non_fractured\IMG0003314.jpg,train,Non_fractured,0.817363,0.409724,0.0,0.548227,0.609062,0.333013,0.342508,0.489876,0.165271
data\dataset_cls\train\Non_fractured\IMG0003315.jpg,train,Non_fractured,0.86845,0.551881,0.5,0.5,0.334965,0.447609,0.305117,0.067805,0.238624
data\dataset_cls\train\Non_fractured\IMG0003316.jpg,train,Non_fractured,0.723777,0.419219,0.439083,0.824448,0.73503,0.383289,0.153171,0.342136,0.189146
data\dataset_cls\train\Non_fractured\IMG0003317.jpg,train,Non_fractured,0.612588,0.416098,0.481944,0.858723,0.539454,0.453048,0.173691,0.289638,0.123018
data\dataset_cls\train\Non_fractured\IMG0003320.jpg,train,Non_fractured,0.867818,0.516151,0.226799,0.43929,0.483437,0.432031,0.345986,0.300117,0.052354
data\dataset_cls\train\Non_fractured\IMG0003321.jpg,train,Non_fractured,0.43795,0.826641,0.853445,0.199136,0.616683,0.472845,0.382398,0.370829,0.032967
data\dataset_cls\train\Non_fractured\IMG0003324.jpg,train,Non_fractured,0.5,0.5,1.0,0.0,0.337986,0.11332,0.316304,0.43798,0.289396
data\dataset_cls\train\Non_fractured\IMG0003325.jpg,train,Non_fractured,0.577276,0.296303,0.642989,0.788595,0.461389,0.614482,0.270674,0.236939,0.110178
data\dataset_cls\train\Non_fractured\IMG0003326.jpg,train,Non_fractured,0.300146,0.448929,0.5,0.5,0.421146,0.282151,0.113694,0.129098,0.128977
data\dataset_cls\train\Non_fractured\IMG0003327.jpg,train,Non_fractured,0.539275,0.432475,0.696638,0.2489,0.740223,0.427475,0.134968,0.126534,0.099958
data\dataset_cls\train\Non_fractured\IMG0003329.jpg,train,Non_fractured,0.645298,0.287805,0.0,0.5,0.712254,0.349357,0.213286,0.468401,0.261429
data\dataset_cls\train\Non_fractured\IMG0003330.jpg,train,Non_fractured,0.705566,0.326593,0.5,0.5,0.778193,0.349601,0.079058,0.194043,0.124412
data\dataset_cls\train\Non_fractured\IMG0003334.jpg,train,Non_fractured,0.432749,0.341421,0.398252,0.066512,0.603951,0.300124,0.114831,0.187465,0.141043
data\dataset_cls\train\Non_fractured\IMG0003335.jpg,train,Non_fractured,0.501519,0.800111,0.656616,0.273756,0.615558,0.264591,0.36515,0.184379,0.183184
data\dataset_cls\train\Non_fractured\IMG0003336.jpg,train,Non_fractured,0.570104,0.604169,0.648251,0.124594,0.550757,0.335422,0.25021,0.237465,0.04347
data\dataset_cls\train\Non_fractured\IMG0003337.jpg,train,Non_fractured,0.074612,0.16038,0.5,0.5,0.645606,0.427226,0.388813,0.166115,0.247471
data\dataset_cls\train\Non_fractured\IMG0003340.jpg,train,Non_fractured,0.477074,0.525153,1.0,0.820394,0.458939,0.593381,0.207344,0.395083,0.193767
data\dataset_cls\train\Non_fractured\IMG0003344.jpg,train,Non_fractured,0.211839,0.792033,0.9091,0.275408,0.538423,0.326567,0.472906,0.403164,0.138882
data\dataset_cls\train\Non_fractured\IMG0003347.jpg,train,Non_fractured,0.245213,0.351669,0.5,0.5,0.461852,0.265193,0.158489,0.160764,0.122511
data\dataset_cls\train\Non_fractured\IMG0003348.jpg,train,Non_fractured,0.805409,0.583223,0.435326,0.758239,0.396238,0.44046,0.259973,0.197879,0.214226
data\dataset_cls\train\Non_fractured\IMG0003350.jpg,train,Non_fractured,0.738663,0.351206,0.5,0.5,0.756323,0.41465,0.102137,0.182524,0.091619
data\dataset_cls\train\Non_fractured\IMG0003351.jpg,train,Non_fractured,0.289382,0.444654,1.0,0.077068,0.747514,0.321464,0.422537,0.380364,0.079569
data\dataset_cls\train\Non_fractured\IMG0003352.jpg,train,Non_fractured,0.086657,0.119479,1.0,0.907328,0.4628,0.389475,0.555959,0.65055,0.098529
data\dataset_cls\train\Non_fractured\IMG0003353.jpg,train,Non_fractured,0.268875,0.396964,0.0,0.794318,0.628598,0.297769,0.103897,0.422232,0.384663
data\dataset_cls\train\Non_fractured\IMG0003354.jpg,train,Non_fractured,0.336469,0.526772,0.965951,0.317481,0.543546,0.367101,0.30477,0.361094,0.080607
data\dataset_cls\train\Non_fractured\IMG0003355.jpg,train,Non_fractured,0.359344,0.271571,0.81694,0.024699,0.60177,0.399894,0.236663,0.305429,0.168085
data\dataset_cls\train\Non_fractured\IMG0003356.jpg,train,Non_fractured,0.488823,0.690526,0.436327,0.408685,0.60333,0.344657,0.210255,0.103076,0.165752
data\dataset_cls\train\Non_fractured\IMG0003358.jpg,train,Non_fractured,0.452186,0.409324,0.5,0.5,0.690272,0.391477,0.098343,0.081632,0.148869
data\dataset_cls\train\Non_fractured\IMG0003359.jpg,train,Non_fractured,0.738078,0.40867,1.0,0.076408,0.80638,0.414899,0.154684,0.270273,0.122264
data\dataset_cls\train\Non_fractured\IMG0003360.jpg,train,Non_fractured,0.453142,0.564608,0.847664,0.293137,0.511408,0.45558,0.197145,0.283298,0.094358
data\dataset_cls\train\Non_fractured\IMG0003362.jpg,train,Non_fractured,0.54082,0.483167,0.735321,0.761429,0.512631,0.588645,0.13941,0.204801,0.086584
data\dataset_cls\train\Non_fractured\IMG0003363.jpg,train,Non_fractured,0.395608,0.575598,0.024478,0.683331,0.286341,0.425134,0.160765,0.243718,0.145407
data\dataset_cls\train\Non_fractured\IMG0003364.jpg,train,Non_fractured,0.195122,0.264267,0.5,0.5,0.646524,0.36618,0.276077,0.134017,0.199592
data\dataset_cls\train\Non_fractured\IMG0003365.jpg,train,Non_fractured,0.577457,0.716558,0.905695,0.517662,0.367432,0.473563,0.152477,0.293406,0.267157
data\dataset_cls\train\Non_fractured\IMG0003367.jpg,train,Non_fractured,0.656196,0.666027,0.821988,0.451307,0.533231,0.410157,0.157512,0.162187,0.169226
data\dataset_cls\train\Non_fractured\IMG0003368.jpg,train,Non_fractured,0.256512,0.272234,0.459478,0.025213,0.641216,0.476766,0.196401,0.232965,0.288926
data\dataset_cls\train\Non_fractured\IMG0003370.jpg,train,Non_fractured,0.634346,0.62462,0.68585,0.057392,0.482348,0.215334,0.327224,0.256233,0.145126
data\dataset_cls\train\Non_fractured\IMG0003375.jpg,train,Non_fractured,0.548489,0.26053,0.44559,0.404949,0.611868,0.336239,0.074549,0.114445,0.076588
data\dataset_cls\train\Non_fractured\IMG0003376.jpg,train,Non_fractured,0.757602,0.37931,0.520415,0.670661,0.733087,0.344259,0.122101,0.254731,0.135831
data\dataset_cls\train\Non_fractured\IMG0003377.jpg,train,Non_fractured,0.543014,0.518762,1.0,0.005148,0.669436,0.490666,0.265375,0.424068,0.166969
data\dataset_cls\train\Non_fractured\IMG0003378.jpg,train,Non_fractured,0.154673,0.423713,0.700038,0.59755,0.501075,0.55024,0.313664,0.258828,0.055791
data\dataset_cls\train\Non_fractured\IMG0003380.jpg,train,Non_fractured,0.269493,0.26127,0.971914,0.207923,0.565612,0.557022,0.342514,0.393168,0.218065
data\dataset_cls\train\Non_fractured\IMG0003384.jpg,train,Non_fractured,0.37149,0.744927,0.0,0.925891,0.435591,0.396699,0.11665,0.358345,0.336577
data\dataset_cls\train\Non_fractured\IMG0003385.jpg,train,Non_fractured,0.666263,0.849612,0.840405,0.579797,0.232242,0.404117,0.253685,0.262649,0.404421
data\dataset_cls\train\Non_fractured\IMG0003386.jpg,train,Non_fractured,0.646068,0.673831,0.602457,0.654654,0.594886,0.391812,0.105253,0.082105,0.182673
data\dataset_cls\train\Non_fractured\IMG0003387.jpg,train,Non_fractured,0.758659,0.724432,0.278393,0.498142,0.363837,0.587494,0.315826,0.215937,0.104338
data\dataset_cls\train\Non_fractured\IMG0003388.jpg,train,Non_fractured,0.91513,0.424153,0.359376,0.592594,0.871877,0.363045,0.202849,0.379995,0.183992
data\dataset_cls\train\Non_fractured\IMG0003390.jpg,train,Non_fractured,0.510885,0.65708,0.476222,0.92115,0.804578,0.355659,0.087236,0.301838,0.355666
data\dataset_cls\train\Non_fractured\IMG0003391.jpg,train,Non_fractured,0.258741,0.335905,0.615532,0.933213,0.462473,0.325851,0.270607,0.43604,0.206497
data\dataset_cls\train\Non_fractured\IMG0003392.jpg,train,Non_fractured,0.283304,0.312683,0.0,0.487161,0.328624,0.461807,0.133897,0.214577,0.131298
data\dataset_cls\train\Non_fractured\IMG0003393.jpg,train,Non_fractured,0.571139,0.326829,0.5,0.5,0.549815,0.416802,0.092972,0.09449,0.009762
data\dataset_cls\train\Non_fractured\IMG0003400.jpg,train,Non_fractured,0.776322,0.691559,0.596022,0.925923,0.677401,0.584661,0.102313,0.210772,0.149501
data\dataset_cls\train\Non_fractured\IMG0003401.jpg,train,Non_fractured,0.498274,0.716076,0.587715,0.637371,0.508648,0.400759,0.13549,0.076977,0.185396
data\dataset_cls\train\Non_fractured\IMG0003403.jpg,train,Non_fractured,0.455865,0.902107,0.5,0.5,0.688115,0.441399,0.302,0.124153,0.222707
data\dataset_cls\train\Non_fractured\IMG0003404.jpg,train,Non_fractured,0.60702,0.358179,0.608475,0.354971,0.507916,0.414619,0.037072,0.039941,0.076986
data\dataset_cls\train\Non_fractured\IMG0003405.jpg,train,Non_fractured,0.653267,0.822341,0.696559,0.659816,0.554845,0.490298,0.165877,0.061712,0.185361
data\dataset_cls\train\Non_fractured\IMG0003406.jpg,train,Non_fractured,0.856135,0.648508,1.0,0.168199,0.615392,0.364848,0.256695,0.28627,0.210458
data\dataset_cls\train\Non_fractured\IMG0003407.jpg,train,Non_fractured,0.595213,0.36301,0.571822,0.538924,0.648681,0.429256,0.081341,0.100889,0.04579
data\dataset_cls\train\Non_fractured\IMG0003409.jpg,train,Non_fractured,0.161955,0.369623,0.992278,0.160467,0.537258,0.283285,0.41377,0.442507,0.029223
data\dataset_cls\train\Non_fractured\IMG0003410.jpg,train,Non_fractured,0.663587,0.353408,0.994698,0.197925,0.531302,0.497833,0.066378,0.305254,0.247716
data\dataset_cls\train\Non_fractured\IMG0003412.jpg,train,Non_fractured,0.662859,0.683737,0.467703,0.913251,0.816628,0.337775,0.041195,0.323871,0.349881
data\dataset_cls\train\Non_fractured\IMG0003414.jpg,train,Non_fractured,0.535028,0.53507,0.685184,0.83807,0.675521,0.413694,0.114243,0.248242,0.187072
data\dataset_cls\train\Non_fractured\IMG0003415.jpg,train,Non_fractured,0.756915,0.726525,0.530355,0.935318,0.673784,0.331421,0.120471,0.29765,0.333607
data\dataset_cls\train\Non_fractured\IMG0003416.jpg,train,Non_fractured,0.43595,0.379745,0.5,0.5,0.333386,0.278638,0.014337,0.1374,0.140017
data\dataset_cls\train\Non_fractured\IMG0003417.jpg,train,Non_fractured,0.678236,0.433444,1.0,0.591207,0.528187,0.387777,0.068355,0.290636,0.223299
data\dataset_cls\train\Non_fractured\IMG0003418.jpg,train,Non_fractured,0.820309,0.154411,0.141546,0.072133,0.352608,0.333854,0.383525,0.318001,0.170127
data\dataset_cls\train\Non_fractured\IMG0003421.jpg,train,Non_fractured,0.712927,0.334108,0.341423,0.584389,0.599801,0.440634,0.200604,0.247659,0.049982
data\dataset_cls\train\Non_fractured\IMG0003423.jpg,train,Non_fractured,0.269551,0.626249,1.0,1.0,0.232845,0.66154,0.268451,0.552777,0.286377
data\dataset_cls\train\Non_fractured\IMG0003424.jpg,train,Non_fractured,0.296717,0.321539,0.5,0.5,0.421509,0.367809,0.132555,0.139802,0.032534
data\dataset_cls\train\Non_fractured\IMG0003427.jpg,train,Non_fractured,0.179679,0.099663,0.166667,0.333333,0.411328,0.460868,0.21126,0.092892,0.227483
data\dataset_cls\train\Non_fractured\IMG0003428.jpg,train,Non_fractured,0.191341,0.14162,0.06869,0.457204,0.40722,0.404382,0.195271,0.196755,0.197609
data\dataset_cls\train\Non_fractured\IMG0003429.jpg,train,Non_fractured,0.538113,0.483281,0.597375,0.567714,0.619593,0.38128,0.047278,0.091129,0.10217
data\dataset_cls\train\Non_fractured\IMG0003430.jpg,train,Non_fractured,0.331489,0.615176,0.050823,0.179293,0.36658,0.487453,0.204928,0.317861,0.131509
data\dataset_cls\train\Non_fractured\IMG0003435.jpg,train,Non_fractured,0.478831,1.0,1.0,0.978817,0.32377,0.436419,0.229972,0.435307,0.461186
data\dataset_cls\train\Non_fractured\IMG0003436.jpg,train,Non_fractured,0.634618,0.863841,0.0,0.0,0.778404,0.210668,0.531481,0.591721,0.340954
data\dataset_cls\train\Non_fractured\IMG0003437.jpg,train,Non_fractured,0.492889,0.401705,0.90475,0.115719,0.504351,0.595674,0.144403,0.372146,0.259368
data\dataset_cls\train\Non_fractured\IMG0003438.jpg,train,Non_fractured,0.193352,0.474745,0.166667,0.166667,0.753035,0.360362,0.226705,0.264073,0.38293
data\dataset_cls\train\Non_fractured\IMG0003439.jpg,train,Non_fractured,0.455886,0.822845,0.725291,0.940879,0.442702,0.458152,0.118552,0.27195,0.299185
data\dataset_cls\train\Non_fractured\IMG0003441.jpg,train,Non_fractured,0.520005,0.485727,1.0,0.23327,0.541431,0.34141,0.213138,0.33515,0.146213
data\dataset_cls\train\Non_fractured\IMG0003442.jpg,train,Non_fractured,0.941965,0.447746,0.244544,0.683772,0.610861,0.45164,0.352046,0.3874,0.076979
data\dataset_cls\train\Non_fractured\IMG0003443.jpg,train,Non_fractured,0.366497,0.806803,0.5,0.5,0.437493,0.400315,0.247342,0.095054,0.168748
data\dataset_cls\train\Non_fractured\IMG0003444.jpg,train,Non_fractured,0.048619,0.762871,1.0,1.0,0.32938,0.311075,0.416901,0.622581,0.401834
data\dataset_cls\train\Non_fractured\IMG0003446.jpg,train,Non_fractured,0.673239,0.355076,0.0,1.0,0.666641,0.406009,0.324276,0.608294,0.284911
data\dataset_cls\train\Non_fractured\IMG0003447.jpg,train,Non_fractured,0.62332,0.61887,0.369871,0.817395,0.701979,0.474746,0.06102,0.265779,0.212309
data\dataset_cls\train\Non_fractured\IMG0003448.jpg,train,Non_fractured,0.645716,0.588407,0.452464,0.850293,0.611646,0.451997,0.086551,0.249455,0.183049
data\dataset_cls\train\Non_fractured\IMG0003449.jpg,train,Non_fractured,0.385737,0.318897,0.186665,0.525508,0.45096,0.545144,0.151027,0.166556,0.137049
data\dataset_cls\train\Non_fractured\IMG0003450.jpg,train,Non_fractured,0.610636,0.995111,0.023122,0.983227,0.274992,0.365208,0.374776,0.345119,0.41691
data\dataset_cls\train\Non_fractured\IMG0003451.jpg,train,Non_fractured,0.658388,0.846452,0.0,1.0,0.288621,0.243908,0.373973,0.437705,0.453686
data\dataset_cls\train\Non_fractured\IMG0003452.jpg,train,Non_fractured,0.730429,0.400047,0.5,0.5,0.499642,0.49356,0.166716,0.084494,0.082334
data\dataset_cls\train\Non_fractured\IMG0003453.jpg,train,Non_fractured,0.32093,0.11693,0.886326,0.147994,0.527848,0.3114,0.26819,0.311102,0.129549
data\dataset_cls\train\Non_fractured\IMG0003454.jpg,train,Non_fractured,0.825338,0.562594,0.952821,0.118121,0.667278,0.465324,0.180868,0.297647,0.169722
data\dataset_cls\train\Non_fractured\IMG0003455.jpg,train,Non_fractured,0.445048,0.430126,0.889508,0.713185,0.530864,0.468815,0.206752,0.320271,0.113891
data\dataset_cls\train\Non_fractured\IMG0003457.jpg,train,Non_fractured,0.683162,0.159674,0.55166,0.523749,0.526289,0.466161,0.243314,0.144938,0.102829
data\dataset_cls\train\Non_fractured\IMG0003460.jpg,train,Non_fractured,0.239859,0.3731,0.46139,0.511783,0.509254,0.374257,0.170152,0.108756,0.115109
data\dataset_cls\train\Non_fractured\IMG0003462.jpg,train,Non_fractured,0.852871,0.574053,0.5,0.5,0.578534,0.433983,0.220917,0.143827,0.094757
data\dataset_cls\train\Non_fractured\IMG0003463.jpg,train,Non_fractured,0.583432,0.47322,0.5,0.5,0.576233,0.329417,0.049338,0.08462,0.107292
data\dataset_cls\train\Non_fractured\IMG0003464.jpg,train,Non_fractured,0.445874,0.623752,0.251099,0.70966,0.381921,0.38058,0.100925,0.175824,0.192049
data\dataset_cls\train\Non_fractured\IMG0003465.jpg,train,Non_fractured,0.264738,0.610941,0.475155,0.884712,0.500696,0.352538,0.14888,0.275626,0.277568
data\dataset_cls\train\Non_fractured\IMG0003468.jpg,train,Non_fractured,0.692112,0.236934,0.09735,0.149427,0.642741,0.253652,0.216004,0.385387,0.170184
data\dataset_cls\train\Non_fractured\IMG0003469.jpg,train,Non_fractured,0.852092,0.516562,0.878497,0.343448,0.634439,0.474215,0.096032,0.135603,0.1567
data\dataset_cls\train\Non_fractured\IMG0003471.jpg,train,Non_fractured,0.260019,0.572358,0.0,0.558455,0.196686,0.417884,0.121522,0.157982,0.107927
data\dataset_cls\train\Non_fractured\IMG0003472.jpg,train,Non_fractured,0.302816,0.397186,0.574535,0.811885,0.434884,0.35872,0.183967,0.320141,0.163896
data\dataset_cls\train\Non_fractured\IMG0003473.jpg,train,Non_fractured,0.603306,0.894961,0.0635,0.628187,0.574742,0.555013,0.277119,0.356243,0.211777
data\dataset_cls\train\Non_fractured\IMG0003474.jpg,train,Non_fractured,0.61445,0.581437,0.0,0.348234,0.571704,0.168755,0.30715,0.39579,0.26467
data\dataset_cls\train\Non_fractured\IMG0003478.jpg,train,Non_fractured,0.773456,0.606599,1.0,0.166667,0.641081,0.404565,0.216279,0.298556,0.164201
data\dataset_cls\train\Non_fractured\IMG0003479.jpg,train,Non_fractured,0.540209,0.42615,0.536965,0.858809,0.508,0.378936,0.129024,0.304298,0.176875
data\dataset_cls\train\Non_fractured\IMG0003480.jpg,train,Non_fractured,0.444465,0.457183,0.55583,0.889043,0.553835,0.403732,0.146028,0.30805,0.183119
data\dataset_cls\train\Non_fractured\IMG0003481.jpg,train,Non_fractured,0.563348,0.477275,0.670867,0.884894,0.715614,0.354039,0.128392,0.313524,0.227706
data\dataset_cls\train\Non_fractured\IMG0003482.jpg,train,Non_fractured,0.754649,0.519217,0.543884,0.900416,0.637465,0.415263,0.143145,0.306085,0.196526
data\dataset_cls\train\Non_fractured\IMG0003483.jpg,train,Non_fractured,0.717185,0.551885,0.136823,0.708751,0.798849,0.411373,0.166322,0.440941,0.287677
data\dataset_cls\train\Non_fractured\IMG0003484.jpg,train,Non_fractured,0.584382,0.529938,0.718888,0.381093,0.49562,0.396809,0.09522,0.131268,0.11113
data\dataset_cls\train\Non_fractured\IMG0003485.jpg,train,Non_fractured,0.180116,0.63797,0.028974,0.869437,0.387498,0.438153,0.021511,0.278687,0.282555
data\dataset_cls\train\Non_fractured\IMG0003486.jpg,train,Non_fractured,0.279816,0.619029,0.46529,0.941057,0.602295,0.545331,0.188468,0.239796,0.218958
data\dataset_cls\train\Non_fractured\IMG0003487.jpg,train,Non_fractured,0.781059,0.230277,0.237712,0.165276,0.550081,0.46343,0.264124,0.309862,0.179168
data\dataset_cls\train\Non_fractured\IMG0003488.jpg,train,Non_fractured,1.0,1.0,1.0,0.112676,0.404021,0.453439,0.517603,0.45502,0.403198
data\dataset_cls\train\Non_fractured\IMG0003489.jpg,train,Non_fractured,0.047024,0.439764,1.0,0.080358,0.79415,0.350962,0.586063,0.43967,0.19033
data\dataset_cls\train\Non_fractured\IMG0003490.jpg,train,Non_fractured,0.521645,0.241691,0.859989,0.20251,0.49194,0.466915,0.120124,0.256289,0.210276
data\dataset_cls\train\Non_fractured\IMG0003491.jpg,train,Non_fractured,0.443081,0.377554,0.656184,0.360982,0.406095,0.358139,0.059919,0.154465,0.095979
data\dataset_cls\train\Non_fractured\IMG0003492.jpg,train,Non_fractured,0.440076,0.11069,0.554876,0.481365,0.423398,0.361328,0.209671,0.183015,0.065834
data\dataset_cls\train\Non_fractured\IMG0003493.jpg,train,Non_fractured,0.385214,0.209617,0.333333,0.28953,0.495454,0.18371,0.026505,0.094453,0.100847
data\dataset_cls\train\Non_fractured\IMG0003494.jpg,train,Non_fractured,0.569565,0.158494,0.5,0.5,0.68538,0.511575,0.232042,0.138985,0.157654
data\dataset_cls\train\Non_fractured\IMG0003495.jpg,train,Non_fractured,0.306449,0.288356,0.077179,0.444153,0.588875,0.27103,0.049441,0.27023,0.272214
data\dataset_cls\train\Non_fractured\IMG0003496.jpg,train,Non_fractured,0.167195,0.283908,1.0,0.410118,0.629094,0.264573,0.433036,0.411335,0.062774
data\dataset_cls\train\Non_fractured\IMG0003497.jpg,train,Non_fractured,0.389171,0.888324,0.0,0.928153,0.498868,0.513528,0.145415,0.332523,0.332254
data\dataset_cls\train\Non_fractured\IMG0003498.jpg,train,Non_fractured,0.550477,0.653762,0.433198,0.629685,0.394252,0.439017,0.121033,0.061363,0.149982
data\dataset_cls\train\Non_fractured\IMG0003499.jpg,train,Non_fractured,0.234183,0.483784,0.111051,0.256834,0.371641,0.442245,0.089623,0.18776,0.141083
data\dataset_cls\train\Non_fractured\IMG0003501.jpg,train,Non_fractured,0.142502,0.587572,0.232762,0.535732,0.472946,0.463351,0.15202,0.050441,0.201183
data\dataset_cls\train\Non_fractured\IMG0003502.jpg,train,Non_fractured,0.407782,0.579012,0.292572,0.406201,0.182413,0.441023,0.153692,0.069231,0.11701
data\dataset_cls\train\Non_fractured\IMG0003503.jpg,train,Non_fractured,0.751366,0.64935,0.664852,0.890724,0.765734,0.35614,0.029612,0.266088,0.278593
data\dataset_cls\train\Non_fractured\IMG0003504.jpg,train,Non_fractured,0.519202,0.378229,0.2359,0.265629,0.352193,0.419702,0.151965,0.160135,0.067338
data\dataset_cls\train\Non_fractured\IMG0003505.jpg,train,Non_fractured,0.265954,0.318309,0.5,0.5,0.467934,0.239232,0.149312,0.172107,0.126651
data\dataset_cls\train\Non_fractured\IMG0003507.jpg,train,Non_fractured,0.015112,0.429149,0.589492,0.230511,0.564024,0.432838,0.380028,0.240507,0.187509
data\dataset_cls\train\Non_fractured\IMG0003508.jpg,train,Non_fractured,0.494146,0.736777,0.584518,0.55069,0.278445,0.366553,0.190085,0.132149,0.253764
data\dataset_cls\train\Non_fractured\IMG0003511.jpg,train,Non_fractured,0.775024,0.400078,0.965001,0.674271,0.588959,0.710354,0.194827,0.204688,0.220083
data\dataset_cls\train\Non_fractured\IMG0003512.jpg,train,Non_fractured,0.378496,0.617145,0.5,0.5,0.550556,0.489498,0.127411,0.042696,0.087333
data\dataset_cls\train\Non_fractured\IMG0003513.jpg,train,Non_fractured,0.222404,0.345115,0.329428,0.256568,0.508538,0.358944,0.133398,0.068026,0.159846
data\dataset_cls\train\Non_fractured\IMG0003515.jpg,train,Non_fractured,0.417437,0.317864,1.0,0.5,0.568721,0.322454,0.25241,0.358585,0.109702
data\dataset_cls\train\Non_fractured\IMG0003516.jpg,train,Non_fractured,0.549376,0.425181,0.514983,0.59358,0.787453,0.350057,0.074675,0.171219,0.200608
data\dataset_cls\train\Non_fractured\IMG0003517.jpg,train,Non_fractured,0.770869,0.682106,0.468844,0.917088,0.728252,0.387791,0.116571,0.31611,0.283888
data\dataset_cls\train\Non_fractured\IMG0003518.jpg,train,Non_fractured,0.602284,0.45053,0.552349,0.938937,0.756451,0.267229,0.107473,0.395868,0.309013
data\dataset_cls\train\Non_fractured\IMG0003521.jpg,train,Non_fractured,0.385638,0.726374,0.540422,0.596518,0.444885,0.38361,0.172941,0.087913,0.185618
data\dataset_cls\train\Non_fractured\IMG0003522.jpg,train,Non_fractured,0.078032,0.647477,0.0,1.0,0.577665,0.65831,0.185525,0.318307,0.375653
data\dataset_cls\train\Non_fractured\IMG0003525.jpg,train,Non_fractured,0.825604,0.0,0.5,0.5,0.454592,0.353146,0.367141,0.234977,0.154906
data\dataset_cls\train\Non_fractured\IMG0003527.jpg,train,Non_fractured,0.563214,0.751589,0.333333,0.088339,0.432744,0.45729,0.341036,0.361151,0.026952
data\dataset_cls\train\Non_fractured\IMG0003529.jpg,train,Non_fractured,0.504289,0.733676,0.469679,0.915883,0.601206,0.317014,0.080864,0.266183,0.34697
data\dataset_cls\train\Non_fractured\IMG0003530.jpg,train,Non_fractured,0.412453,0.632728,0.5,0.5,0.572849,0.39233,0.149331,0.009684,0.139664
data\dataset_cls\train\Non_fractured\IMG0003532.jpg,train,Non_fractured,0.522739,0.335734,0.773628,0.222495,0.604869,0.306712,0.120711,0.154594,0.034239
data\dataset_cls\train\Non_fractured\IMG0003533.jpg,train,Non_fractured,0.181735,0.44125,0.771743,0.983918,0.442253,0.428838,0.334094,0.477322,0.190556
data\dataset_cls\train\Non_fractured\IMG0003536.jpg,train,Non_fractured,0.625189,0.481767,0.526457,0.936952,0.522133,0.318683,0.118341,0.359199,0.262899
data\dataset_cls\train\Non_fractured\IMG0003537.jpg,train,Non_fractured,0.70589,0.635487,0.254721,0.893935,0.717066,0.445932,0.148451,0.384936,0.264723
data\dataset_cls\train\Non_fractured\IMG0003538.jpg,train,Non_fractured,0.490507,0.464373,0.507323,0.847367,0.634305,0.527976,0.1582,0.236991,0.124164
data\dataset_cls\train\Non_fractured\IMG0003540.jpg,train,Non_fractured,0.976034,1.0,0.492048,0.542575,0.51622,0.509326,0.445926,0.220643,0.227127
data\dataset_cls\train\Non_fractured\IMG0003542.jpg,train,Non_fractured,0.19945,0.493088,0.43041,0.750331,0.465687,0.349792,0.170029,0.228757,0.207275
data\dataset_cls\train\Non_fractured\IMG0003543.jpg,train,Non_fractured,0.928205,0.436295,0.147158,0.719059,0.752202,0.330401,0.324419,0.513382,0.21824
data\dataset_cls\train\Non_fractured\IMG0003546.jpg,train,Non_fractured,0.093046,0.487084,1.0,0.410688,0.646353,0.339004,0.492471,0.420203,0.098973
data\dataset_cls\train\Non_fractured\IMG0003547.jpg,train,Non_fractured,0.291678,0.271005,0.689714,0.617347,0.727661,0.356423,0.31305,0.235334,0.168461
data\dataset_cls\train\Non_fractured\IMG0003548.jpg,train,Non_fractured,0.540062,0.454848,0.474694,0.479996,0.56626,0.452096,0.01504,0.055219,0.040562
data\dataset_cls\train\Non_fractured\IMG0003549.jpg,train,Non_fractured,0.706749,0.226668,0.5,0.5,0.447395,0.294498,0.192539,0.167678,0.113662
data\dataset_cls\train\Non_fractured\IMG0003550.jpg,train,Non_fractured,0.355362,0.199363,0.912469,0.125224,0.811137,0.331841,0.338187,0.238599,0.163508
data\dataset_cls\train\Non_fractured\IMG0003551.jpg,train,Non_fractured,0.723644,0.533504,0.917453,0.834354,0.758112,0.266941,0.076945,0.312445,0.281091
data\dataset_cls\train\Non_fractured\IMG0003552.jpg,train,Non_fractured,0.302014,0.734232,0.433233,0.949974,0.444893,0.542273,0.091709,0.211601,0.206418
data\dataset_cls\train\Non_fractured\IMG0003553.jpg,train,Non_fractured,0.565162,0.388005,0.5,0.5,0.640333,0.346535,0.023744,0.111902,0.096863
data\dataset_cls\train\Non_fractured\IMG0003555.jpg,train,Non_fractured,0.846719,0.598529,0.99777,0.462286,0.761241,0.583583,0.054933,0.155115,0.113039
data\dataset_cls\train\Non_fractured\IMG0003556.jpg,train,Non_fractured,0.705904,0.306414,0.5,0.5,0.812696,0.221241,0.048963,0.233823,0.185118
data\dataset_cls\train\Non_fractured\IMG0003557.jpg,train,Non_fractured,0.030751,0.274021,0.0,0.489663,0.285006,0.45876,0.152847,0.133537,0.186925
data\dataset_cls\train\Non_fractured\IMG0003559.jpg,train,Non_fractured,0.524774,0.090847,0.5,0.5,0.603992,0.29436,0.205027,0.209378,0.061074
data\dataset_cls\train\Non_fractured\IMG0003560.jpg,train,Non_fractured,0.626366,0.537643,0.5,0.5,0.465401,0.400637,0.112082,0.036864,0.102261
data\dataset_cls\train\Non_fractured\IMG0003561.jpg,train,Non_fractured,0.7239,0.46549,0.553972,0.672438,0.603895,0.489303,0.123519,0.149257,0.058018
data\dataset_cls\train\Non_fractured\IMG0003562.jpg,train,Non_fractured,0.34365,0.366901,0.0,0.5,0.360378,0.497124,0.139927,0.239013,0.132676
data\dataset_cls\train\Non_fractured\IMG0003563.jpg,train,Non_fractured,0.128339,0.293831,1.0,0.754025,0.502784,0.527755,0.475462,0.510453,0.041003
data\dataset_cls\train\Non_fractured\IMG0003566.jpg,train,Non_fractured,0.115682,0.278502,0.959946,0.483978,0.299741,0.391465,0.358833,0.511232,0.158862
data\dataset_cls\train\Non_fractured\IMG0003567.jpg,train,Non_fractured,0.229483,0.243206,0.058235,0.358357,0.459407,0.369626,0.082865,0.193923,0.215314
data\dataset_cls\train\Non_fractured\IMG0003568.jpg,train,Non_fractured,0.710952,0.268964,0.973823,0.207829,0.675744,0.505301,0.095758,0.221926,0.20977
data\dataset_cls\train\Non_fractured\IMG0003570.jpg,train,Non_fractured,0.867776,1.0,0.5,0.5,0.218997,0.362988,0.508394,0.124405,0.403266
data\dataset_cls\train\Non_fractured\IMG0003571.jpg,train,Non_fractured,0.79589,0.27473,1.0,0.5,0.498018,0.280286,0.083047,0.278204,0.276009
data\dataset_cls\train\Non_fractured\IMG0003572.jpg,train,Non_fractured,0.346822,0.18166,1.0,0.464162,0.620015,0.412023,0.352955,0.362002,0.069257
data\dataset_cls\train\Non_fractured\IMG0003573.jpg,train,Non_fractured,1.0,1.0,0.821525,0.915681,0.238516,0.380647,0.39139,0.201878,0.590694
data\dataset_cls\train\Non_fractured\IMG0003574.jpg,train,Non_fractured,0.765955,0.401448,0.854366,0.726232,0.294602,0.306842,0.148932,0.328959,0.384042
data\dataset_cls\train\Non_fractured\IMG0003575.jpg,train,Non_fractured,0.834667,1.0,0.911319,0.114401,0.797201,0.234526,0.550513,0.341219,0.220971
data\dataset_cls\train\Non_fractured\IMG0003576.jpg,train,Non_fractured,0.592293,0.143273,0.095919,0.107842,0.324315,0.319481,0.259069,0.255242,0.129954
data\dataset_cls\train\Non_fractured\IMG0003577.jpg,train,Non_fractured,0.559344,0.318995,0.073835,0.236113,0.386963,0.3797,0.219421,0.276709,0.082694
data\dataset_cls\train\Non_fractured\IMG0003579.jpg,train,Non_fractured,0.621581,0.406005,0.5,0.5,0.605831,0.633505,0.116533,0.076939,0.124025
data\dataset_cls\train\Non_fractured\IMG0003580.jpg,train,Non_fractured,0.565877,0.413816,1.0,0.548312,0.591246,0.356009,0.155283,0.301338,0.152585
data\dataset_cls\train\Non_fractured\IMG0003581.jpg,train,Non_fractured,0.600791,0.138567,1.0,0.066543,0.642524,0.448115,0.166949,0.294075,0.253276
data\dataset_cls\train\Non_fractured\IMG0003582.jpg,train,Non_fractured,0.217657,0.538147,0.386209,0.45579,0.426921,0.303939,0.164303,0.048503,0.153307
data\dataset_cls\train\Non_fractured\IMG0003583.jpg,train,Non_fractured,0.44039,0.42367,0.954192,0.0,0.696031,0.281669,0.318333,0.348557,0.046564
data\dataset_cls\train\Non_fractured\IMG0003584.jpg,train,Non_fractured,0.914913,0.56172,1.0,0.114887,0.686227,0.430727,0.198467,0.286892,0.191029
data\dataset_cls\train\Non_fractured\IMG0003585.jpg,train,Non_fractured,0.921595,0.49764,0.917958,0.179898,0.468352,0.2654,0.238332,0.200415,0.304899
data\dataset_cls\train\Non_fractured\IMG0003590.jpg,train,Non_fractured,0.585848,0.655786,0.479243,0.909257,0.722544,0.648261,0.082593,0.207394,0.155099
data\dataset_cls\train\Non_fractured\IMG0003591.jpg,train,Non_fractured,0.369551,0.278354,0.0,0.0,0.587066,0.308465,0.097034,0.374087,0.290972
data\dataset_cls\train\Non_fractured\IMG0003592.jpg,train,Non_fractured,0.495785,0.717276,0.484332,0.914372,0.716649,0.523353,0.069812,0.212212,0.246651
data\dataset_cls\train\Non_fractured\IMG0003596.jpg,train,Non_fractured,0.142946,0.48341,0.837221,0.075444,0.359049,0.401718,0.344569,0.461127,0.11949
data\dataset_cls\train\Non_fractured\IMG0003598.jpg,train,Non_fractured,0.954301,0.781464,1.0,0.137116,0.687641,0.208569,0.412378,0.266787,0.255323
data\dataset_cls\train\Non_fractured\IMG0003599.jpg,train,Non_fractured,0.308059,0.817304,0.5,0.5,0.206261,0.525808,0.205146,0.198217,0.158829
data\dataset_cls\train\Non_fractured\IMG0003600.jpg,train,Non_fractured,0.786964,0.643959,0.246362,0.686642,0.584979,0.302305,0.266837,0.32581,0.246245
data\dataset_cls\train\Non_fractured\IMG0003601.jpg,train,Non_fractured,0.719456,0.43854,0.676963,0.878023,0.469074,0.363476,0.155841,0.322754,0.24892
data\dataset_cls\train\Non_fractured\IMG0003603.jpg,train,Non_fractured,0.431298,0.322653,0.60593,0.102182,0.212177,0.233218,0.104361,0.222765,0.204762
data\dataset_cls\train\Non_fractured\IMG0003605.jpg,train,Non_fractured,0.633678,0.449435,0.453627,0.101976,0.456864,0.192586,0.233937,0.158289,0.080114
data\dataset_cls\train\Non_fractured\IMG0003606.jpg,train,Non_fractured,0.379027,0.283798,0.0,1.0,0.491867,0.300859,0.260028,0.553941,0.303846
data\dataset_cls\train\Non_fractured\IMG0003607.jpg,train,Non_fractured,0.55212,0.164842,0.5,0.5,0.640502,0.50245,0.224581,0.128148,0.136637
data\dataset_cls\train\Non_fractured\IMG0003608.jpg,train,Non_fractured,0.481579,0.599901,0.861068,0.732929,0.804699,0.279252,0.242409,0.243629,0.272995
data\dataset_cls\train\Non_fractured\IMG0003610.jpg,train,Non_fractured,0.785419,0.405306,1.0,0.5,0.617204,0.332934,0.017153,0.217403,0.200262
data\dataset_cls\train\Non_fractured\IMG0003611.jpg,train,Non_fractured,0.482387,0.680014,0.638658,0.031306,0.464527,0.457901,0.293918,0.374973,0.093496
data\dataset_cls\train\Non_fractured\IMG0003612.jpg,train,Non_fractured,0.418958,0.23367,0.0,0.122341,0.328092,0.344904,0.169941,0.272757,0.136503
data\dataset_cls\train\Non_fractured\IMG0003613.jpg,train,Non_fractured,0.251083,0.536873,0.154697,0.22143,0.384987,0.364574,0.163061,0.187682,0.121787
data\dataset_cls\train\Non_fractured\IMG0003615.jpg,train,Non_fractured,0.59217,0.626411,0.302841,0.101102,0.553864,0.257288,0.317517,0.289907,0.100328
data\dataset_cls\train\Non_fractured\IMG0003616.jpg,train,Non_fractured,0.180053,0.495773,1.0,0.95208,0.341854,0.413984,0.350253,0.59382,0.264704
data\dataset_cls\train\Non_fractured\IMG0003617.jpg,train,Non_fractured,0.449502,0.279094,0.242029,0.375826,0.533606,0.348789,0.069056,0.17139,0.126032
data\dataset_cls\train\Non_fractured\IMG0003618.jpg,train,Non_fractured,0.762596,0.342827,1.0,0.145723,0.738971,0.33475,0.09877,0.210167,0.112433
data\dataset_cls\train\Non_fractured\IMG0003622.jpg,train,Non_fractured,0.179523,0.337343,0.150183,1.0,0.589647,0.332457,0.253346,0.470131,0.361165
data\dataset_cls\train\Non_fractured\IMG0003623.jpg,train,Non_fractured,0.687177,0.25323,0.689081,0.944071,0.722148,0.443172,0.293851,0.397382,0.106105
data\dataset_cls\train\Non_fractured\IMG0003624.jpg,train,Non_fractured,0.702695,0.76349,0.098156,0.101256,0.718153,0.6281,0.330525,0.568956,0.248784
data\dataset_cls\train\Non_fractured\IMG0003627.jpg,train,Non_fractured,0.591618,0.572155,0.0,0.112324,0.677041,0.23128,0.315764,0.464817,0.264701
data\dataset_cls\train\Non_fractured\IMG0003630.jpg,train,Non_fractured,0.769246,0.619065,0.724195,0.899605,0.724103,0.530747,0.070777,0.216984,0.153136
data\dataset_cls\train\Non_fractured\IMG0003631.jpg,train,Non_fractured,0.8661,0.39742,0.88119,0.136333,0.784343,0.542662,0.044552,0.225579,0.193256
data\dataset_cls\train\Non_fractured\IMG0003632.jpg,train,Non_fractured,0.600274,0.394142,0.5,0.5,0.806799,0.320007,0.036962,0.165804,0.190928
data\dataset_cls\train\Non_fractured\IMG0003633.jpg,train,Non_fractured,0.304091,0.502961,0.564093,0.946124,0.571542,0.338722,0.198887,0.360165,0.273049
data\dataset_cls\train\Non_fractured\IMG0003634.jpg,train,Non_fractured,0.441328,0.428803,0.557992,0.933459,0.571525,0.526639,0.217035,0.305764,0.113592
data\dataset_cls\train\Non_fractured\IMG0003635.jpg,train,Non_fractured,0.964851,0.523972,0.938103,0.182756,0.867274,0.3993,0.16073,0.1865,0.063945
data\dataset_cls\train\Non_fractured\IMG0003636.jpg,train,Non_fractured,0.992162,0.678365,1.0,0.106561,0.691028,0.361536,0.311928,0.295134,0.204411
data\dataset_cls\train\Non_fractured\IMG0003637.jpg,train,Non_fractured,0.393261,0.369842,0.0,0.960147,0.397733,0.255893,0.204959,0.505696,0.303905
data\dataset_cls\train\Non_fractured\IMG0003638.jpg,train,Non_fractured,0.417947,0.569342,0.0,0.833333,0.320113,0.183022,0.176696,0.391675,0.353398
data\dataset_cls\train\Non_fractured\IMG0003640.jpg,train,Non_fractured,0.671246,0.813143,0.0,0.190297,0.488031,0.340117,0.463206,0.464392,0.14809
data\dataset_cls\train\Non_fractured\IMG0003641.jpg,train,Non_fractured,0.791427,0.545403,0.48822,0.643751,0.650417,0.354152,0.151276,0.201964,0.160439
data\dataset_cls\train\Non_fractured\IMG0003642.jpg,train,Non_fractured,0.788774,0.392774,1.0,0.109367,0.827298,0.31228,0.14712,0.206534,0.060544
data\dataset_cls\train\Non_fractured\IMG0003644.jpg,train,Non_fractured,0.313804,0.704733,0.975916,0.91111,0.614372,0.365821,0.32392,0.42333,0.295434
data\dataset_cls\train\Non_fractured\IMG0003645.jpg,train,Non_fractured,0.558594,0.637685,0.516836,0.778271,0.672327,0.298345,0.070462,0.217036,0.287456
data\dataset_cls\train\Non_fractured\IMG0003647.jpg,train,Non_fractured,0.566839,0.223014,0.398007,0.05608,0.523083,0.185049,0.098419,0.13902,0.040681
data\dataset_cls\train\Non_fractured\IMG0003648.jpg,train,Non_fractured,0.698011,0.587733,1.0,0.242188,0.780979,0.333624,0.237528,0.226668,0.070689
data\dataset_cls\train\Non_fractured\IMG0003650.jpg,train,Non_fractured,0.483966,0.633184,0.360551,0.702883,0.512138,0.468693,0.044792,0.136616,0.145778
data\dataset_cls\train\Non_fractured\IMG0003651.jpg,train,Non_fractured,0.112532,0.26567,0.0,0.992131,0.585607,0.428311,0.319808,0.489015,0.377381
data\dataset_cls\train\Non_fractured\IMG0003652.jpg,train,Non_fractured,0.096368,0.343264,0.5,0.5,0.664914,0.426278,0.333768,0.110603,0.244506
data\dataset_cls\train\Non_fractured\IMG0003656.jpg,train,Non_fractured,0.583166,0.78917,0.51891,0.889417,0.641285,0.530991,0.052684,0.165063,0.21416
data\dataset_cls\train\Non_fractured\IMG0003659.jpg,train,Non_fractured,0.891232,0.362739,0.5,0.5,0.476316,0.449384,0.278888,0.137594,0.146692
data\dataset_cls\train\Non_fractured\IMG0003660.jpg,train,Non_fractured,0.579891,0.786613,0.5,0.5,0.380911,0.423416,0.235707,0.071219,0.180916
data\dataset_cls\train\Non_fractured\IMG0003662.jpg,train,Non_fractured,0.219164,0.507356,0.584506,0.987635,0.572203,0.333822,0.260377,0.398439,0.298255
data\dataset_cls\train\Non_fractured\IMG0003663.jpg,train,Non_fractured,0.218555,0.477454,0.49041,0.943029,0.713225,0.344705,0.278555,0.35501,0.341443
data\dataset_cls\train\Non_fractured\IMG0003664.jpg,train,Non_fractured,0.978879,0.394221,1.0,0.086585,0.863158,0.250776,0.153632,0.165856,0.084471
data\dataset_cls\train\Non_fractured\IMG0003665.jpg,train,Non_fractured,0.735227,0.346488,1.0,0.117234,0.855449,0.373583,0.144948,0.211701,0.094829
data\dataset_cls\train\Non_fractured\IMG0003667.jpg,train,Non_fractured,0.658785,0.517506,0.130885,0.562609,0.39252,0.451792,0.264811,0.268261,0.058864
data\dataset_cls\train\Non_fractured\IMG0003668.jpg,train,Non_fractured,0.384778,0.486589,0.545491,0.949764,0.747559,0.591175,0.257422,0.274268,0.206444
data\dataset_cls\train\Non_fractured\IMG0003669.jpg,train,Non_fractured,0.503753,0.365595,1.0,0.102962,0.581534,0.269957,0.225552,0.336861,0.116026
data\dataset_cls\train\Non_fractured\IMG0003670.jpg,train,Non_fractured,0.385966,0.658113,1.0,0.40868,0.568339,0.313981,0.33109,0.35236,0.168232
data\dataset_cls\train\Non_fractured\IMG0003672.jpg,train,Non_fractured,0.697379,0.511991,0.866754,0.424284,0.482451,0.455973,0.050257,0.188802,0.199908
data\dataset_cls\train\Non_fractured\IMG0003673.jpg,train,Non_fractured,0.280136,0.794559,1.0,0.836265,0.310147,0.458263,0.268555,0.49029,0.324142
data\dataset_cls\train\Non_fractured\IMG0003675.jpg,train,Non_fractured,0.910139,0.591451,0.5,0.5,0.676178,0.356828,0.240645,0.196198,0.127396
data\dataset_cls\train\Non_fractured\IMG0003676.jpg,train,Non_fractured,0.187146,0.601001,1.0,0.933206,0.370473,0.494521,0.340478,0.545154,0.234828
data\dataset_cls\train\Non_fractured\IMG0003677.jpg,train,Non_fractured,0.691632,0.540196,0.420027,0.729764,0.581464,0.458062,0.132201,0.210896,0.119177
data\dataset_cls\train\Non_fractured\IMG0003679.jpg,train,Non_fractured,0.64607,0.483155,1.0,0.333333,0.708303,0.424118,0.155211,0.229668,0.077217
data\dataset_cls\train\Non_fractured\IMG0003681.jpg,train,Non_fractured,0.571182,0.33672,0.0,1.0,0.487782,0.31939,0.306545,0.570326,0.268875
data\dataset_cls\train\Non_fractured\IMG0003682.jpg,train,Non_fractured,0.643863,0.400186,0.5,0.5,0.536187,0.342992,0.085041,0.104549,0.075272
data\dataset_cls\train\Non_fractured\IMG0003683.jpg,train,Non_fractured,0.456111,0.239942,1.0,0.347426,0.542803,0.377779,0.22554,0.334684,0.135631
data\dataset_cls\train\Non_fractured\IMG0003684.jpg,train,Non_fractured,0.477269,0.319023,1.0,0.141432,0.744077,0.31607,0.269973,0.284872,0.057343
data\dataset_cls\train\Non_fractured\IMG0003687.jpg,train,Non_fractured,0.490114,0.493142,0.6406,0.616132,0.41862,0.280612,0.039801,0.19691,0.207226
data\dataset_cls\train\Non_fractured\IMG0003689.jpg,train,Non_fractured,0.441382,0.539344,1.0,0.990745,0.555578,0.31481,0.236678,0.502989,0.319704
data\dataset_cls\train\Non_fractured\IMG0003690.jpg,train,Non_fractured,0.390939,0.517225,0.030508,0.192314,0.525445,0.352185,0.179844,0.327731,0.209822
data\dataset_cls\train\Non_fractured\IMG0003691.jpg,train,Non_fractured,0.834702,0.328227,0.806338,0.086065,0.770796,0.223801,0.119553,0.126655,0.034959
data\dataset_cls\train\Non_fractured\IMG0003692.jpg,train,Non_fractured,0.577483,0.653462,0.92262,0.39617,0.414152,0.412213,0.176885,0.298767,0.236181
data\dataset_cls\train\Non_fractured\IMG0003693.jpg,train,Non_fractured,0.728519,0.352285,0.5,0.5,0.513382,0.15381,0.14885,0.183321,0.19361
data\dataset_cls\train\Non_fractured\IMG0003694.jpg,train,Non_fractured,0.23778,0.260472,0.920474,0.368295,0.578771,0.41066,0.3519,0.342162,0.064185
data\dataset_cls\train\Non_fractured\IMG0003695.jpg,train,Non_fractured,0.246524,0.296604,0.5,0.5,0.601712,0.304247,0.214737,0.142342,0.164703
data\dataset_cls\train\Non_fractured\IMG0003696.jpg,train,Non_fractured,0.688854,0.507131,1.0,0.299739,0.489933,0.523768,0.073773,0.309213,0.249573
data\dataset_cls\train\Non_fractured\IMG0003697.jpg,train,Non_fractured,0.563287,0.621849,1.0,0.208665,0.715631,0.348535,0.301527,0.302917,0.062573
data\dataset_cls\train\Non_fractured\IMG0003698.jpg,train,Non_fractured,0.75225,0.615706,0.57725,0.147693,0.492294,0.52712,0.235464,0.28407,0.150389
data\dataset_cls\train\Non_fractured\IMG0003699.jpg,train,Non_fractured,0.360751,0.052104,0.5,0.5,0.420821,0.299442,0.241081,0.228085,0.016844
data\dataset_cls\train\Non_fractured\IMG0003701.jpg,train,Non_fractured,0.724053,0.418911,0.0,0.166667,0.374501,0.206279,0.389977,0.378887,0.05827
data\dataset_cls\train\Non_fractured\IMG0003702.jpg,train,Non_fractured,0.51456,0.49928,0.752007,0.636781,0.521178,0.472275,0.089304,0.185739,0.09829
data\dataset_cls\train\Non_fractured\IMG0003706.jpg,train,Non_fractured,0.480793,0.223359,0.652692,0.395634,0.541209,0.44854,0.153457,0.102499,0.094246
data\dataset_cls\train\Non_fractured\IMG0003708.jpg,train,Non_fractured,0.884389,0.301815,0.976242,0.131198,0.619049,0.199115,0.10791,0.169489,0.207835
data\dataset_cls\train\Non_fractured\IMG0003710.jpg,train,Non_fractured,0.444731,0.253004,0.544084,0.201328,0.220518,0.442875,0.062082,0.171542,0.232423
data\dataset_cls\train\Non_fractured\IMG0003715.jpg,train,Non_fractured,0.649591,0.859739,0.661882,0.556353,0.450251,0.581933,0.203517,0.132648,0.160733
data\dataset_cls\train\Non_fractured\IMG0003716.jpg,train,Non_fractured,0.172232,0.740233,0.5,0.5,0.449017,0.514123,0.254506,0.152078,0.103239
data\dataset_cls\train\Non_fractured\IMG0003718.jpg,train,Non_fractured,0.438816,0.878341,0.093965,0.670793,0.514951,0.540198,0.202755,0.256565,0.227753
data\dataset_cls\train\Non_fractured\IMG0003719.jpg,train,Non_fractured,0.176741,0.517031,0.729728,0.566139,0.371935,0.509689,0.249782,0.305626,0.058221
data\dataset_cls\train\Non_fractured\IMG0003720.jpg,train,Non_fractured,0.576029,0.98047,0.0,0.183322,0.261551,0.530105,0.510913,0.472595,0.038774
data\dataset_cls\train\Non_fractured\IMG0003721.jpg,train,Non_fractured,0.0,0.216947,0.397888,0.938732,0.425538,0.624186,0.4658,0.366827,0.15419
data\dataset_cls\train\Non_fractured\IMG0003722.jpg,train,Non_fractured,0.567638,0.771939,0.33982,0.467228,0.552173,0.394845,0.241303,0.165907,0.163569
data\dataset_cls\train\Non_fractured\IMG0003723.jpg,train,Non_fractured,0.67387,0.52057,0.542267,0.602734,0.542047,0.475661,0.088682,0.082355,0.072275
data\dataset_cls\train\Non_fractured\IMG0003724.jpg,train,Non_fractured,0.068851,0.249428,0.124447,0.329071,0.480928,0.507393,0.192266,0.105551,0.294586
data\dataset_cls\train\Non_fractured\IMG0003726.jpg,train,Non_fractured,0.156798,0.230506,0.0,0.974201,0.482447,0.467795,0.331804,0.468021,0.28391
data\dataset_cls\train\Non_fractured\IMG0003728.jpg,train,Non_fractured,0.039596,0.518201,0.0,0.282352,0.253315,0.575685,0.083088,0.201613,0.194706
data\dataset_cls\train\Non_fractured\IMG0003729.jpg,train,Non_fractured,0.835941,0.630249,0.352237,0.885155,0.816234,0.336626,0.168299,0.414144,0.317387
data\dataset_cls\train\Non_fractured\IMG0003730.jpg,train,Non_fractured,0.662366,0.74815,0.5,0.5,0.379287,0.397012,0.248901,0.05034,0.202561
data\dataset_cls\train\Non_fractured\IMG0003731.jpg,train,Non_fractured,0.5,0.833333,0.5,0.5,0.465333,0.361154,0.268753,0.065851,0.204982
data\dataset_cls\train\Non_fractured\IMG0003732.jpg,train,Non_fractured,0.705682,0.504592,0.130556,0.869444,0.45099,0.374745,0.287484,0.413771,0.209332
data\dataset_cls\train\Non_fractured\IMG0003736.jpg,train,Non_fractured,0.247261,0.133995,0.5,0.5,0.747428,0.353391,0.317903,0.170881,0.250377
data\dataset_cls\train\Non_fractured\IMG0003738.jpg,train,Non_fractured,0.0,1.0,0.578097,0.406444,0.466229,0.45084,0.516012,0.313233,0.205578
data\dataset_cls\train\Non_fractured\IMG0003739.jpg,train,Non_fractured,0.784221,0.831642,0.341592,0.886136,0.29704,0.459796,0.327492,0.208077,0.319694
data\dataset_cls\train\Non_fractured\IMG0003740.jpg,train,Non_fractured,0.342436,0.179419,1.0,0.5,0.523784,0.484101,0.348764,0.394219,0.137575
data\dataset_cls\train\Non_fractured\IMG0003741.jpg,train,Non_fractured,0.367589,0.28357,0.5,0.5,0.420876,0.285387,0.095519,0.160051,0.071453
data\dataset_cls\train\Non_fractured\IMG0003742.jpg,train,Non_fractured,0.775886,0.512757,0.923669,0.187395,0.816297,0.385214,0.163483,0.194028,0.032357
data\dataset_cls\train\Non_fractured\IMG0003743.jpg,train,Non_fractured,0.596717,0.574797,0.0,0.929036,0.539539,0.454481,0.231493,0.468802,0.255287
data\dataset_cls\train\Non_fractured\IMG0003744.jpg,train,Non_fractured,0.381587,0.622496,0.5,0.5,0.511822,0.289861,0.172874,0.045999,0.187019
data\dataset_cls\train\Non_fractured\IMG0003745.jpg,train,Non_fractured,0.695861,0.384515,0.5,0.5,0.665254,0.252357,0.075693,0.170706,0.134321
data\dataset_cls\train\Non_fractured\IMG0003746.jpg,train,Non_fractured,0.621774,0.715715,0.5,0.5,0.523515,0.374106,0.199729,0.056937,0.157814
data\dataset_cls\train\Non_fractured\IMG0003747.jpg,train,Non_fractured,0.186268,0.300841,1.0,0.781508,0.504092,0.476392,0.436023,0.509096,0.07341
data\dataset_cls\train\Non_fractured\IMG0003749.jpg,train,Non_fractured,0.479774,0.380089,0.746862,0.876301,0.786123,0.182023,0.215438,0.404032,0.318979
data\dataset_cls\train\Non_fractured\IMG0003751.jpg,train,Non_fractured,0.195416,0.522018,0.40345,0.892896,0.439689,0.501983,0.190809,0.260307,0.165853
data\dataset_cls\train\Non_fractured\IMG0003752.jpg,train,Non_fractured,0.464634,0.888527,0.474812,0.370699,0.266487,0.446771,0.325941,0.21094,0.182253
data\dataset_cls\train\Non_fractured\IMG0003755.jpg,train,Non_fractured,0.484941,0.641651,0.106691,0.865659,0.351499,0.357798,0.171726,0.320388,0.266503
data\dataset_cls\train\Non_fractured\IMG0003756.jpg,train,Non_fractured,0.285933,0.500877,0.5,0.5,0.219651,0.365325,0.067043,0.170733,0.146506
data\dataset_cls\train\Non_fractured\IMG0003757.jpg,train,Non_fractured,0.5,0.5,0.5,0.5,0.281177,0.332656,0.091826,0.091826,0.183651
data\dataset_cls\train\Non_fractured\IMG0003758.jpg,train,Non_fractured,0.900549,0.324179,0.865567,0.100167,0.742222,0.42618,0.076198,0.185693,0.170794
data\dataset_cls\train\Non_fractured\IMG0003760.jpg,train,Non_fractured,0.849487,0.367128,0.5,0.5,0.770876,0.272028,0.143254,0.239225,0.125318
data\dataset_cls\train\Non_fractured\IMG0003761.jpg,train,Non_fractured,0.062168,0.409757,0.5,0.5,0.562308,0.461749,0.316232,0.1323,0.187539
data\dataset_cls\train\Non_fractured\IMG0003763.jpg,train,Non_fractured,0.356522,0.223693,0.0,0.487588,0.296103,0.422655,0.207653,0.243595,0.090376
data\dataset_cls\train\Non_fractured\IMG0003764.jpg,train,Non_fractured,0.46736,0.736408,0.376012,0.910598,0.528651,0.497546,0.023772,0.21197,0.228706
data\dataset_cls\train\Non_fractured\IMG0003765.jpg,train,Non_fractured,0.430929,0.567837,0.550646,0.917541,0.576576,0.373758,0.102544,0.299465,0.252516
data\dataset_cls\train\Non_fractured\IMG0003768.jpg,train,Non_fractured,0.218784,0.804212,0.51388,0.888784,0.509727,0.586717,0.200308,0.162972,0.197819
data\dataset_cls\train\Non_fractured\IMG0003769.jpg,train,Non_fractured,0.144065,0.388024,0.478307,0.583783,0.197884,0.583787,0.183751,0.215028,0.099819
data\dataset_cls\train\Non_fractured\IMG0003772.jpg,train,Non_fractured,0.487369,0.402956,0.0,0.87361,0.520981,0.504942,0.243542,0.437319,0.205127
data\dataset_cls\train\Non_fractured\IMG0003773.jpg,train,Non_fractured,0.670429,0.334412,0.677204,0.876866,0.399595,0.433415,0.231227,0.342034,0.215879
data\dataset_cls\train\Non_fractured\IMG0003775.jpg,train,Non_fractured,0.22885,0.419444,0.65979,0.957493,0.496966,0.446755,0.299688,0.401734,0.16492
data\dataset_cls\train\Non_fractured\IMG0003776.jpg,train,Non_fractured,0.946406,0.976544,0.929198,0.862491,0.36981,0.247455,0.343752,0.246067,0.586622
data\dataset_cls\train\Non_fractured\IMG0003777.jpg,train,Non_fractured,0.251244,0.350456,0.0,0.280692,0.555783,0.17579,0.083391,0.269264,0.301535
data\dataset_cls\train\Non_fractured\IMG0003779.jpg,train,Non_fractured,0.352878,0.455148,0.675711,0.936817,0.337864,0.456145,0.190822,0.389102,0.198494
data\dataset_cls\train\Non_fractured\IMG0003781.jpg,train,Non_fractured,0.166459,0.520848,0.0,0.515119,0.521146,0.301953,0.097688,0.239405,0.325536
data\dataset_cls\train\Non_fractured\IMG0003782.jpg,train,Non_fractured,0.186809,0.195497,0.042698,0.053647,0.458442,0.323727,0.042749,0.231691,0.264814
data\dataset_cls\train\Non_fractured\IMG0003783.jpg,train,Non_fractured,0.167172,0.506389,0.462789,0.865327,0.368052,0.414906,0.187984,0.299525,0.184067
data\dataset_cls\train\Non_fractured\IMG0003784.jpg,train,Non_fractured,0.002088,0.066994,0.432151,0.632949,0.24118,0.643419,0.441311,0.277738,0.196288
data\dataset_cls\train\Non_fractured\IMG0003787.jpg,train,Non_fractured,0.426354,0.158207,1.0,0.944643,0.460345,0.408239,0.400484,0.576324,0.193708
data\dataset_cls\train\Non_fractured\IMG0003788.jpg,train,Non_fractured,0.685036,0.163242,0.0,0.833333,0.410269,0.458554,0.453777,0.504584,0.052362
data\dataset_cls\train\Non_fractured\IMG0003789.jpg,train,Non_fractured,0.440573,0.467176,0.5,0.5,0.402128,0.575066,0.047423,0.054291,0.076052
data\dataset_cls\train\Non_fractured\IMG0003790.jpg,train,Non_fractured,0.711463,0.254565,0.0,0.638723,0.49699,0.359958,0.349128,0.459447,0.110491
data\dataset_cls\train\Non_fractured\IMG0003792.jpg,train,Non_fractured,0.396473,0.472824,0.571964,0.936085,0.683268,0.478834,0.219576,0.307583,0.200583
data\dataset_cls\train\Non_fractured\IMG0003793.jpg,train,Non_fractured,0.501831,0.523367,0.963853,0.135001,0.595258,0.487102,0.233056,0.370917,0.13963
data\dataset_cls\train\Non_fractured\IMG0003794.jpg,train,Non_fractured,0.717434,0.749885,0.967313,0.4324,0.462277,0.408,0.219797,0.269938,0.281279
data\dataset_cls\train\Non_fractured\IMG0003796.jpg,train,Non_fractured,0.390228,0.944904,0.5,0.5,0.382694,0.382327,0.337552,0.132768,0.230537
data\dataset_cls\train\Non_fractured\IMG0003799.jpg,train,Non_fractured,0.76296,0.517794,0.390499,0.936637,0.5424,0.535651,0.245488,0.324393,0.129745
data\dataset_cls\train\Non_fractured\IMG0003800.jpg,train,Non_fractured,0.846575,0.576833,0.471671,0.853414,0.551327,0.449466,0.228854,0.272793,0.19113
data\dataset_cls\train\Non_fractured\IMG0003801.jpg,train,Non_fractured,0.473071,0.357018,0.0,0.333333,0.459196,0.297027,0.164694,0.310784,0.151871
data\dataset_cls\train\Non_fractured\IMG0003802.jpg,train,Non_fractured,0.22854,0.331189,1.0,0.666667,0.567038,0.205409,0.376531,0.481366,0.198196
data\dataset_cls\train\Non_fractured\IMG0003806.jpg,train,Non_fractured,0.045334,0.632291,0.0,0.637999,0.216192,0.494974,0.060624,0.100287,0.159304
data\dataset_cls\train\Non_fractured\IMG0003807.jpg,train,Non_fractured,0.613224,0.519397,0.573817,0.887389,0.749551,0.460485,0.107974,0.274499,0.192469
data\dataset_cls\train\Non_fractured\IMG0003808.jpg,train,Non_fractured,0.394441,0.552251,0.527764,0.914269,0.722748,0.504399,0.186131,0.258116,0.231743
data\dataset_cls\train\Non_fractured\IMG0003814.jpg,train,Non_fractured,0.374507,0.570725,0.827016,0.345605,0.635364,0.435968,0.266334,0.239089,0.027407
data\dataset_cls\train\Non_fractured\IMG0003817.jpg,train,Non_fractured,0.188223,0.310428,0.5,0.5,0.513016,0.232468,0.215427,0.182026,0.161066
data\dataset_cls\train\Non_fractured\IMG0003818.jpg,train,Non_fractured,0.645199,0.854765,0.784921,0.215079,0.449366,0.275746,0.406666,0.282132,0.247445
data\dataset_cls\train\Non_fractured\IMG0003822.jpg,train,Non_fractured,0.190216,0.446657,0.127702,0.908542,0.787677,0.468212,0.240343,0.385282,0.441779
data\dataset_cls\train\Non_fractured\IMG0003824.jpg,train,Non_fractured,0.129269,0.434429,1.0,0.0,0.487417,0.298644,0.451576,0.521851,0.074813
data\dataset_cls\train\Non_fractured\IMG0003827.jpg,train,Non_fractured,0.134831,0.223889,0.0,0.833333,0.284751,0.502826,0.29617,0.343116,0.145906
data\dataset_cls\train\Non_fractured\IMG0003828.jpg,train,Non_fractured,0.385189,0.369026,0.693679,0.507759,0.689219,0.393456,0.211293,0.13415,0.104254
data\dataset_cls\train\Non_fractured\IMG0003831.jpg,train,Non_fractured,0.229753,0.511786,0.513714,0.877785,0.370501,0.31442,0.152321,0.340945,0.253578
data\dataset_cls\train\Non_fractured\IMG0003832.jpg,train,Non_fractured,0.680846,0.715794,0.045476,0.71747,0.340504,0.322954,0.3504,0.33708,0.262886
data\dataset_cls\train\Non_fractured\IMG0003835.jpg,train,Non_fractured,0.6685,1.0,0.0,0.94135,0.659982,0.440135,0.305671,0.466753,0.415037
data\dataset_cls\train\Non_fractured\IMG0003837.jpg,train,Non_fractured,0.601772,0.434321,0.660445,0.929806,0.771867,0.298381,0.142051,0.376048,0.272458
data\dataset_cls\train\Non_fractured\IMG0003838.jpg,train,Non_fractured,0.298398,0.51519,0.049373,0.995059,0.618033,0.303014,0.092283,0.476328,0.422517
data\dataset_cls\train\Non_fractured\IMG0003839.jpg,train,Non_fractured,0.320845,0.439726,1.0,0.161933,0.5452,0.418986,0.317184,0.41792,0.110024
data\dataset_cls\train\Non_fractured\IMG0003841.jpg,train,Non_fractured,0.608804,0.464401,0.037082,0.987639,0.644464,0.439631,0.244002,0.531022,0.28705
data\dataset_cls\train\Non_fractured\IMG0003842.jpg,train,Non_fractured,0.632728,0.393014,0.665231,0.844986,0.650208,0.403055,0.154903,0.298389,0.143966
data\dataset_cls\train\Non_fractured\IMG0003845.jpg,train,Non_fractured,0.539255,0.570772,0.789132,0.790576,0.70122,0.498953,0.145874,0.204303,0.123637
data\dataset_cls\train\Non_fractured\IMG0003846.jpg,train,Non_fractured,0.311627,0.666667,0.5,0.5,0.356796,0.537371,0.12567,0.129775,0.044797
data\dataset_cls\train\Non_fractured\IMG0003849.jpg,train,Non_fractured,0.291619,0.619371,0.8243,0.672987,0.650469,0.394613,0.302603,0.260208,0.178691
data\dataset_cls\train\Non_fractured\IMG0003855.jpg,train,Non_fractured,0.89626,0.41815,0.650529,0.291841,0.664949,0.402742,0.165882,0.117354,0.078994
data\dataset_cls\train\Non_fractured\IMG0003856.jpg,train,Non_fractured,0.096376,0.504834,0.5,0.5,0.300914,0.281293,0.216543,0.213177,0.147427
data\dataset_cls\train\Non_fractured\IMG0003857.jpg,train,Non_fractured,0.82507,0.525728,1.0,0.150463,0.631807,0.387156,0.171388,0.272738,0.189989
data\dataset_cls\train\Non_fractured\IMG0003858.jpg,train,Non_fractured,0.391056,0.220013,0.0,0.159509,0.479447,0.327201,0.102082,0.299972,0.21029
data\dataset_cls\train\Non_fractured\IMG0003859.jpg,train,Non_fractured,0.484914,0.692126,0.016569,0.928497,0.318289,0.313103,0.216932,0.382754,0.334517
data\dataset_cls\train\Non_fractured\IMG0003860.jpg,train,Non_fractured,0.777921,0.444714,0.851494,0.142677,0.606599,0.421697,0.113144,0.220869,0.162882
data\dataset_cls\train\Non_fractured\IMG0003863.jpg,train,Non_fractured,0.928451,0.500982,0.5,0.5,0.696175,0.373941,0.224338,0.212342,0.08522
data\dataset_cls\train\Non_fractured\IMG0003865.jpg,train,Non_fractured,0.381175,0.51982,0.45226,0.933258,0.537988,0.379889,0.118671,0.322306,0.244833
data\dataset_cls\train\Non_fractured\IMG0003867.jpg,train,Non_fractured,0.464201,0.34383,0.5,0.5,0.418533,0.411871,0.074809,0.090329,0.042904
data\dataset_cls\train\Non_fractured\IMG0003868.jpg,train,Non_fractured,0.332865,0.203522,0.495384,0.999343,0.413903,0.578334,0.398567,0.413684,0.015399
data\dataset_cls\train\Non_fractured\IMG0003872.jpg,train,Non_fractured,0.0,0.674415,1.0,0.870447,0.251127,0.316585,0.420515,0.634288,0.346239
data\dataset_cls\train\Non_fractured\IMG0003873.jpg,train,Non_fractured,1.0,0.904332,0.805614,0.189596,0.557996,0.310497,0.485037,0.27911,0.278736
data\dataset_cls\train\Non_fractured\IMG0003876.jpg,train,Non_fractured,0.502548,0.501221,0.586814,0.745011,0.626198,0.269038,0.069413,0.240387,0.242227
data\dataset_cls\train\Non_fractured\IMG0003879.jpg,train,Non_fractured,0.561193,0.636188,0.567901,0.941706,0.715167,0.252127,0.059617,0.334992,0.3717
data\dataset_cls\train\Non_fractured\IMG0003881.jpg,train,Non_fractured,0.360513,0.58457,0.423418,0.993948,0.391951,0.390996,0.078508,0.338906,0.265509
data\dataset_cls\train\Non_fractured\IMG0003884.jpg,train,Non_fractured,0.83564,0.631575,0.5,0.5,0.485662,0.399373,0.258716,0.107596,0.164486
data\dataset_cls\train\Non_fractured\IMG0003888.jpg,train,Non_fractured,0.225229,0.223117,0.908,0.509972,0.567206,0.454286,0.382747,0.359787,0.058496
data\dataset_cls\train\Non_fractured\IMG0003889.jpg,train,Non_fractured,0.979796,0.699017,0.5,0.5,0.785561,0.295034,0.301465,0.255127,0.205253
data\dataset_cls\train\Non_fractured\IMG0003891.jpg,train,Non_fractured,0.76438,0.716442,0.0,0.834047,0.50526,0.500338,0.342743,0.449156,0.200798
data\dataset_cls\train\Non_fractured\IMG0003895.jpg,train,Non_fractured,0.639601,0.632672,0.78939,0.41953,0.554983,0.396513,0.151335,0.142888,0.137011
data\dataset_cls\train\Non_fractured\IMG0003899.jpg,train,Non_fractured,0.245125,0.701391,0.016469,0.063494,0.258039,0.433688,0.310315,0.370789,0.091449
data\dataset_cls\train\Non_fractured\IMG0003900.jpg,train,Non_fractured,0.139788,0.609538,0.850066,0.975011,0.226486,0.498726,0.278891,0.525751,0.265189
data\dataset_cls\train\Non_fractured\IMG0003911.jpg,train,Non_fractured,0.374814,0.340421,0.5,0.5,0.455705,0.294947,0.07852,0.134032,0.084395
data\dataset_cls\train\Non_fractured\IMG0003913.jpg,train,Non_fractured,0.0,0.0,0.5,0.5,0.231736,0.371319,0.379273,0.330903,0.081791
data\dataset_cls\train\Non_fractured\IMG0003914.jpg,train,Non_fractured,0.440645,0.812674,0.805323,0.71425,0.476229,0.309911,0.240748,0.252741,0.317802
data\dataset_cls\train\Non_fractured\IMG0003915.jpg,train,Non_fractured,0.746039,0.545869,0.837272,0.03802,0.524731,0.293952,0.25694,0.28798,0.177955
data\dataset_cls\train\Non_fractured\IMG0003916.jpg,train,Non_fractured,0.337106,0.214436,0.217859,0.668655,0.365147,0.450973,0.23225,0.240945,0.05878
data\dataset_cls\train\Non_fractured\IMG0003917.jpg,train,Non_fractured,0.685418,0.395859,1.0,0.094027,0.628384,0.192625,0.188981,0.264829,0.147079
data\dataset_cls\train\Non_fractured\IMG0003918.jpg,train,Non_fractured,0.451783,0.33988,0.046711,0.781671,0.521841,0.566804,0.249313,0.366053,0.181773
data\dataset_cls\train\Non_fractured\IMG0003919.jpg,train,Non_fractured,0.370754,0.227416,1.0,0.101147,0.336861,0.196497,0.205252,0.437083,0.233334
data\dataset_cls\train\Non_fractured\IMG0003922.jpg,train,Non_fractured,0.050523,0.246445,0.5,0.5,0.654449,0.415314,0.378315,0.14961,0.254345
data\dataset_cls\train\Non_fractured\IMG0003923.jpg,train,Non_fractured,0.204622,0.352149,0.310387,0.468274,0.7892,0.249973,0.230161,0.167001,0.370211
data\dataset_cls\train\Non_fractured\IMG0003928.jpg,train,Non_fractured,0.241731,0.237771,0.591686,0.336561,0.530774,0.423047,0.233098,0.137017,0.118274
data\dataset_cls\train\Non_fractured\IMG0003929.jpg,train,Non_fractured,0.563508,0.154837,0.262763,0.07057,0.426777,0.265763,0.146096,0.180769,0.102444
data\dataset_cls\train\Non_fractured\IMG0003930.jpg,train,Non_fractured,0.902247,0.518462,1.0,0.108078,0.677835,0.467201,0.159568,0.292209,0.209105
data\dataset_cls\train\Non_fractured\IMG0003934.jpg,train,Non_fractured,0.927511,0.904594,0.339952,0.847772,0.705135,0.63695,0.290837,0.321703,0.166441
data\dataset_cls\train\Non_fractured\IMG0003937.jpg,train,Non_fractured,0.532463,1.0,1.0,0.833333,0.226839,0.362623,0.273395,0.425803,0.515497
data\dataset_cls\train\Non_fractured\IMG0003940.jpg,train,Non_fractured,0.445091,0.179369,0.45099,0.804192,0.480581,0.386569,0.277684,0.347572,0.07342
data\dataset_cls\train\Non_fractured\IMG0003941.jpg,train,Non_fractured,0.051247,0.124104,0.5,0.5,0.696976,0.48489,0.439772,0.155019,0.303616
data\dataset_cls\train\Non_fractured\IMG0003944.jpg,train,Non_fractured,0.21448,0.48657,0.0,0.5,0.311783,0.379696,0.049958,0.180996,0.155977
data\dataset_cls\train\Non_fractured\IMG0003945.jpg,train,Non_fractured,0.673215,0.390401,0.975286,0.071914,0.81762,0.43163,0.175187,0.273113,0.133721
data\dataset_cls\train\Non_fractured\IMG0003946.jpg,train,Non_fractured,0.191207,0.569602,0.0,0.807929,0.447565,0.301583,0.023866,0.327035,0.348831
data\dataset_cls\train\Non_fractured\IMG0003948.jpg,train,Non_fractured,0.330042,0.206651,0.0,0.440661,0.449993,0.448636,0.173432,0.270708,0.207449
data\dataset_cls\train\Non_fractured\IMG0003949.jpg,train,Non_fractured,0.013015,0.477047,1.0,0.114186,0.648092,0.350964,0.564717,0.489013,0.101345
data\dataset_cls\train\Non_fractured\IMG0003950.jpg,train,Non_fractured,0.58064,0.317224,0.5,0.5,0.753334,0.272268,0.055245,0.176401,0.168608
data\dataset_cls\train\Non_fractured\IMG0003951.jpg,train,Non_fractured,0.453585,0.358125,0.435617,0.30685,0.536889,0.447546,0.025219,0.07533,0.098332
data\dataset_cls\train\Non_fractured\IMG0003958.jpg,train,Non_fractured,0.525092,0.509433,0.633933,0.859756,0.659567,0.460427,0.129097,0.251419,0.158689
data\dataset_cls\train\Non_fractured\IMG0003959.jpg,train,Non_fractured,0.230806,0.477778,0.80452,0.62542,0.746953,0.285907,0.363586,0.265798,0.233967
data\dataset_cls\train\Non_fractured\IMG0003960.jpg,train,Non_fractured,0.65092,0.642732,0.799725,0.886335,0.51123,0.217633,0.060575,0.337233,0.391541
data\dataset_cls\train\Non_fractured\IMG0003961.jpg,train,Non_fractured,0.502266,0.823475,0.392849,0.223818,0.490579,0.313369,0.372117,0.239888,0.143089
data\dataset_cls\train\Non_fractured\IMG0003964.jpg,train,Non_fractured,0.477833,0.60525,0.59586,0.925774,0.52978,0.490144,0.088874,0.259415,0.183639
data\dataset_cls\train\Non_fractured\IMG0003969.jpg,train,Non_fractured,0.195584,0.242281,0.0,0.565886,0.502769,0.305931,0.134339,0.303359,0.277801
data\dataset_cls\train\Non_fractured\IMG0003970.jpg,train,Non_fractured,0.588642,0.316729,1.0,0.181557,0.797195,0.276453,0.214753,0.218614,0.018307
data\dataset_cls\train\Non_fractured\IMG0003971.jpg,train,Non_fractured,0.940363,0.515584,1.0,0.166667,0.792819,0.273608,0.199132,0.176068,0.126519
data\dataset_cls\train\Non_fractured\IMG0003976.jpg,train,Non_fractured,0.287232,0.410427,1.0,0.166667,0.799604,0.204554,0.435014,0.318537,0.118109
data\dataset_cls\train\Non_fractured\IMG0003977.jpg,train,Non_fractured,0.421673,0.437035,0.5,0.5,0.36775,0.498733,0.042343,0.073385,0.065245
data\dataset_cls\train\Non_fractured\IMG0003980.jpg,train,Non_fractured,0.536765,0.605822,0.5,0.5,0.366475,0.24051,0.171542,0.060531,0.231584
data\dataset_cls\train\Non_fractured\IMG0003981.jpg,train,Non_fractured,0.068778,0.666667,1.0,1.0,0.437846,0.36495,0.433559,0.59329,0.318819
data\dataset_cls\train\Non_fractured\IMG0003982.jpg,train,Non_fractured,0.588101,0.26568,0.5,0.5,0.308416,0.259345,0.144239,0.162039,0.177356
data\dataset_cls\train\Non_fractured\IMG0003983.jpg,train,Non_fractured,0.902752,0.507695,1.0,0.205319,0.567151,0.213813,0.214044,0.204842,0.273244
data\dataset_cls\train\Non_fractured\IMG0003984.jpg,train,Non_fractured,0.701775,0.695972,0.012013,0.071689,0.348737,0.172252,0.516972,0.418871,0.141157
data\dataset_cls\train\Non_fractured\IMG0003985.jpg,train,Non_fractured,0.962785,0.314835,0.341018,0.393899,0.366771,0.34988,0.407705,0.219705,0.19011
data\dataset_cls\train\Non_fractured\IMG0003986.jpg,train,Non_fractured,0.547432,0.688054,0.716316,0.919903,0.566731,0.428347,0.063411,0.263468,0.254159
data\dataset_cls\train\Non_fractured\IMG0003987.jpg,train,Non_fractured,0.649686,0.179722,0.0,0.750481,0.365273,0.379283,0.403586,0.46157,0.063244
data\dataset_cls\train\Non_fractured\IMG0003991.jpg,train,Non_fractured,0.462124,0.380405,0.423073,0.910176,0.622018,0.329659,0.164677,0.378503,0.242042
data\dataset_cls\train\Non_fractured\IMG0003992.jpg,train,Non_fractured,0.742366,0.638628,0.372578,0.908951,0.759352,0.290646,0.120416,0.389022,0.349083
data\dataset_cls\train\Non_fractured\IMG0003993.jpg,train,Non_fractured,0.411761,0.179983,0.5,0.5,0.262712,0.362489,0.16873,0.187172,0.129649
data\dataset_cls\train\Non_fractured\IMG0003998.jpg,train,Non_fractured,0.426944,0.688975,0.432935,0.934642,0.547079,0.316504,0.059616,0.290183,0.339312
data\dataset_cls\train\Non_fractured\IMG0003999.jpg,train,Non_fractured,0.139381,0.351368,0.5,0.5,0.603562,0.278999,0.276106,0.150077,0.21302
data\dataset_cls\train\Non_fractured\IMG0004002.jpg,train,Non_fractured,0.5,0.5,0.5,0.5,0.414876,0.367518,0.052491,0.052491,0.104982
data\dataset_cls\train\Non_fractured\IMG0004003.jpg,train,Non_fractured,0.500553,0.125428,0.5,0.5,0.611855,0.26642,0.175775,0.206151,0.080534
data\dataset_cls\train\Non_fractured\IMG0004004.jpg,train,Non_fractured,0.604498,0.148906,0.5,0.5,0.755871,0.215367,0.140059,0.243588,0.154001
data\dataset_cls\train\Non_fractured\IMG0004011.jpg,train,Non_fractured,0.301729,0.817517,1.0,0.235399,0.503482,0.440285,0.438481,0.476899,0.113817
data\dataset_cls\train\Non_fractured\IMG0004012.jpg,train,Non_fractured,0.281247,0.733624,0.336114,0.047681,0.545546,0.225009,0.412154,0.292333,0.192692
data\dataset_cls\train\Non_fractured\IMG0004016.jpg,train,Non_fractured,0.558873,0.475855,0.329391,0.591393,0.424757,0.416672,0.122647,0.145211,0.079031
data\dataset_cls\train\Non_fractured\IMG0004017.jpg,train,Non_fractured,0.702425,0.538518,0.622467,0.41156,0.648767,0.445312,0.085846,0.064221,0.021815
data\dataset_cls\train\Non_fractured\IMG0004018.jpg,train,Non_fractured,0.49369,0.509728,0.66926,0.344836,0.540089,0.591593,0.078996,0.170725,0.112962
data\dataset_cls\train\Non_fractured\IMG0004019.jpg,train,Non_fractured,0.309922,0.486337,0.0,0.952296,0.642999,0.315631,0.09872,0.48578,0.422239
data\dataset_cls\train\Non_fractured\IMG0004020.jpg,train,Non_fractured,0.568253,0.590151,0.491792,0.894485,0.663544,0.394176,0.036661,0.280686,0.248579
data\dataset_cls\train\Non_fractured\IMG0004021.jpg,train,Non_fractured,0.902983,0.76825,0.982517,0.0,0.304449,0.299406,0.447184,0.43638,0.429266
data\dataset_cls\train\Non_fractured\IMG0004022.jpg,train,Non_fractured,0.599127,0.806586,0.0,0.95897,0.688801,0.260965,0.214522,0.514449,0.489061
data\dataset_cls\train\Non_fractured\IMG0004027.jpg,train,Non_fractured,0.51162,0.678592,0.863157,0.310836,0.539394,0.527744,0.214172,0.297743,0.10109
data\dataset_cls\train\Non_fractured\IMG0004028.jpg,train,Non_fractured,0.449605,0.493011,0.491672,0.564005,0.536573,0.486556,0.048091,0.04949,0.052099
data\dataset_cls\train\Non_fractured\IMG0004036.jpg,train,Non_fractured,0.287704,0.442252,0.5,0.5,0.492196,0.3792,0.138941,0.094471,0.089745
data\dataset_cls\train\Non_fractured\IMG0004059.jpg,train,Non_fractured,0.964726,0.447427,0.5,0.5,0.301606,0.474222,0.376878,0.092539,0.287171
data\dataset_cls\train\Non_fractured\IMG0004060.jpg,train,Non_fractured,0.223475,0.405863,0.286807,0.755734,0.468941,0.454187,0.167967,0.220721,0.165651
data\dataset_cls\train\Non_fractured\IMG0004062.jpg,train,Non_fractured,0.589552,0.299938,0.599604,0.198009,0.543757,0.332726,0.025944,0.081883,0.06531
data\dataset_cls\train\Non_fractured\IMG0004065.jpg,train,Non_fractured,0.031509,0.319517,0.5,0.5,0.468839,0.342268,0.309447,0.201119,0.14267
data\dataset_cls\train\Non_fractured\IMG0004070.jpg,train,Non_fractured,0.021613,0.294757,0.039452,0.350711,0.295993,0.310635,0.100306,0.085765,0.177157
data\dataset_cls\train\Non_fractured\IMG0004073.jpg,train,Non_fractured,0.836956,0.440155,0.026579,0.5,0.54552,0.304947,0.368129,0.451178,0.133679
data\dataset_cls\train\Non_fractured\IMG0004075.jpg,train,Non_fractured,0.691151,0.393315,0.808932,0.908711,0.49022,0.474864,0.200903,0.348264,0.209269
data\dataset_cls\train\Non_fractured\IMG0004076.jpg,train,Non_fractured,0.600848,0.364333,0.901595,0.12029,0.597494,0.288879,0.145495,0.244064,0.107084
data\dataset_cls\train\Non_fractured\IMG0004079.jpg,train,Non_fractured,0.250659,0.848696,0.5,0.5,0.371186,0.279458,0.329883,0.133093,0.263275
data\dataset_cls\train\Non_fractured\IMG0004081.jpg,train,Non_fractured,0.33217,0.472187,0.425411,0.865082,0.541422,0.352276,0.13582,0.301996,0.237142
data\dataset_cls\train\Non_fractured\IMG0004084.jpg,train,Non_fractured,0.882053,0.969085,0.918714,0.010861,0.404572,0.266088,0.572905,0.444203,0.362678
data\dataset_cls\train\Non_fractured\IMG0004087.jpg,train,Non_fractured,0.485769,0.770435,0.95253,0.163822,0.730683,0.266893,0.439561,0.329618,0.133712
data\dataset_cls\train\Non_fractured\IMG0004092.jpg,train,Non_fractured,0.675285,0.582211,0.731118,0.383923,0.438869,0.44862,0.125942,0.14542,0.177712
data\dataset_cls\train\Non_fractured\IMG0004094.jpg,train,Non_fractured,0.307544,0.463059,0.5,0.5,0.379073,0.298608,0.097722,0.131239,0.123054
data\dataset_cls\train\Non_fractured\IMG0004096.jpg,train,Non_fractured,0.802486,0.482721,0.392299,0.900703,0.603555,0.523926,0.25427,0.336293,0.111933
data\dataset_cls\train\Non_fractured\IMG0004097.jpg,train,Non_fractured,0.60468,0.509931,0.213083,0.62102,0.35856,0.364101,0.212888,0.21702,0.138378
data\dataset_cls\train\Non_fractured\IMG0004098.jpg,train,Non_fractured,0.797535,0.711736,0.959284,0.049517,0.71197,0.409507,0.322484,0.367006,0.112618
data\dataset_cls\train\Non_fractured\IMG0004100.jpg,train,Non_fractured,1.0,0.073949,0.5,0.5,0.695231,0.45347,0.379561,0.280214,0.116848
data\dataset_cls\train\Non_fractured\IMG0004105.jpg,train,Non_fractured,0.822491,0.518325,0.290647,0.931393,0.752649,0.290242,0.209827,0.482943,0.317868
data\dataset_cls\train\Non_fractured\IMG0004108.jpg,train,Non_fractured,0.754577,0.509387,0.5,0.5,0.55456,0.273747,0.172141,0.125873,0.161419
data\dataset_cls\train\Non_fractured\IMG0004109.jpg,train,Non_fractured,0.988009,0.081136,0.0,0.029073,0.284529,0.524847,0.578746,0.461817,0.342888
data\dataset_cls\train\Non_fractured\IMG0004112.jpg,train,Non_fractured,0.161651,0.663215,0.0,1.0,0.467256,0.670682,0.124379,0.305363,0.279066
data\dataset_cls\train\Non_fractured\IMG0004118.jpg,train,Non_fractured,0.785617,0.354516,0.0,0.783377,0.477145,0.221325,0.377778,0.535047,0.238471
data\dataset_cls\train\Non_fractured\IMG0004119.jpg,train,Non_fractured,0.167441,0.31824,0.712899,0.879511,0.539639,0.434227,0.380171,0.412271,0.128241
data\dataset_cls\train\Non_fractured\IMG0004120.jpg,train,Non_fractured,0.285471,0.278761,0.076747,0.202801,0.370086,0.331687,0.042077,0.180748,0.139803
data\dataset_cls\train\Non_fractured\IMG0004121.jpg,train,Non_fractured,0.660881,0.35225,0.438693,0.426814,0.611515,0.464991,0.109962,0.132228,0.064994
data\dataset_cls\train\Non_fractured\IMG0004122.jpg,train,Non_fractured,0.228443,0.473861,0.0,0.442151,0.38073,0.506107,0.025386,0.205546,0.180543
data\dataset_cls\train\Non_fractured\IMG0004123.jpg,train,Non_fractured,0.43287,0.580398,0.030061,0.754015,0.584249,0.530042,0.093339,0.345433,0.25234
data\dataset_cls\train\Non_fractured\IMG0004129.jpg,train,Non_fractured,0.134626,0.255972,0.5,0.5,0.36107,0.461571,0.247748,0.192672,0.062897
data\dataset_cls\train\Non_fractured\IMG0004130.jpg,train,Non_fractured,0.131144,0.42774,0.0,0.242864,0.394285,0.521581,0.053448,0.23357,0.251884
data\dataset_cls\train\Non_fractured\IMG0004134.jpg,train,Non_fractured,0.518665,0.266782,0.215161,0.119306,0.554576,0.257183,0.103429,0.234467,0.132214
data\dataset_cls\train\Non_fractured\IMG0004138.jpg,train,Non_fractured,0.589735,0.067864,0.171159,0.0,0.62803,0.344762,0.144649,0.322605,0.264921
data\dataset_cls\train\Non_fractured\IMG0004142.jpg,train,Non_fractured,0.882609,0.684569,1.0,0.303071,0.827989,0.36365,0.235072,0.176127,0.115055
data\dataset_cls\train\Non_fractured\IMG0004143.jpg,train,Non_fractured,0.170719,0.235111,0.075008,0.198384,0.803425,0.435675,0.187144,0.289496,0.476605
data\dataset_cls\train\Non_fractured\IMG0004145.jpg,train,Non_fractured,0.0,0.0,0.5,0.5,0.599176,0.540093,0.504423,0.203354,0.302639
data\dataset_cls\train\Non_fractured\IMG0004146.jpg,train,Non_fractured,0.147668,0.270462,0.5,0.5,0.40094,0.428246,0.239623,0.180903,0.058862
data\dataset_cls\train\Non_fractured\IMG0004148.jpg,train,Non_fractured,0.440647,0.525306,0.604958,0.410938,0.498306,0.547902,0.080064,0.123193,0.055638
data\dataset_cls\train\Non_fractured\IMG0004149.jpg,train,Non_fractured,0.798204,0.308893,0.003269,0.294123,0.658407,0.271774,0.312057,0.483364,0.172921
data\dataset_cls\train\Non_fractured\IMG0004154.jpg,train,Non_fractured,0.243697,0.487966,0.727295,0.381057,0.427647,0.446396,0.227954,0.267321,0.039371
data\dataset_cls\train\Non_fractured\IMG0004155.jpg,train,Non_fractured,0.389619,0.564651,0.158606,0.536547,0.294555,0.361114,0.133326,0.131811,0.127056
data\dataset_cls\train\Non_fractured\IMG0004159.jpg,train,Non_fractured,0.647367,0.400729,0.0,0.256963,0.47997,0.365751,0.278047,0.385093,0.107057
data\dataset_cls\train\Non_fractured\IMG0004160.jpg,train,Non_fractured,0.440178,0.30274,0.0,0.923892,0.626933,0.505802,0.287432,0.496516,0.28054
data\dataset_cls\train\Non_fractured\IMG0004161.jpg,train,Non_fractured,0.599398,0.757935,0.005239,0.854952,0.471521,0.63017,0.240897,0.369397,0.162893
data\dataset_cls\train\Non_fractured\IMG0004164.jpg,train,Non_fractured,0.773447,0.404754,0.724837,0.879443,0.579094,0.34902,0.161436,0.336599,0.225892
data\dataset_cls\train\Non_fractured\IMG0004167.jpg,train,Non_fractured,0.267534,0.467155,0.5,0.5,0.516608,0.282407,0.168311,0.110209,0.160716
data\dataset_cls\train\Non_fractured\IMG0004168.jpg,train,Non_fractured,0.784386,0.561432,0.257412,0.286236,0.574724,0.526252,0.266451,0.329691,0.077134
data\dataset_cls\train\Non_fractured\IMG0004170.jpg,train,Non_fractured,0.524979,0.495392,0.194444,0.5,0.658691,0.440086,0.067749,0.265798,0.202986
data\dataset_cls\train\Non_fractured\IMG0004172.jpg,train,Non_fractured,0.413324,0.440933,0.0,0.833333,0.520524,0.38753,0.152254,0.418285,0.267342
data\dataset_cls\train\Non_fractured\IMG0004173.jpg,train,Non_fractured,0.236142,0.212207,0.175049,0.140113,0.764876,0.369838,0.158467,0.239163,0.394577
data\dataset_cls\train\Non_fractured\IMG0004174.jpg,train,Non_fractured,0.55355,0.456171,0.559249,0.466429,0.510311,0.450122,0.012592,0.020251,0.031616
data\dataset_cls\train\Non_fractured\IMG0004176.jpg,train,Non_fractured,0.702752,0.784397,0.242947,0.712606,0.368654,0.471718,0.294033,0.203147,0.197164
data\dataset_cls\train\Non_fractured\IMG0004177.jpg,train,Non_fractured,0.574525,0.388479,0.5,0.5,0.495863,0.211388,0.055543,0.135426,0.157669
data\dataset_cls\train\Non_fractured\IMG0004179.jpg,train,Non_fractured,0.19491,0.28221,0.423158,0.330923,0.549098,0.418433,0.203697,0.036472,0.176566
data\dataset_cls\train\Non_fractured\IMG0004185.jpg,train,Non_fractured,0.607225,0.389713,0.809331,0.321556,0.557672,0.489839,0.051956,0.170557,0.134483
data\dataset_cls\train\Non_fractured\IMG0004188.jpg,train,Non_fractured,0.072966,0.31703,0.67056,1.0,0.345478,0.155302,0.338095,0.594895,0.335933
data\dataset_cls\train\Non_fractured\IMG0004193.jpg,train,Non_fractured,0.291293,0.655429,0.55477,0.040688,0.339681,0.473311,0.285238,0.38384,0.1003
data\dataset_cls\train\Non_fractured\IMG0004194.jpg,train,Non_fractured,0.689257,0.638972,1.0,0.166667,0.495475,0.36837,0.250686,0.352601,0.233899
data\dataset_cls\train\Non_fractured\IMG0004195.jpg,train,Non_fractured,0.131671,0.544014,0.0,0.759799,0.308327,0.348463,0.016442,0.25536,0.258955
data\dataset_cls\train\Non_fractured\IMG0004223.jpg,train,Non_fractured,0.496919,0.386963,0.708761,0.31641,0.312546,0.48852,0.013807,0.21823,0.213951
data\dataset_cls\train\Non_fractured\IMG0004225.jpg,train,Non_fractured,0.599564,0.410073,0.547103,0.05364,0.5176,0.17122,0.203425,0.15819,0.054906
data\dataset_cls\train\Non_fractured\IMG0004226.jpg,train,Non_fractured,0.773653,0.431389,1.0,0.166306,0.429397,0.661432,0.041001,0.367128,0.389135
data\dataset_cls\train\Non_fractured\IMG0004227.jpg,train,Non_fractured,0.293898,0.742345,0.5,0.5,0.376931,0.580392,0.165682,0.153663,0.030286
data\dataset_cls\train\Non_fractured\IMG0004236.jpg,train,Non_fractured,0.561351,0.261178,1.0,0.304141,0.575169,0.494098,0.176647,0.291968,0.19657
data\dataset_cls\train\Non_fractured\IMG0004241.jpg,train,Non_fractured,0.56203,0.085411,0.5,0.5,0.501012,0.35493,0.231695,0.187733,0.046053
data\dataset_cls\train\Non_fractured\IMG0004243.jpg,train,Non_fractured,0.517224,0.420058,0.495904,0.362502,0.568664,0.578041,0.034949,0.096282,0.13121
data\dataset_cls\train\Non_fractured\IMG0004244.jpg,train,Non_fractured,0.589217,0.330771,0.5,0.5,0.659345,0.409717,0.082969,0.119782,0.076584
data\dataset_cls\train\Non_fractured\IMG0004245.jpg,train,Non_fractured,0.776944,0.435313,0.732366,0.085249,0.436812,0.208698,0.231074,0.178638,0.214668
data\dataset_cls\train\Non_fractured\IMG0004256.jpg,train,Non_fractured,0.110556,0.368867,0.0,0.5,0.434864,0.386737,0.086853,0.199224,0.255047
data\dataset_cls\train\Non_fractured\IMG0004258.jpg,train,Non_fractured,0.356067,0.556407,0.0,0.416305,0.427068,0.348038,0.150072,0.262141,0.189912
data\dataset_cls\train\Non_fractured\IMG0004259.jpg,train,Non_fractured,0.70171,0.541013,0.467973,0.087424,0.723359,0.422396,0.203416,0.309313,0.117169
data\dataset_cls\train\Non_fractured\IMG0004260.jpg,train,Non_fractured,0.744047,0.285499,0.5,0.5,0.730128,0.3277,0.121309,0.203976,0.084111
data\dataset_cls\train\Non_fractured\IMG0004263.jpg,train,Non_fractured,0.575311,0.411518,0.114043,0.173648,0.767909,0.305654,0.145426,0.391625,0.282289
data\dataset_cls\train\Non_fractured\IMG0004264.jpg,train,Non_fractured,0.592586,0.182947,0.465626,0.137978,0.505292,0.128919,0.078673,0.056817,0.026349
data\dataset_cls\train\Non_fractured\IMG0004270.jpg,train,Non_fractured,0.946149,0.839427,0.0,0.141923,0.501186,0.267245,0.627809,0.55496,0.150128
data\dataset_cls\train\Non_fractured\IMG0004273.jpg,train,Non_fractured,0.432633,0.529116,1.0,0.142612,0.591498,0.530112,0.27407,0.415185,0.15393
data\dataset_cls\train\Non_fractured\IMG0004274.jpg,train,Non_fractured,0.598928,0.580936,0.572102,0.537302,0.646219,0.533345,0.031165,0.036154,0.043966
data\dataset_cls\train\Non_fractured\IMG0004277.jpg,train,Non_fractured,0.646238,0.278177,0.674196,0.152884,0.714533,0.350236,0.036665,0.107628,0.096829
data\dataset_cls\train\Non_fractured\IMG0004278.jpg,train,Non_fractured,0.771809,0.187395,0.5,0.5,0.501275,0.510688,0.278588,0.135699,0.143001
data\dataset_cls\train\Non_fractured\IMG0004279.jpg,train,Non_fractured,0.527339,0.178328,0.846025,0.395575,0.65152,0.367234,0.200303,0.189642,0.05843
data\dataset_cls\train\Non_fractured\IMG0004284.jpg,train,Non_fractured,0.651211,0.549651,0.786165,0.831247,0.528692,0.327292,0.020176,0.292705,0.273237
data\dataset_cls\train\Non_fractured\IMG0004286.jpg,train,Non_fractured,0.668008,0.39481,0.859742,0.243668,0.511169,0.37674,0.057591,0.2035,0.172777
data\dataset_cls\train\Non_fractured\IMG0004287.jpg,train,Non_fractured,0.503318,0.396033,0.814877,0.121912,0.534053,0.236154,0.184247,0.236113,0.08474
data\dataset_cls\train\Non_fractured\IMG0004288.jpg,train,Non_fractured,0.493084,0.412347,1.0,0.094756,0.574924,0.30825,0.241397,0.357563,0.120082
data\dataset_cls\train\Non_fractured\IMG0004290.jpg,train,Non_fractured,0.29925,0.325524,0.539767,0.724268,0.483237,0.580002,0.25968,0.206316,0.056167
data\dataset_cls\train\Non_fractured\IMG0004291.jpg,train,Non_fractured,0.417962,0.679894,0.458755,0.603418,0.433094,0.316431,0.147826,0.073584,0.216845
data\dataset_cls\train\Non_fractured\IMG0004294.jpg,train,Non_fractured,0.891045,0.72601,0.089954,0.012321,0.543221,0.426392,0.510642,0.562263,0.051873
data\dataset_cls\train\Non_fractured\IMG0004295.jpg,train,Non_fractured,0.444993,0.495623,0.091308,0.807084,0.451358,0.367057,0.130844,0.34547,0.225477
data\dataset_cls\train\Non_fractured\IMG0004296.jpg,train,Non_fractured,0.333715,0.238341,0.089227,0.207146,0.397811,0.483909,0.093391,0.21101,0.213885
data\dataset_cls\train\Non_fractured\IMG0004297.jpg,train,Non_fractured,0.387376,0.293161,0.087613,0.218933,0.403197,0.64699,0.132833,0.264773,0.283074
data\dataset_cls\train\Non_fractured\IMG0004299.jpg,train,Non_fractured,0.594985,0.45026,0.548694,0.893281,0.618564,0.550215,0.18115,0.264874,0.086817
data\dataset_cls\train\Non_fractured\IMG0004302.jpg,train,Non_fractured,0.527502,0.720607,0.432869,0.924968,0.472234,0.383912,0.066652,0.252455,0.292632
data\dataset_cls\train\Non_fractured\IMG0004304.jpg,train,Non_fractured,0.626873,0.646121,1.0,0.408017,0.730388,0.530463,0.19786,0.245653,0.055412
data\dataset_cls\train\Non_fractured\IMG0004307.jpg,train,Non_fractured,0.588903,0.585105,0.409375,0.927593,0.61364,0.408407,0.075606,0.314427,0.244199
data\dataset_cls\train\Non_fractured\IMG0004308.jpg,train,Non_fractured,0.3369,0.151938,0.296681,0.101459,0.619777,0.371717,0.098627,0.161545,0.259774
data\dataset_cls\train\Non_fractured\IMG0004310.jpg,train,Non_fractured,0.428184,0.795763,0.498009,0.876484,0.510299,0.53266,0.079127,0.142808,0.204741
data\dataset_cls\train\Non_fractured\IMG0004314.jpg,train,Non_fractured,0.516891,0.362409,0.344887,0.573444,0.420564,0.432819,0.12962,0.143376,0.024396
data\dataset_cls\train\Non_fractured\IMG0004346.jpg,train,Non_fractured,0.428184,0.795763,0.498009,0.876484,0.510299,0.53266,0.079127,0.142808,0.204741
data\dataset_cls\train\Non_fractured\IMG0004347.jpg,train,Non_fractured,0.3369,0.151938,0.296681,0.101459,0.619777,0.371717,0.098627,0.161545,0.259774
data\dataset_cls\train\Non_fractured\IMG0004371.jpg,train,Non_fractured,0.173363,0.325186,0.111489,0.240499,0.415847,0.417979,0.060264,0.150132,0.203329
data\dataset_cls\train\Non_fractured\IMG0004372.jpg,train,Non_fractured,0.15071,0.444444,0.5,0.5,0.514227,0.456796,0.238678,0.116438,0.126334
data\dataset_cls\train\Non_fractured\IMG0004383.jpg,train,Non_fractured,0.305907,0.364891,0.5,0.5,0.537363,0.39007,0.151578,0.096958,0.093954
data\dataset_cls\train\Non_fractured\IMG0004389.jpg,train,Non_fractured,0.5,0.5,0.5,0.5,0.527953,0.1906,0.103553,0.103553,0.207107
data\dataset_cls\val\Fractured\IMG0003733.jpg,val,Fractured,0.507175,0.463308,0.456171,0.724019,0.585994,0.528311,0.108967,0.163645,0.082067
data\dataset_cls\val\Fractured\IMG0003734.jpg,val,Fractured,0.651157,0.706193,0.474799,0.672866,0.591105,0.408676,0.135543,0.124253,0.188172
data\dataset_cls\val\Fractured\IMG0003766.jpg,val,Fractured,0.480149,0.590424,0.454564,0.44859,0.615862,0.46862,0.095239,0.082412,0.104655
data\dataset_cls\val\Fractured\IMG0003767.jpg,val,Fractured,0.489472,0.568091,0.78698,0.641223,0.598577,0.51585,0.135716,0.174965,0.064838
data\dataset_cls\val\Fractured\IMG0003770.jpg,val,Fractured,0.217901,0.688186,0.725725,0.835092,0.634889,0.602821,0.308952,0.236213,0.151755
data\dataset_cls\val\Fractured\IMG0003771.jpg,val,Fractured,0.777144,0.493133,0.637738,0.090257,0.303303,0.345529,0.274692,0.228812,0.271805
data\dataset_cls\val\Fractured\IMG0003774.jpg,val,Fractured,0.830086,0.464445,0.5,0.5,0.85396,0.546812,0.109378,0.228046,0.133102
data\dataset_cls\val\Fractured\IMG0003785.jpg,val,Fractured,0.630338,0.33008,0.493686,0.376081,0.608654,0.351834,0.057408,0.087081,0.031106
data\dataset_cls\val\Fractured\IMG0003786.jpg,val,Fractured,0.544989,0.352416,0.463316,0.383262,0.54068,0.457883,0.053721,0.054984,0.06478
data\dataset_cls\val\Fractured\IMG0003797.jpg,val,Fractured,0.758586,0.463593,0.5,0.5,0.827393,0.411118,0.063486,0.199741,0.14022
data\dataset_cls\val\Fractured\IMG0003798.jpg,val,Fractured,0.776611,0.570528,1.0,0.5,0.688325,0.437831,0.081345,0.178376,0.148302
data\dataset_cls\val\Fractured\IMG0003803.jpg,val,Fractured,0.815701,0.318978,0.5,0.5,0.419221,0.321115,0.245118,0.143264,0.169645
data\dataset_cls\val\Fractured\IMG0003810.jpg,val,Fractured,0.496079,0.356622,0.255244,0.775531,0.283059,0.499292,0.240684,0.248418,0.076115
data\dataset_cls\val\Fractured\IMG0003812.jpg,val,Fractured,0.34214,0.403367,0.528195,0.908341,0.562084,0.384733,0.211177,0.346592,0.199572
data\dataset_cls\val\Fractured\IMG0003813.jpg,val,Fractured,0.606539,0.354448,0.685293,0.55997,0.758288,0.381887,0.109241,0.127883,0.090187
data\dataset_cls\val\Fractured\IMG0003819.jpg,val,Fractured,0.687599,0.146115,0.5,0.5,0.50143,0.356911,0.225726,0.177237,0.065585
data\dataset_cls\val\Fractured\IMG0003820.jpg,val,Fractured,0.705853,0.320988,0.57461,0.142042,0.603336,0.388626,0.086303,0.151535,0.10759
data\dataset_cls\val\Fractured\IMG0003821.jpg,val,Fractured,0.28895,0.460585,0.0,0.088663,0.610822,0.261904,0.190517,0.350681,0.311013
data\dataset_cls\val\Fractured\IMG0003843.jpg,val,Fractured,0.591579,0.468054,0.539901,0.464564,0.622696,0.522377,0.018278,0.049263,0.053282
data\dataset_cls\val\Fractured\IMG0003844.jpg,val,Fractured,0.56463,0.460167,0.55628,0.46096,0.611358,0.491436,0.01667,0.023344,0.039689
data\dataset_cls\val\Fractured\IMG0003847.jpg,val,Fractured,0.623536,0.565581,0.5,0.5,0.694778,0.494559,0.048757,0.107982,0.092264
data\dataset_cls\val\Fractured\IMG0003848.jpg,val,Fractured,0.432854,0.275697,0.75184,0.637865,0.594293,0.46854,0.244687,0.237947,0.007946
data\dataset_cls\val\Fractured\IMG0003851.jpg,val,Fractured,0.873293,0.420847,0.732613,0.844793,0.552714,0.438951,0.21296,0.276904,0.211034
data\dataset_cls\val\Fractured\IMG0003852.jpg,val,Fractured,0.893615,0.513533,0.691436,0.902677,0.780258,0.3965,0.138887,0.313808,0.207897
data\dataset_cls\val\Fractured\IMG0003870.jpg,val,Fractured,0.57735,0.392644,0.553615,0.421319,0.632579,0.32507,0.016683,0.053906,0.07059
data\dataset_cls\val\Fractured\IMG0003871.jpg,val,Fractured,0.585234,0.487014,0.674288,0.392582,0.686814,0.442561,0.07862,0.054478,0.03808
data\dataset_cls\val\Fractured\IMG0003892.jpg,val,Fractured,0.285464,0.528271,0.504463,0.451574,0.561448,0.519827,0.167417,0.072464,0.112766
data\dataset_cls\val\Fractured\IMG0003893.jpg,val,Fractured,0.557448,0.345842,0.560913,0.45241,0.462932,0.487155,0.088025,0.041432,0.086955
data\dataset_cls\val\Fractured\IMG0003905.jpg,val,Fractured,0.67152,0.522619,0.389093,0.545661,0.651599,0.316647,0.117794,0.200134,0.166019
data\dataset_cls\val\Fractured\IMG0003906.jpg,val,Fractured,0.533355,0.507016,0.458806,0.648748,0.629314,0.424212,0.020899,0.146896,0.13559
data\dataset_cls\val\Fractured\IMG0003924.jpg,val,Fractured,0.48172,0.435975,0.523593,0.515632,0.516535,0.3905,0.027987,0.070185,0.057617
data\dataset_cls\val\Fractured\IMG0003925.jpg,val,Fractured,0.502421,0.360919,0.531161,0.44161,0.647636,0.456608,0.082577,0.036535,0.094712
data\dataset_cls\val\Fractured\IMG0003926.jpg,val,Fractured,0.56211,0.368835,0.702194,0.376686,0.709798,0.465285,0.10203,0.051717,0.080525
data\dataset_cls\val\Fractured\IMG0003927.jpg,val,Fractured,0.52551,0.462538,0.629382,0.657753,0.556367,0.566019,0.109225,0.112363,0.014588
data\dataset_cls\val\Fractured\IMG0003932.jpg,val,Fractured,0.797036,0.781184,0.614485,0.896537,0.518716,0.455198,0.168908,0.187805,0.284552
data\dataset_cls\val\Fractured\IMG0003942.jpg,val,Fractured,0.665036,0.440043,0.441489,0.615876,0.585589,0.429685,0.115078,0.17199,0.06897
data\dataset_cls\val\Fractured\IMG0003943.jpg,val,Fractured,0.573034,0.407652,0.497098,0.451942,0.707854,0.2488,0.042936,0.126234,0.166821
data\dataset_cls\val\Fractured\IMG0003952.jpg,val,Fractured,0.565069,0.223528,0.467457,0.340813,0.594741,0.357934,0.0869,0.082065,0.072722
data\dataset_cls\val\Fractured\IMG0003953.jpg,val,Fractured,0.684742,0.326591,0.578079,0.311966,0.509006,0.278413,0.096433,0.014029,0.086031
data\dataset_cls\val\Fractured\IMG0003954.jpg,val,Fractured,0.170759,0.445929,0.074723,0.341012,0.495697,0.369176,0.097411,0.177955,0.249164
data\dataset_cls\val\Fractured\IMG0003955.jpg,val,Fractured,0.676773,0.426618,0.369791,0.507028,0.467399,0.536174,0.183397,0.135942,0.059376
data\dataset_cls\val\Fractured\IMG0004007.jpg,val,Fractured,0.413422,0.31113,0.672829,0.47173,0.630225,0.451288,0.187744,0.117373,0.070456
data\dataset_cls\val\Fractured\IMG0004008.jpg,val,Fractured,0.651721,0.356496,0.58856,0.372554,0.580263,0.264202,0.051568,0.045324,0.071972
data\dataset_cls\val\Fractured\IMG0004009.jpg,val,Fractured,0.477311,0.319696,0.382207,0.338442,0.448011,0.262994,0.043355,0.062151,0.0457
data\dataset_cls\val\Fractured\IMG0004010.jpg,val,Fractured,0.465592,0.543607,0.532394,0.41664,0.428774,0.437914,0.078195,0.075291,0.054619
data\dataset_cls\val\Fractured\IMG0004042.jpg,val,Fractured,0.498988,0.430772,0.488256,0.608808,0.499195,0.41429,0.053966,0.124394,0.070431
data\dataset_cls\val\Fractured\IMG0004043.jpg,val,Fractured,0.498581,0.315369,0.568768,0.548215,0.538237,0.448413,0.127341,0.115854,0.01149
data\dataset_cls\val\Fractured\IMG0004044.jpg,val,Fractured,0.572416,0.434672,0.578594,0.441563,0.616793,0.409544,0.017915,0.016797,0.033474
data\dataset_cls\val\Fractured\IMG0004045.jpg,val,Fractured,0.624136,0.365598,0.580189,0.44646,0.639588,0.344027,0.021928,0.070141,0.048281
data\dataset_cls\val\Fractured\IMG0004061.jpg,val,Fractured,0.730027,0.799502,0.601447,0.641245,0.526564,0.49788,0.189074,0.018574,0.174957
data\dataset_cls\val\Fractured\IMG0004067.jpg,val,Fractured,0.497178,0.403569,0.409555,0.488729,0.499207,0.478594,0.06054,0.067088,0.03744
data\dataset_cls\val\Fractured\IMG0004068.jpg,val,Fractured,0.603842,0.503612,0.394681,0.442328,0.536569,0.500063,0.094645,0.123558,0.030738
data\dataset_cls\val\Fractured\IMG0004071.jpg,val,Fractured,0.684325,0.37794,0.631866,0.376318,0.616383,0.4642,0.049058,0.032281,0.064364
data\dataset_cls\val\Fractured\IMG0004072.jpg,val,Fractured,0.562604,0.408856,0.554577,0.436856,0.54132,0.49802,0.040258,0.011191,0.051415
data\dataset_cls\val\Fractured\IMG0004113.jpg,val,Fractured,0.447556,0.662814,0.591123,0.622641,0.67684,0.607577,0.128288,0.021021,0.107584
data\dataset_cls\val\Fractured\IMG0004114.jpg,val,Fractured,0.542643,0.574006,0.449064,0.610222,0.543563,0.560173,0.031775,0.068973,0.038277
data\dataset_cls\val\Fractured\IMG0004116.jpg,val,Fractured,0.510452,0.353368,0.426776,0.333441,0.466469,0.37404,0.042554,0.045805,0.020474
data\dataset_cls\val\Fractured\IMG0004117.jpg,val,Fractured,0.691871,0.312444,0.746432,0.497701,0.648732,0.501645,0.124877,0.078922,0.07968
data\dataset_cls\val\Fractured\IMG0004150.jpg,val,Fractured,0.595162,0.489778,0.483756,0.448067,0.472266,0.590218,0.080517,0.069753,0.092442
data\dataset_cls\val\Fractured\IMG0004151.jpg,val,Fractured,0.558264,0.515563,0.551754,0.511872,0.576173,0.589621,0.023761,0.029039,0.052532
data\dataset_cls\val\Fractured\IMG0004187.jpg,val,Fractured,0.485775,0.551013,0.558359,0.55094,0.604087,0.446131,0.072615,0.036041,0.088744
data\dataset_cls\val\Fractured\IMG0004206.jpg,val,Fractured,0.568135,0.319444,0.495585,0.540759,0.679524,0.609885,0.171076,0.099414,0.155101
data\dataset_cls\val\Fractured\IMG0004207.jpg,val,Fractured,0.60634,0.633898,0.520859,0.669275,0.62733,0.480802,0.044743,0.098293,0.121525
data\dataset_cls\val\Fractured\IMG0004208.jpg,val,Fractured,0.552952,0.491511,0.486051,0.471561,0.540176,0.530833,0.027333,0.048217,0.035638
data\dataset_cls\val\Fractured\IMG0004209.jpg,val,Fractured,0.481068,0.532397,0.459948,0.436023,0.512162,0.493348,0.045263,0.056765,0.02843
data\dataset_cls\val\Fractured\IMG0004217.jpg,val,Fractured,0.237362,0.247086,0.68664,0.475133,0.545033,0.399024,0.282324,0.221524,0.060852
data\dataset_cls\val\Fractured\IMG0004232.jpg,val,Fractured,0.729903,0.52478,0.523745,0.417183,0.589215,0.577043,0.117077,0.127068,0.075022
data\dataset_cls\val\Fractured\IMG0004233.jpg,val,Fractured,0.500745,0.25548,0.418328,0.177436,0.488701,0.318717,0.031871,0.0891,0.070891
data\dataset_cls\val\Fractured\IMG0004262.jpg,val,Fractured,0.230039,0.263949,0.469224,0.482308,0.430466,0.463294,0.202137,0.121837,0.08073
data\dataset_cls\val\Fractured\IMG0004266.jpg,val,Fractured,0.574433,0.525228,0.5844,0.52774,0.592747,0.582327,0.021993,0.017367,0.038275
data\dataset_cls\val\Fractured\IMG0004267.jpg,val,Fractured,0.538738,0.344865,0.495689,0.429742,0.542401,0.572049,0.104846,0.03552,0.124303
data\dataset_cls\val\Fractured\IMG0004320.jpg,val,Fractured,0.555411,0.403525,0.528504,0.310261,0.552809,0.536364,0.016455,0.107816,0.119866
data\dataset_cls\val\Fractured\IMG0004333.jpg,val,Fractured,0.520254,0.345247,0.531612,0.400639,0.497697,0.300377,0.005122,0.054035,0.05191
data\dataset_cls\val\Fractured\IMG0004334.jpg,val,Fractured,0.500196,0.365739,0.536595,0.300872,0.615672,0.25319,0.077848,0.015336,0.084014
data\dataset_cls\val\Fractured\IMG0004337.jpg,val,Fractured,0.614206,0.595144,0.43282,0.37812,0.3548,0.560371,0.169213,0.137479,0.122749
data\dataset_cls\val\Fractured\IMG0004349.jpg,val,Fractured,0.849759,0.557692,0.006748,0.91269,0.589257,0.674238,0.400013,0.514705,0.11477
data\dataset_cls\val\Fractured\IMG0004356.jpg,val,Fractured,0.41208,0.420315,0.496845,0.405199,0.507309,0.368345,0.06403,0.025805,0.04602
data\dataset_cls\val\Fractured\IMG0004369.jpg,val,Fractured,0.369871,0.813534,0.5,0.5,0.619778,0.466673,0.253979,0.093466,0.176764
data\dataset_cls\val\Fractured\IMG0004370.jpg,val,Fractured,0.536881,0.347505,0.011542,0.666667,0.425655,0.409549,0.247327,0.367373,0.12009
data\dataset_cls\val\Fractured\IMG0004374.jpg,val,Fractured,0.572416,0.434672,0.578594,0.441563,0.616793,0.409544,0.017915,0.016797,0.033474
data\dataset_cls\val\Fractured\IMG0004375.jpg,val,Fractured,0.498988,0.430772,0.488256,0.608808,0.499195,0.41429,0.053966,0.124394,0.070431
data\dataset_cls\val\Fractured\IMG0004376.jpg,val,Fractured,0.498581,0.315369,0.568768,0.548215,0.538237,0.448413,0.127341,0.115854,0.01149
data\dataset_cls\val\Non_fractured\IMG0000001.jpg,val,Non_fractured,0.502527,0.052323,0.666667,1.0,0.407614,0.656588,0.517829,0.452892,0.146567
data\dataset_cls\val\Non_fractured\IMG0000006.jpg,val,Non_fractured,0.701175,0.534079,0.0,1.0,0.541005,0.382854,0.305677,0.549347,0.285858
data\dataset_cls\val\Non_fractured\IMG0000008.jpg,val,Non_fractured,0.721863,0.105943,0.743327,0.089006,0.565876,0.320293,0.07963,0.10603,0.185524
data\dataset_cls\val\Non_fractured\IMG0000014.jpg,val,Non_fractured,0.321929,0.157556,0.80943,0.46038,0.563619,0.359885,0.295691,0.278969,0.033973
data\dataset_cls\val\Non_fractured\IMG0000023.jpg,val,Non_fractured,0.626556,0.465489,0.621388,0.380821,0.553456,0.569742,0.026894,0.093565,0.108444
data\dataset_cls\val\Non_fractured\IMG0000034.jpg,val,Non_fractured,0.76288,0.675103,0.502806,0.976324,0.696115,0.274145,0.113906,0.367025,0.370124
data\dataset_cls\val\Non_fractured\IMG0000040.jpg,val,Non_fractured,0.783828,0.740333,0.815258,0.0,0.440011,0.121468,0.464878,0.317646,0.291444
data\dataset_cls\val\Non_fractured\IMG0000041.jpg,val,Non_fractured,0.589581,0.584603,1.0,0.0,0.50677,0.427615,0.270244,0.452299,0.212148
data\dataset_cls\val\Non_fractured\IMG0000066.jpg,val,Non_fractured,0.374396,0.408437,0.356928,0.614942,0.651244,0.418739,0.112686,0.169766,0.200218
data\dataset_cls\val\Non_fractured\IMG0000104.jpg,val,Non_fractured,0.8438,0.3124,0.666667,0.333333,0.389388,0.317365,0.210692,0.035576,0.243925
data\dataset_cls\val\Non_fractured\IMG0000108.jpg,val,Non_fractured,0.724587,0.43389,0.808233,0.632847,0.473049,0.266873,0.056967,0.234418,0.264223
data\dataset_cls\val\Non_fractured\IMG0000109.jpg,val,Non_fractured,0.360586,0.795422,0.77246,0.854857,0.453991,0.564882,0.177821,0.269874,0.18903
data\dataset_cls\val\Non_fractured\IMG0000121.jpg,val,Non_fractured,0.480966,0.090751,0.0,1.0,0.505825,0.570189,0.487224,0.55446,0.177667
data\dataset_cls\val\Non_fractured\IMG0000161.jpg,val,Non_fractured,0.748586,0.39065,0.5,0.5,0.497815,0.353221,0.16817,0.11847,0.104307
data\dataset_cls\val\Non_fractured\IMG0000170.jpg,val,Non_fractured,0.384249,0.684553,0.10594,0.240921,0.608112,0.572719,0.186042,0.366734,0.252875
data\dataset_cls\val\Non_fractured\IMG0000172.jpg,val,Non_fractured,0.705117,0.295222,0.722458,0.509843,0.486558,0.427908,0.133795,0.12999,0.152427
data\dataset_cls\val\Non_fractured\IMG0000176.jpg,val,Non_fractured,0.629079,0.366071,0.65698,0.865231,0.361942,0.537917,0.23746,0.295776,0.194426
data\dataset_cls\val\Non_fractured\IMG0000177.jpg,val,Non_fractured,0.7304,0.370162,0.0,0.0,0.480954,0.593981,0.330238,0.51607,0.283312
data\dataset_cls\val\Non_fractured\IMG0000185.jpg,val,Non_fractured,0.179727,0.57579,0.54823,0.686823,0.442684,0.581503,0.214054,0.173696,0.062093
data\dataset_cls\val\Non_fractured\IMG0000197.jpg,val,Non_fractured,0.697703,0.535731,0.44084,0.39454,0.476481,0.506434,0.169191,0.128932,0.067711
data\dataset_cls\val\Non_fractured\IMG0000198.jpg,val,Non_fractured,0.615485,0.289589,0.609123,0.611833,0.539199,0.303172,0.115282,0.211366,0.109772
data\dataset_cls\val\Non_fractured\IMG0000208.jpg,val,Non_fractured,0.005035,0.045066,0.5,0.5,0.353154,0.365153,0.381728,0.290548,0.09118
data\dataset_cls\val\Non_fractured\IMG0000224.jpg,val,Non_fractured,0.383634,0.102926,0.5,0.5,0.607603,0.531714,0.297746,0.121822,0.18915
data\dataset_cls\val\Non_fractured\IMG0000226.jpg,val,Non_fractured,0.316105,0.635274,0.728392,0.979475,0.523374,0.502715,0.218236,0.342384,0.203108
data\dataset_cls\val\Non_fractured\IMG0000227.jpg,val,Non_fractured,0.321376,0.30176,0.0,1.0,0.426891,0.364465,0.263657,0.509778,0.260681
data\dataset_cls\val\Non_fractured\IMG0000240.jpg,val,Non_fractured,0.675194,0.250398,0.5,0.5,0.492319,0.463497,0.195023,0.110512,0.086601
data\dataset_cls\val\Non_fractured\IMG0000251.jpg,val,Non_fractured,0.419171,0.51474,0.897115,0.988831,0.226085,0.474356,0.172963,0.505239,0.342306
data\dataset_cls\val\Non_fractured\IMG0000253.jpg,val,Non_fractured,0.394051,0.461161,0.974101,0.540807,0.480877,0.472194,0.224338,0.361155,0.136819
data\dataset_cls\val\Non_fractured\IMG0000258.jpg,val,Non_fractured,1.0,0.0,0.5,0.5,0.524606,0.439375,0.451395,0.255932,0.19626
data\dataset_cls\val\Non_fractured\IMG0000259.jpg,val,Non_fractured,0.890636,0.429807,0.831164,0.983785,0.649845,0.379868,0.195566,0.388096,0.259423
data\dataset_cls\val\Non_fractured\IMG0000269.jpg,val,Non_fractured,0.323059,0.598512,0.0,0.0,0.389745,0.374967,0.287035,0.402182,0.160298
data\dataset_cls\val\Non_fractured\IMG0000270.jpg,val,Non_fractured,0.320741,0.282183,0.636048,0.832327,0.396205,0.639169,0.32924,0.309244,0.077359
data\dataset_cls\val\Non_fractured\IMG0000300.jpg,val,Non_fractured,0.757039,0.864434,0.0,1.0,0.452402,0.613647,0.35597,0.439083,0.218017
data\dataset_cls\val\Non_fractured\IMG0000302.jpg,val,Non_fractured,0.248317,0.0,0.707863,0.0,0.477557,0.445936,0.273513,0.273811,0.297291
data\dataset_cls\val\Non_fractured\IMG0000303.jpg,val,Non_fractured,0.293351,0.389723,0.047656,0.715639,0.391907,0.602003,0.185982,0.245231,0.15122
data\dataset_cls\val\Non_fractured\IMG0000309.jpg,val,Non_fractured,0.427152,0.729581,0.155005,0.818039,0.334317,0.575459,0.123614,0.186607,0.135339
data\dataset_cls\val\Non_fractured\IMG0000321.jpg,val,Non_fractured,0.767871,0.309069,0.0,0.513662,0.472932,0.232105,0.356815,0.444214,0.133424
data\dataset_cls\val\Non_fractured\IMG0000322.jpg,val,Non_fractured,0.971488,0.654658,0.019285,0.248703,0.692194,0.20703,0.499465,0.555146,0.209324
data\dataset_cls\val\Non_fractured\IMG0000324.jpg,val,Non_fractured,0.049785,1.0,0.0,1.0,0.408667,0.468858,0.204845,0.233878,0.436855
data\dataset_cls\val\Non_fractured\IMG0000332.jpg,val,Non_fractured,0.262134,0.323231,0.0,0.308399,0.515009,0.34925,0.004841,0.259712,0.25693
data\dataset_cls\val\Non_fractured\IMG0000355.jpg,val,Non_fractured,0.370967,0.54751,0.947586,0.261314,0.439889,0.503394,0.241713,0.402052,0.160455
data\dataset_cls\val\Non_fractured\IMG0000362.jpg,val,Non_fractured,0.44469,0.434348,0.0,0.666667,0.455532,0.461958,0.168585,0.333565,0.166289
data\dataset_cls\val\Non_fractured\IMG0000374.jpg,val,Non_fractured,0.815651,0.61525,0.229718,0.908965,0.606521,0.483545,0.270467,0.400557,0.193937
data\dataset_cls\val\Non_fractured\IMG0000405.jpg,val,Non_fractured,0.199447,0.818506,0.086834,0.137596,0.313291,0.47095,0.342822,0.35648,0.113533
data\dataset_cls\val\Non_fractured\IMG0000409.jpg,val,Non_fractured,0.309517,0.837407,0.132963,0.939742,0.294203,0.72998,0.063979,0.1533,0.116382
data\dataset_cls\val\Non_fractured\IMG0000413.jpg,val,Non_fractured,0.0,0.0,0.5,0.5,0.343352,0.543202,0.447153,0.266636,0.205136
data\dataset_cls\val\Non_fractured\IMG0000424.jpg,val,Non_fractured,0.529128,0.53222,0.581199,0.220664,0.339317,0.550414,0.10803,0.235155,0.184819
data\dataset_cls\val\Non_fractured\IMG0000428.jpg,val,Non_fractured,0.253755,0.5951,0.5,0.5,0.250862,0.569301,0.090576,0.173984,0.085253
data\dataset_cls\val\Non_fractured\IMG0000430.jpg,val,Non_fractured,0.201575,0.077662,0.5,0.5,0.454847,0.388171,0.305766,0.211707,0.095909
data\dataset_cls\val\Non_fractured\IMG0000436.jpg,val,Non_fractured,0.232202,0.682031,0.5,0.5,0.42484,0.44233,0.208129,0.121603,0.106578
data\dataset_cls\val\Non_fractured\IMG0000451.jpg,val,Non_fractured,0.206076,0.552229,0.553636,0.382214,0.669291,0.454447,0.284619,0.111786,0.193144
data\dataset_cls\val\Non_fractured\IMG0000458.jpg,val,Non_fractured,0.470111,0.543247,0.155019,0.131928,0.430766,0.553019,0.178533,0.340261,0.163818
data\dataset_cls\val\Non_fractured\IMG0000477.jpg,val,Non_fractured,0.462357,0.123337,0.39013,0.624563,0.511087,0.473978,0.284064,0.226612,0.087443
data\dataset_cls\val\Non_fractured\IMG0000481.jpg,val,Non_fractured,0.722979,0.376348,0.802917,0.483055,0.613101,0.43113,0.054747,0.104313,0.099903
data\dataset_cls\val\Non_fractured\IMG0000485.jpg,val,Non_fractured,0.437531,0.762319,0.488785,0.227746,0.37096,0.456881,0.28005,0.260733,0.06652
data\dataset_cls\val\Non_fractured\IMG0000489.jpg,val,Non_fractured,0.023844,0.789531,0.349265,0.388176,0.295669,0.434842,0.321162,0.195612,0.125832
data\dataset_cls\val\Non_fractured\IMG0000492.jpg,val,Non_fractured,0.409623,0.837419,0.5,0.5,0.165827,0.614784,0.193562,0.206755,0.195982
data\dataset_cls\val\Non_fractured\IMG0000518.jpg,val,Non_fractured,0.70905,0.581141,0.958032,0.439803,0.404882,0.577984,0.051558,0.283146,0.289295
data\dataset_cls\val\Non_fractured\IMG0000519.jpg,val,Non_fractured,0.692295,0.321697,0.5,0.5,0.44212,0.259474,0.152481,0.146623,0.143973
data\dataset_cls\val\Non_fractured\IMG0000537.jpg,val,Non_fractured,0.825148,0.466025,0.716593,0.570557,0.304821,0.435236,0.211063,0.128871,0.315595
data\dataset_cls\val\Non_fractured\IMG0000543.jpg,val,Non_fractured,0.835025,0.333327,0.543803,0.431888,0.446689,0.567472,0.252211,0.065869,0.203404
data\dataset_cls\val\Non_fractured\IMG0000556.jpg,val,Non_fractured,0.589061,0.215943,0.861381,0.175747,0.310379,0.372792,0.038942,0.285607,0.300669
data\dataset_cls\val\Non_fractured\IMG0000567.jpg,val,Non_fractured,0.977678,0.293745,0.5,0.5,0.53284,0.401579,0.324839,0.198174,0.137368
data\dataset_cls\val\Non_fractured\IMG0000568.jpg,val,Non_fractured,0.729429,0.387177,0.5,0.5,0.511092,0.243762,0.149603,0.14684,0.150064
data\dataset_cls\val\Non_fractured\IMG0000581.jpg,val,Non_fractured,0.41422,0.6852,0.0,0.126155,0.462545,0.372553,0.315123,0.396856,0.171716
data\dataset_cls\val\Non_fractured\IMG0000582.jpg,val,Non_fractured,0.129449,0.261981,0.0,0.386288,0.450039,0.417027,0.112828,0.195665,0.264236
data\dataset_cls\val\Non_fractured\IMG0000587.jpg,val,Non_fractured,0.415042,0.452698,0.080907,0.552333,0.540224,0.413545,0.07251,0.276166,0.203661
data\dataset_cls\val\Non_fractured\IMG0000588.jpg,val,Non_fractured,0.78454,0.396404,0.0,0.081874,0.403828,0.421275,0.400238,0.452136,0.121668
data\dataset_cls\val\Non_fractured\IMG0000592.jpg,val,Non_fractured,0.939381,0.81945,0.016968,0.667516,0.630666,0.406696,0.451485,0.513322,0.246468
data\dataset_cls\val\Non_fractured\IMG0000596.jpg,val,Non_fractured,0.873272,0.68056,0.13808,0.72458,0.373507,0.373088,0.420915,0.349369,0.236668
data\dataset_cls\val\Non_fractured\IMG0000623.jpg,val,Non_fractured,0.268751,0.666705,0.581104,0.75493,0.387067,0.446774,0.150119,0.214359,0.177829
data\dataset_cls\val\Non_fractured\IMG0000652.jpg,val,Non_fractured,0.138107,0.512185,0.898895,0.830755,0.269274,0.57225,0.322998,0.501803,0.178834
data\dataset_cls\val\Non_fractured\IMG0000653.jpg,val,Non_fractured,0.388719,0.812319,0.779611,0.436448,0.465027,0.483903,0.28172,0.274247,0.122798
data\dataset_cls\val\Non_fractured\IMG0000655.jpg,val,Non_fractured,0.69348,0.348926,0.076544,0.691933,0.44273,0.410968,0.31919,0.388139,0.082498
data\dataset_cls\val\Non_fractured\IMG0000659.jpg,val,Non_fractured,0.679908,0.593355,0.422893,0.382848,0.668616,0.379009,0.167494,0.181186,0.106751
data\dataset_cls\val\Non_fractured\IMG0000683.jpg,val,Non_fractured,0.521329,0.393039,0.927029,0.235156,0.485148,0.521583,0.123561,0.318992,0.211015
data\dataset_cls\val\Non_fractured\IMG0000684.jpg,val,Non_fractured,0.496333,0.713271,0.5,0.5,0.448024,0.386204,0.180727,0.037993,0.150709
data\dataset_cls\val\Non_fractured\IMG0000695.jpg,val,Non_fractured,0.770295,0.430043,0.179672,0.665329,0.445915,0.52464,0.324218,0.311908,0.024731
data\dataset_cls\val\Non_fractured\IMG0000697.jpg,val,Non_fractured,0.557709,0.187867,0.741814,0.27463,0.506836,0.392802,0.106895,0.140086,0.143801
data\dataset_cls\val\Non_fractured\IMG0000703.jpg,val,Non_fractured,0.47088,0.314076,0.561132,0.233613,0.595284,0.327069,0.075003,0.060914,0.063658
data\dataset_cls\val\Non_fractured\IMG0000704.jpg,val,Non_fractured,0.081025,0.349233,0.794104,0.367649,0.482337,0.549946,0.378577,0.345956,0.131113
data\dataset_cls\val\Non_fractured\IMG0000717.jpg,val,Non_fractured,0.495603,0.515412,0.72612,0.538077,0.672278,0.441064,0.13682,0.102839,0.070279
data\dataset_cls\val\Non_fractured\IMG0000726.jpg,val,Non_fractured,0.660618,0.545294,0.558664,0.827606,0.705324,0.419667,0.055605,0.244553,0.188949
data\dataset_cls\val\Non_fractured\IMG0000733.jpg,val,Non_fractured,0.468255,0.501745,0.246453,0.142347,0.561997,0.335376,0.180379,0.256886,0.136718
data\dataset_cls\val\Non_fractured\IMG0000747.jpg,val,Non_fractured,0.55487,0.397117,0.077402,0.810015,0.542393,0.548709,0.249153,0.386261,0.155208
data\dataset_cls\val\Non_fractured\IMG0000769.jpg,val,Non_fractured,0.160393,0.674774,0.650094,0.598732,0.200324,0.353881,0.220622,0.318173,0.232865
data\dataset_cls\val\Non_fractured\IMG0000779.jpg,val,Non_fractured,0.077419,0.034677,0.678274,0.903343,0.333922,0.5619,0.546053,0.511835,0.068501
data\dataset_cls\val\Non_fractured\IMG0000784.jpg,val,Non_fractured,0.404128,0.082212,0.5,0.5,0.548448,0.240425,0.208025,0.22634,0.072598
data\dataset_cls\val\Non_fractured\IMG0000793.jpg,val,Non_fractured,0.575238,0.443989,0.384718,0.649473,0.619421,0.580185,0.1239,0.168759,0.0956
data\dataset_cls\val\Non_fractured\IMG0000813.jpg,val,Non_fractured,0.458217,0.754235,0.203137,0.601334,0.366973,0.334392,0.223103,0.14472,0.230204
data\dataset_cls\val\Non_fractured\IMG0000824.jpg,val,Non_fractured,0.622202,0.412644,0.5,0.5,0.315252,0.274152,0.144062,0.106463,0.203991
data\dataset_cls\val\Non_fractured\IMG0000840.jpg,val,Non_fractured,0.220927,0.54318,0.269072,0.134037,0.459419,0.511328,0.175321,0.266396,0.183554
data\dataset_cls\val\Non_fractured\IMG0000841.jpg,val,Non_fractured,0.645401,0.649292,0.5,0.5,0.550214,0.574933,0.109495,0.099187,0.014992
data\dataset_cls\val\Non_fractured\IMG0000842.jpg,val,Non_fractured,0.357531,0.729905,0.046405,0.238826,0.369796,0.564442,0.240455,0.344739,0.123968
data\dataset_cls\val\Non_fractured\IMG0000849.jpg,val,Non_fractured,0.444347,0.319411,0.64871,0.471722,0.600749,0.336268,0.13282,0.127574,0.053567
data\dataset_cls\val\Non_fractured\IMG0000850.jpg,val,Non_fractured,0.455243,0.449761,0.758656,0.730518,0.242005,0.378435,0.076007,0.345284,0.28127
data\dataset_cls\val\Non_fractured\IMG0000858.jpg,val,Non_fractured,0.462371,0.41819,0.041055,0.468511,0.387084,0.487187,0.170245,0.255999,0.094861
data\dataset_cls\val\Non_fractured\IMG0000863.jpg,val,Non_fractured,0.763778,0.36179,0.5,0.5,0.440733,0.445637,0.209144,0.093636,0.127816
data\dataset_cls\val\Non_fractured\IMG0000874.jpg,val,Non_fractured,0.257271,0.568321,0.021655,0.857577,0.606691,0.429873,0.062977,0.363242,0.364194
data\dataset_cls\val\Non_fractured\IMG0000882.jpg,val,Non_fractured,0.639777,0.650835,0.928972,1.0,0.648943,0.395143,0.10422,0.370311,0.300723
data\dataset_cls\val\Non_fractured\IMG0000884.jpg,val,Non_fractured,0.530687,0.074924,0.113492,0.226915,0.558596,0.476379,0.225547,0.289263,0.268212
data\dataset_cls\val\Non_fractured\IMG0000900.jpg,val,Non_fractured,0.792146,0.825016,0.823211,0.241723,0.688341,0.34828,0.354174,0.236509,0.146817
data\dataset_cls\val\Non_fractured\IMG0000903.jpg,val,Non_fractured,0.512446,0.602865,0.335087,0.755226,0.567008,0.541326,0.050911,0.183078,0.132472
data\dataset_cls\val\Non_fractured\IMG0000928.jpg,val,Non_fractured,0.472554,0.777411,0.5,0.5,0.502076,0.498145,0.186528,0.09224,0.094297
data\dataset_cls\val\Non_fractured\IMG0000930.jpg,val,Non_fractured,0.171376,0.503652,1.0,0.433709,0.452692,0.494328,0.370922,0.460704,0.090298
data\dataset_cls\val\Non_fractured\IMG0000941.jpg,val,Non_fractured,0.171661,0.313382,0.0,0.8515,0.371149,0.483947,0.236409,0.35196,0.201227
data\dataset_cls\val\Non_fractured\IMG0000943.jpg,val,Non_fractured,0.0,1.0,0.5,0.5,0.345351,0.256216,0.501289,0.234334,0.335271
data\dataset_cls\val\Non_fractured\IMG0000945.jpg,val,Non_fractured,0.019662,0.042575,0.5,0.5,0.395379,0.239099,0.359085,0.308792,0.092878
data\dataset_cls\val\Non_fractured\IMG0000959.jpg,val,Non_fractured,0.630711,0.160441,0.5,0.5,0.493562,0.37527,0.205236,0.160211,0.056505
data\dataset_cls\val\Non_fractured\IMG0000964.jpg,val,Non_fractured,0.315865,0.625609,0.93059,0.254251,0.598834,0.481534,0.345049,0.373303,0.032152
data\dataset_cls\val\Non_fractured\IMG0000980.jpg,val,Non_fractured,0.565829,0.103734,0.0,0.333333,0.376061,0.266438,0.28379,0.329151,0.069829
data\dataset_cls\val\Non_fractured\IMG0000982.jpg,val,Non_fractured,0.591461,0.46569,0.951629,0.2854,0.680303,0.475891,0.160048,0.2441,0.090417
data\dataset_cls\val\Non_fractured\IMG0001001.jpg,val,Non_fractured,0.584293,0.368585,0.508955,0.312233,0.57668,0.527517,0.043974,0.102335,0.126338
data\dataset_cls\val\Non_fractured\IMG0001035.jpg,val,Non_fractured,0.5,0.5,0.5,0.5,0.49053,0.158884,0.113749,0.113749,0.227498
data\dataset_cls\val\Non_fractured\IMG0001036.jpg,val,Non_fractured,0.126188,0.673784,0.5,0.5,0.394553,0.432128,0.254947,0.163607,0.116595
data\dataset_cls\val\Non_fractured\IMG0001042.jpg,val,Non_fractured,0.002523,0.183986,0.74241,0.106914,0.515576,0.320118,0.41811,0.336454,0.150539
data\dataset_cls\val\Non_fractured\IMG0001043.jpg,val,Non_fractured,0.095925,0.416069,1.0,0.5,0.58738,0.263731,0.465735,0.45169,0.132174
data\dataset_cls\val\Non_fractured\IMG0001048.jpg,val,Non_fractured,0.730216,0.42075,0.871467,0.122682,0.585096,0.360707,0.119378,0.228584,0.155586
data\dataset_cls\val\Non_fractured\IMG0001051.jpg,val,Non_fractured,0.538441,0.211884,1.0,0.120826,0.649647,0.288314,0.190984,0.284028,0.113865
data\dataset_cls\val\Non_fractured\IMG0001053.jpg,val,Non_fractured,0.623672,0.725404,0.5,0.5,0.569696,0.447156,0.178022,0.086389,0.110489
data\dataset_cls\val\Non_fractured\IMG0001069.jpg,val,Non_fractured,0.297969,0.702031,0.5,0.5,0.159835,0.513317,0.131978,0.194465,0.169815
data\dataset_cls\val\Non_fractured\IMG0001075.jpg,val,Non_fractured,0.685076,0.589509,0.881293,0.355174,0.477103,0.382341,0.14722,0.218295,0.212693
data\dataset_cls\val\Non_fractured\IMG0001076.jpg,val,Non_fractured,0.082125,0.303614,1.0,0.806804,0.397797,0.297214,0.443276,0.608857,0.196736
data\dataset_cls\val\Non_fractured\IMG0001084.jpg,val,Non_fractured,0.200966,0.533571,0.980524,0.326731,0.427023,0.624569,0.337422,0.475131,0.169448
data\dataset_cls\val\Non_fractured\IMG0001088.jpg,val,Non_fractured,0.351443,0.027735,0.5,0.5,0.398454,0.348661,0.272315,0.223963,0.05938
data\dataset_cls\val\Non_fractured\IMG0001092.jpg,val,Non_fractured,0.555294,0.827986,0.836986,0.905076,0.367152,0.608842,0.056697,0.279715,0.278597
data\dataset_cls\val\Non_fractured\IMG0001094.jpg,val,Non_fractured,0.419502,0.438726,0.0,0.937035,0.455295,0.353381,0.187904,0.46379,0.276632
data\dataset_cls\val\Non_fractured\IMG0001096.jpg,val,Non_fractured,0.566791,0.713025,0.800388,0.544388,0.668534,0.438734,0.185184,0.123613,0.127046
data\dataset_cls\val\Non_fractured\IMG0001098.jpg,val,Non_fractured,0.50641,0.632936,0.810189,0.272917,0.463102,0.489905,0.188828,0.289936,0.132446
data\dataset_cls\val\Non_fractured\IMG0001099.jpg,val,Non_fractured,0.602633,0.578304,0.304563,0.253803,0.574284,0.734329,0.122444,0.328373,0.226926
data\dataset_cls\val\Non_fractured\IMG0001104.jpg,val,Non_fractured,0.759472,0.132333,0.252644,0.082452,0.557267,0.462834,0.254182,0.306155,0.239407
data\dataset_cls\val\Non_fractured\IMG0001119.jpg,val,Non_fractured,0.354258,0.228263,0.128986,0.333333,0.526914,0.405996,0.095885,0.208014,0.207703
data\dataset_cls\val\Non_fractured\IMG0001138.jpg,val,Non_fractured,0.220905,0.694763,0.063307,0.949943,0.371362,0.230779,0.069642,0.359966,0.422962
data\dataset_cls\val\Non_fractured\IMG0001145.jpg,val,Non_fractured,0.192608,0.609081,0.620167,0.91957,0.427166,0.506346,0.231316,0.31778,0.172543
data\dataset_cls\val\Non_fractured\IMG0001146.jpg,val,Non_fractured,0.75006,0.970334,0.07179,0.677316,0.410901,0.493398,0.425309,0.341071,0.220285
data\dataset_cls\val\Non_fractured\IMG0001153.jpg,val,Non_fractured,0.557703,0.655419,0.106044,0.214593,0.644665,0.226498,0.314371,0.362954,0.250612
data\dataset_cls\val\Non_fractured\IMG0001162.jpg,val,Non_fractured,0.579528,0.386653,0.194947,0.571179,0.646112,0.388579,0.122876,0.304275,0.182789
data\dataset_cls\val\Non_fractured\IMG0001167.jpg,val,Non_fractured,0.388958,0.541674,0.629872,0.266111,0.365439,0.396611,0.157828,0.216092,0.096107
data\dataset_cls\val\Non_fractured\IMG0001168.jpg,val,Non_fractured,0.494347,0.794406,0.077849,0.627873,0.621576,0.386942,0.214256,0.321034,0.311019
data\dataset_cls\val\Non_fractured\IMG0001201.jpg,val,Non_fractured,0.556709,0.569435,0.542338,0.68563,0.387832,0.440229,0.061236,0.129267,0.16496
data\dataset_cls\val\Non_fractured\IMG0001210.jpg,val,Non_fractured,0.079868,0.514141,0.118393,0.439645,0.620594,0.480225,0.196436,0.159248,0.34765
data\dataset_cls\val\Non_fractured\IMG0001219.jpg,val,Non_fractured,0.407794,0.766272,1.0,0.090604,0.450907,0.150297,0.479811,0.452563,0.250658
data\dataset_cls\val\Non_fractured\IMG0001221.jpg,val,Non_fractured,0.375479,0.578477,1.0,0.0,0.467886,0.347503,0.360431,0.493878,0.151629
data\dataset_cls\val\Non_fractured\IMG0001226.jpg,val,Non_fractured,0.558436,0.261738,0.119606,0.392513,0.410883,0.24696,0.199249,0.260217,0.071773
data\dataset_cls\val\Non_fractured\IMG0001227.jpg,val,Non_fractured,0.412904,0.004291,0.890039,0.03937,0.498899,0.365221,0.229477,0.305223,0.250506
data\dataset_cls\val\Non_fractured\IMG0001229.jpg,val,Non_fractured,0.53055,0.42843,0.544144,0.100336,0.678961,0.311436,0.157885,0.184218,0.099484
data\dataset_cls\val\Non_fractured\IMG0001241.jpg,val,Non_fractured,0.634112,0.342478,0.669288,0.267466,0.488946,0.585097,0.066825,0.149301,0.215983
data\dataset_cls\val\Non_fractured\IMG0001249.jpg,val,Non_fractured,0.5,0.5,0.5,0.5,0.598218,0.075733,0.145162,0.145162,0.290325
data\dataset_cls\val\Non_fractured\IMG0001254.jpg,val,Non_fractured,0.489485,0.68599,0.470567,0.76067,0.568783,0.555126,0.027492,0.101241,0.12679
data\dataset_cls\val\Non_fractured\IMG0001255.jpg,val,Non_fractured,0.403935,0.201025,0.5,0.5,0.374054,0.286243,0.12995,0.186244,0.067333
data\dataset_cls\val\Non_fractured\IMG0001262.jpg,val,Non_fractured,0.072053,0.528335,0.307957,0.072806,0.355127,0.302986,0.285372,0.237069,0.110093
data\dataset_cls\val\Non_fractured\IMG0001299.jpg,val,Non_fractured,0.389575,0.661655,0.0,0.868821,0.634163,0.396865,0.052006,0.409505,0.382245
data\dataset_cls\val\Non_fractured\IMG0001303.jpg,val,Non_fractured,0.71315,0.416553,0.0,1.0,0.727012,0.447793,0.310348,0.611353,0.301901
data\dataset_cls\val\Non_fractured\IMG0001314.jpg,val,Non_fractured,0.379364,0.309674,0.375843,0.215838,0.674974,0.360003,0.098437,0.128341,0.208578
data\dataset_cls\val\Non_fractured\IMG0001316.jpg,val,Non_fractured,0.695386,0.6605,0.145124,0.952511,0.451963,0.262801,0.266897,0.434409,0.363085
data\dataset_cls\val\Non_fractured\IMG0001318.jpg,val,Non_fractured,0.0,1.0,0.5,0.5,0.498822,0.144253,0.561318,0.173842,0.436574
data\dataset_cls\val\Non_fractured\IMG0001320.jpg,val,Non_fractured,0.200254,0.459819,0.743522,0.116194,0.58018,0.395246,0.336471,0.31394,0.101604
data\dataset_cls\val\Non_fractured\IMG0001327.jpg,val,Non_fractured,0.296055,0.78913,0.319376,0.437172,0.323957,0.446012,0.23232,0.120428,0.111951
data\dataset_cls\val\Non_fractured\IMG0001332.jpg,val,Non_fractured,0.381985,0.591834,0.696587,0.366378,0.422252,0.393983,0.184126,0.213668,0.096478
data\dataset_cls\val\Non_fractured\IMG0001338.jpg,val,Non_fractured,0.79558,0.458278,0.696308,0.378945,0.361296,0.389736,0.184557,0.084127,0.257154
data\dataset_cls\val\Non_fractured\IMG0001352.jpg,val,Non_fractured,0.568671,0.432051,0.5,0.5,0.477131,0.540191,0.079355,0.017852,0.062443
data\dataset_cls\val\Non_fractured\IMG0001356.jpg,val,Non_fractured,0.753894,0.246188,0.0,0.755667,0.487174,0.427586,0.410821,0.499083,0.088265
data\dataset_cls\val\Non_fractured\IMG0001369.jpg,val,Non_fractured,0.565753,0.663424,1.0,0.323056,0.705583,0.315479,0.298764,0.267021,0.129225
data\dataset_cls\val\Non_fractured\IMG0001386.jpg,val,Non_fractured,0.410856,0.770264,0.36572,0.011153,0.295437,0.487025,0.351547,0.411746,0.08919
data\dataset_cls\val\Non_fractured\IMG0001387.jpg,val,Non_fractured,0.273915,0.373634,0.0,0.332533,0.432,0.523294,0.052916,0.247673,0.22708
data\dataset_cls\val\Non_fractured\IMG0001388.jpg,val,Non_fractured,0.240042,0.240042,0.834919,1.0,0.476756,0.392482,0.411503,0.555605,0.157002
data\dataset_cls\val\Non_fractured\IMG0001399.jpg,val,Non_fractured,0.412574,0.49399,0.726169,0.988333,0.382277,0.36601,0.154373,0.43195,0.279478
data\dataset_cls\val\Non_fractured\IMG0001403.jpg,val,Non_fractured,0.226775,0.527867,0.134262,0.880763,0.532853,0.441762,0.113914,0.310606,0.292934
data\dataset_cls\val\Non_fractured\IMG0001425.jpg,val,Non_fractured,0.389977,0.625637,0.604593,0.623809,0.537166,0.597246,0.121022,0.094375,0.032287
data\dataset_cls\val\Non_fractured\IMG0001445.jpg,val,Non_fractured,0.222171,0.649075,0.246545,0.34518,0.304274,0.382154,0.193555,0.114166,0.089709
data\dataset_cls\val\Non_fractured\IMG0001454.jpg,val,Non_fractured,0.77023,0.737584,0.049864,0.193065,0.448448,0.428723,0.44899,0.454695,0.035367
data\dataset_cls\val\Non_fractured\IMG0001462.jpg,val,Non_fractured,0.547335,0.648437,0.969517,0.163647,0.674495,0.387287,0.308797,0.336032,0.057334
data\dataset_cls\val\Non_fractured\IMG0001466.jpg,val,Non_fractured,0.50082,0.603663,0.228766,0.929884,0.239979,0.499983,0.192499,0.269147,0.196362
data\dataset_cls\val\Non_fractured\IMG0001470.jpg,val,Non_fractured,0.306264,0.33091,0.5,0.5,0.467069,0.454866,0.153324,0.10396,0.050072
data\dataset_cls\val\Non_fractured\IMG0001476.jpg,val,Non_fractured,0.40835,0.579191,0.019166,0.612672,0.42432,0.300349,0.148881,0.288781,0.241941
data\dataset_cls\val\Non_fractured\IMG0001482.jpg,val,Non_fractured,0.861584,0.693092,0.0,0.5,0.315946,0.236866,0.516601,0.393204,0.251713
data\dataset_cls\val\Non_fractured\IMG0001501.jpg,val,Non_fractured,0.589207,0.263694,0.726576,0.264064,0.473519,0.343383,0.027647,0.132776,0.133856
data\dataset_cls\val\Non_fractured\IMG0001516.jpg,val,Non_fractured,0.440102,0.237247,0.233098,0.185172,0.343141,0.273599,0.101458,0.115595,0.041821
data\dataset_cls\val\Non_fractured\IMG0001527.jpg,val,Non_fractured,0.61657,0.0,0.5,0.5,0.50821,0.22567,0.253243,0.26144,0.037115
data\dataset_cls\val\Non_fractured\IMG0001541.jpg,val,Non_fractured,0.198568,0.706894,0.552154,0.850718,0.436553,0.607755,0.197752,0.202687,0.121111
data\dataset_cls\val\Non_fractured\IMG0001544.jpg,val,Non_fractured,0.775736,0.295648,0.0,0.833333,0.533009,0.677146,0.457307,0.493769,0.122487
data\dataset_cls\val\Non_fractured\IMG0001551.jpg,val,Non_fractured,0.334385,0.142556,0.5,0.5,0.484421,0.167757,0.165345,0.237697,0.111731
data\dataset_cls\val\Non_fractured\IMG0001561.jpg,val,Non_fractured,0.514948,0.481896,0.0,0.935169,0.293518,0.495994,0.290725,0.401398,0.143715
data\dataset_cls\val\Non_fractured\IMG0001564.jpg,val,Non_fractured,0.588076,0.841025,0.827713,0.023881,0.425663,0.518106,0.380892,0.48665,0.196628
data\dataset_cls\val\Non_fractured\IMG0001583.jpg,val,Non_fractured,0.488354,0.353375,0.798871,0.606972,0.471087,0.415572,0.143652,0.259369,0.122816
data\dataset_cls\val\Non_fractured\IMG0001609.jpg,val,Non_fractured,0.265194,0.48507,0.735711,0.696151,0.206513,0.241489,0.137706,0.400367,0.304256
data\dataset_cls\val\Non_fractured\IMG0001611.jpg,val,Non_fractured,0.402119,0.369635,0.626608,0.423506,0.462484,0.340374,0.095305,0.137352,0.050988
data\dataset_cls\val\Non_fractured\IMG0001630.jpg,val,Non_fractured,0.456765,0.635873,0.92011,0.5,0.540518,0.418637,0.217051,0.281566,0.140112
data\dataset_cls\val\Non_fractured\IMG0001631.jpg,val,Non_fractured,0.537573,0.816271,0.5,0.5,0.319368,0.459497,0.240002,0.103555,0.187646
data\dataset_cls\val\Non_fractured\IMG0001676.jpg,val,Non_fractured,0.274527,0.138986,0.038553,0.032128,0.258573,0.379359,0.09504,0.214509,0.207343
data\dataset_cls\val\Non_fractured\IMG0001690.jpg,val,Non_fractured,0.938468,0.0,0.0,0.0,0.436377,0.366222,0.49546,0.474261,0.245129
data\dataset_cls\val\Non_fractured\IMG0001696.jpg,val,Non_fractured,0.946966,0.055489,0.5,0.5,0.563084,0.216535,0.342703,0.296292,0.114454
data\dataset_cls\val\Non_fractured\IMG0001701.jpg,val,Non_fractured,0.456853,0.333143,0.246377,0.623906,0.612746,0.421508,0.127679,0.252973,0.178189
data\dataset_cls\val\Non_fractured\IMG0001725.jpg,val,Non_fractured,0.843776,0.873566,0.243512,0.684093,0.616217,0.424141,0.348566,0.325173,0.241358
data\dataset_cls\val\Non_fractured\IMG0001752.jpg,val,Non_fractured,0.431323,0.824761,0.07102,0.683934,0.357346,0.555116,0.199189,0.21558,0.150504
data\dataset_cls\val\Non_fractured\IMG0001766.jpg,val,Non_fractured,0.954987,0.294745,0.333984,0.429774,0.49928,0.404637,0.368071,0.267482,0.100842
data\dataset_cls\val\Non_fractured\IMG0001770.jpg,val,Non_fractured,0.498046,0.2888,0.775613,0.891411,0.403738,0.339439,0.226156,0.441568,0.228196
data\dataset_cls\val\Non_fractured\IMG0001771.jpg,val,Non_fractured,0.317788,0.377535,0.099104,0.630264,0.577096,0.368127,0.08223,0.28876,0.261905
data\dataset_cls\val\Non_fractured\IMG0001777.jpg,val,Non_fractured,0.582066,0.274195,0.218055,0.584008,0.485948,0.330517,0.196008,0.282177,0.087167
data\dataset_cls\val\Non_fractured\IMG0001785.jpg,val,Non_fractured,0.281156,0.214705,0.5,0.5,0.409421,0.299749,0.169192,0.191919,0.040405
data\dataset_cls\val\Non_fractured\IMG0001786.jpg,val,Non_fractured,0.530206,0.0,0.657431,0.114289,0.359552,0.207909,0.10837,0.141869,0.185725
data\dataset_cls\val\Non_fractured\IMG0001790.jpg,val,Non_fractured,0.166421,0.180306,0.0,1.0,0.777259,0.438456,0.388623,0.557609,0.473622
data\dataset_cls\val\Non_fractured\IMG0001800.jpg,val,Non_fractured,0.381922,0.521107,0.5,0.5,0.504296,0.407529,0.091868,0.04477,0.080624
data\dataset_cls\val\Non_fractured\IMG0001801.jpg,val,Non_fractured,0.228566,0.741509,0.531121,0.501057,0.42515,0.484081,0.235,0.155218,0.096326
data\dataset_cls\val\Non_fractured\IMG0001804.jpg,val,Non_fractured,0.480986,0.0,0.5,0.5,0.492994,0.240718,0.247123,0.253242,0.006408
data\dataset_cls\val\Non_fractured\IMG0001811.jpg,val,Non_fractured,0.382013,0.323925,0.753356,0.419288,0.341673,0.290144,0.112228,0.271525,0.160162
data\dataset_cls\val\Non_fractured\IMG0001822.jpg,val,Non_fractured,0.791955,0.527497,0.0,0.972447,0.343573,0.411605,0.427748,0.50564,0.228268
data\dataset_cls\val\Non_fractured\IMG0001825.jpg,val,Non_fractured,0.064027,0.838991,0.5,0.5,0.558306,0.376914,0.40921,0.145008,0.268279
data\dataset_cls\val\Non_fractured\IMG0001827.jpg,val,Non_fractured,0.589198,0.363038,0.5,0.5,0.535344,0.36791,0.067149,0.098826,0.042853
data\dataset_cls\val\Non_fractured\IMG0001836.jpg,val,Non_fractured,0.773673,0.473556,0.77592,0.898202,0.407525,0.435128,0.176883,0.320663,0.296472
data\dataset_cls\val\Non_fractured\IMG0001856.jpg,val,Non_fractured,0.378019,0.490388,0.44683,0.880468,0.567539,0.526309,0.16607,0.248682,0.148143
data\dataset_cls\val\Non_fractured\IMG0001861.jpg,val,Non_fractured,0.283148,0.429234,0.432164,0.771643,0.44443,0.518745,0.177275,0.203604,0.079452
data\dataset_cls\val\Non_fractured\IMG0001875.jpg,val,Non_fractured,1.0,1.0,0.144847,0.892873,0.385879,0.505981,0.529165,0.377107,0.318887
data\dataset_cls\val\Non_fractured\IMG0001877.jpg,val,Non_fractured,0.824564,0.386051,0.604105,0.846507,0.609797,0.256321,0.182209,0.358235,0.249887
data\dataset_cls\val\Non_fractured\IMG0001885.jpg,val,Non_fractured,0.492951,0.945156,0.5,0.5,0.265631,0.243889,0.389131,0.102209,0.354296
data\dataset_cls\val\Non_fractured\IMG0001891.jpg,val,Non_fractured,0.59616,0.815912,0.075556,0.809969,0.356257,0.49483,0.275946,0.286297,0.212509
data\dataset_cls\val\Non_fractured\IMG0001895.jpg,val,Non_fractured,0.549756,0.747642,0.192079,0.569023,0.698862,0.378955,0.195234,0.288179,0.287208
data\dataset_cls\val\Non_fractured\IMG0001905.jpg,val,Non_fractured,0.951794,0.139139,0.0,1.0,0.579729,0.338001,0.565255,0.719928,0.169188
data\dataset_cls\val\Non_fractured\IMG0001910.jpg,val,Non_fractured,0.464574,0.219049,0.110934,0.100046,0.601912,0.217291,0.082577,0.292345,0.212947
data\dataset_cls\val\Non_fractured\IMG0001911.jpg,val,Non_fractured,0.535366,0.5701,0.041639,0.666667,0.720893,0.582505,0.108966,0.395607,0.289251
data\dataset_cls\val\Non_fractured\IMG0001925.jpg,val,Non_fractured,0.250282,0.145076,1.0,0.057065,0.424732,0.375502,0.311692,0.461975,0.226546
data\dataset_cls\val\Non_fractured\IMG0001932.jpg,val,Non_fractured,0.338461,0.363815,0.161956,0.946314,0.390233,0.448934,0.22639,0.384417,0.166128
data\dataset_cls\val\Non_fractured\IMG0001935.jpg,val,Non_fractured,0.409511,0.393145,0.412322,0.888271,0.451944,0.436967,0.180281,0.315715,0.138554
data\dataset_cls\val\Non_fractured\IMG0001952.jpg,val,Non_fractured,0.562077,0.829421,0.624107,0.311377,0.22076,0.315108,0.356489,0.233053,0.300965
data\dataset_cls\val\Non_fractured\IMG0001960.jpg,val,Non_fractured,0.215047,0.619891,0.0115,0.289045,0.461313,0.502157,0.150203,0.283386,0.234194
data\dataset_cls\val\Non_fractured\IMG0001962.jpg,val,Non_fractured,0.174184,0.528233,0.112264,0.371209,0.476498,0.709111,0.080525,0.217705,0.281547
data\dataset_cls\val\Non_fractured\IMG0001963.jpg,val,Non_fractured,0.791907,0.863647,0.0,0.900262,0.602068,0.700069,0.329974,0.471316,0.183261
data\dataset_cls\val\Non_fractured\IMG0001968.jpg,val,Non_fractured,0.491805,0.423351,0.355674,0.707627,0.54659,0.583873,0.150725,0.174308,0.082812
data\dataset_cls\val\Non_fractured\IMG0001983.jpg,val,Non_fractured,0.310441,0.418066,0.260707,0.891332,0.567768,0.498826,0.197214,0.312137,0.214921
data\dataset_cls\val\Non_fractured\IMG0001994.jpg,val,Non_fractured,0.0,0.0,0.5,0.5,0.256325,0.570854,0.437005,0.286205,0.213945
data\dataset_cls\val\Non_fractured\IMG0002000.jpg,val,Non_fractured,0.20327,0.394648,0.0,0.777751,0.486737,0.356509,0.118054,0.353252,0.298932
data\dataset_cls\val\Non_fractured\IMG0002023.jpg,val,Non_fractured,0.290929,0.678223,0.916448,0.916448,0.148764,0.343384,0.164305,0.537402,0.428449
data\dataset_cls\val\Non_fractured\IMG0002025.jpg,val,Non_fractured,0.581201,0.597918,0.121985,0.695339,0.338908,0.330603,0.240597,0.272998,0.210853
data\dataset_cls\val\Non_fractured\IMG0002029.jpg,val,Non_fractured,0.62676,0.360523,0.0,0.309393,0.576077,0.377845,0.226096,0.402922,0.17745
data\dataset_cls\val\Non_fractured\IMG0002032.jpg,val,Non_fractured,0.9434,0.552062,0.255519,0.531267,0.638437,0.535892,0.331177,0.357033,0.026268
data\dataset_cls\val\Non_fractured\IMG0002040.jpg,val,Non_fractured,0.253454,0.400463,1.0,0.333333,0.557461,0.42389,0.350487,0.399831,0.059799
data\dataset_cls\val\Non_fractured\IMG0002048.jpg,val,Non_fractured,0.186272,0.35999,0.276646,0.575383,0.286398,0.344758,0.092108,0.151082,0.089765
data\dataset_cls\val\Non_fractured\IMG0002057.jpg,val,Non_fractured,0.921273,0.587005,0.48266,0.689791,0.434349,0.221461,0.320704,0.230581,0.33029
data\dataset_cls\val\Non_fractured\IMG0002065.jpg,val,Non_fractured,0.341226,0.14922,0.0,0.08586,0.575037,0.30579,0.047406,0.319686,0.297394
data\dataset_cls\val\Non_fractured\IMG0002066.jpg,val,Non_fractured,0.564885,0.448499,0.783179,0.444706,0.711804,0.429588,0.121973,0.096631,0.027618
data\dataset_cls\val\Non_fractured\IMG0002067.jpg,val,Non_fractured,0.572732,0.390332,0.774471,0.616162,0.449371,0.544868,0.129453,0.201616,0.15204
data\dataset_cls\val\Non_fractured\IMG0002075.jpg,val,Non_fractured,0.42556,0.293155,0.225086,0.056938,0.457546,0.358737,0.079934,0.230191,0.150886
data\dataset_cls\val\Non_fractured\IMG0002092.jpg,val,Non_fractured,0.571482,0.87698,0.455215,0.424492,0.287,0.642367,0.265143,0.224124,0.151002
data\dataset_cls\val\Non_fractured\IMG0002103.jpg,val,Non_fractured,0.434787,0.325349,0.48082,0.748267,0.511306,0.681889,0.263011,0.163181,0.103088
data\dataset_cls\val\Non_fractured\IMG0002104.jpg,val,Non_fractured,0.458721,0.312109,0.441386,0.690966,0.485247,0.408798,0.158545,0.221284,0.066129
data\dataset_cls\val\Non_fractured\IMG0002107.jpg,val,Non_fractured,0.144275,0.337469,0.751919,0.328691,0.32921,0.501583,0.269219,0.348749,0.137481
data\dataset_cls\val\Non_fractured\IMG0002113.jpg,val,Non_fractured,0.444799,0.490033,0.5,0.5,0.51399,0.471129,0.041571,0.018876,0.031975
data\dataset_cls\val\Non_fractured\IMG0002121.jpg,val,Non_fractured,0.554443,1.0,0.663415,0.405513,0.289271,0.365419,0.412985,0.24512,0.309823
data\dataset_cls\val\Non_fractured\IMG0002144.jpg,val,Non_fractured,0.39852,0.378071,0.3941,0.740105,0.613755,0.439182,0.157584,0.233267,0.165542
data\dataset_cls\val\Non_fractured\IMG0002159.jpg,val,Non_fractured,0.554292,0.450574,0.481899,0.625038,0.595389,0.478109,0.068136,0.123759,0.065109
data\dataset_cls\val\Non_fractured\IMG0002163.jpg,val,Non_fractured,0.081618,0.327033,0.739977,0.707897,0.464109,0.430809,0.382716,0.380888,0.067828
data\dataset_cls\val\Non_fractured\IMG0002164.jpg,val,Non_fractured,0.49631,0.750915,0.471009,0.469269,0.202005,0.363881,0.247045,0.100254,0.249398
data\dataset_cls\val\Non_fractured\IMG0002170.jpg,val,Non_fractured,0.588938,0.223807,0.486147,0.111007,0.425954,0.37488,0.089506,0.126358,0.157052
data\dataset_cls\val\Non_fractured\IMG0002203.jpg,val,Non_fractured,0.273349,0.319695,0.5,0.5,0.474834,0.348835,0.158874,0.138758,0.071475
data\dataset_cls\val\Non_fractured\IMG0002240.jpg,val,Non_fractured,0.706949,0.070226,0.666667,0.0,0.348954,0.501397,0.179167,0.211797,0.383878
data\dataset_cls\val\Non_fractured\IMG0002248.jpg,val,Non_fractured,0.431787,0.129392,0.5,0.5,0.551184,0.283696,0.18581,0.19572,0.0605
data\dataset_cls\val\Non_fractured\IMG0002251.jpg,val,Non_fractured,0.931718,0.519992,0.876266,0.219561,0.540331,0.373419,0.210681,0.177967,0.242453
data\dataset_cls\val\Non_fractured\IMG0002253.jpg,val,Non_fractured,0.495302,0.0,0.786206,0.890955,0.573833,0.475833,0.471945,0.466562,0.048989
data\dataset_cls\val\Non_fractured\IMG0002258.jpg,val,Non_fractured,0.412985,0.142364,0.371001,0.310044,0.327175,0.374021,0.139762,0.034573,0.107603
data\dataset_cls\val\Non_fractured\IMG0002261.jpg,val,Non_fractured,0.619865,0.022918,0.312477,0.535847,0.461491,0.428429,0.343263,0.256717,0.099413
data\dataset_cls\val\Non_fractured\IMG0002268.jpg,val,Non_fractured,0.520683,0.074176,0.665647,0.075764,0.388996,0.329456,0.085737,0.163746,0.217509
data\dataset_cls\val\Non_fractured\IMG0002277.jpg,val,Non_fractured,0.149833,0.660061,0.148404,0.66579,0.407196,0.484802,0.10233,0.10676,0.209053
data\dataset_cls\val\Non_fractured\IMG0002278.jpg,val,Non_fractured,0.595969,0.003487,0.5,0.5,0.515383,0.279878,0.264271,0.241745,0.028708
data\dataset_cls\val\Non_fractured\IMG0002296.jpg,val,Non_fractured,0.4544,0.082922,0.5,0.5,0.448501,0.303494,0.212962,0.207073,0.020746
data\dataset_cls\val\Non_fractured\IMG0002631.jpg,val,Non_fractured,0.929705,0.832443,0.0,0.872527,0.26068,0.549339,0.539032,0.414861,0.243661
data\dataset_cls\val\Non_fractured\IMG0002639.jpg,val,Non_fractured,0.435018,0.135105,0.903172,0.126414,0.609208,0.20859,0.215201,0.255838,0.065469
data\dataset_cls\val\Non_fractured\IMG0002645.jpg,val,Non_fractured,0.843989,0.462426,0.0,0.5,0.553666,0.292568,0.380667,0.472989,0.153368
data\dataset_cls\val\Non_fractured\IMG0002657.jpg,val,Non_fractured,0.971427,0.531642,0.100852,0.825537,0.526094,0.414552,0.442577,0.491708,0.176152
data\dataset_cls\val\Non_fractured\IMG0002684.jpg,val,Non_fractured,0.426509,0.301863,0.462506,0.471453,0.633102,0.4089,0.122643,0.089447,0.126601
data\dataset_cls\val\Non_fractured\IMG0002693.jpg,val,Non_fractured,0.60468,0.509931,0.213083,0.62102,0.35856,0.364101,0.212888,0.21702,0.138378
data\dataset_cls\val\Non_fractured\IMG0002724.jpg,val,Non_fractured,0.597412,0.437929,0.0,0.5,0.388158,0.576878,0.277112,0.32856,0.093445
data\dataset_cls\val\Non_fractured\IMG0002727.jpg,val,Non_fractured,0.171653,0.312329,0.0,0.250061,0.481011,0.470798,0.055993,0.237127,0.29221
data\dataset_cls\val\Non_fractured\IMG0002740.jpg,val,Non_fractured,0.723517,0.538973,0.483063,0.522675,0.442971,0.525484,0.17395,0.06709,0.106939
data\dataset_cls\val\Non_fractured\IMG0002748.jpg,val,Non_fractured,0.240406,0.815302,0.714299,0.355873,0.364587,0.52238,0.320369,0.344822,0.086181
data\dataset_cls\val\Non_fractured\IMG0002755.jpg,val,Non_fractured,0.484916,0.414556,0.649491,0.354343,0.535239,0.301472,0.092022,0.092975,0.059281
data\dataset_cls\val\Non_fractured\IMG0002764.jpg,val,Non_fractured,0.621034,0.260393,0.191191,0.537022,0.691156,0.374076,0.176931,0.342826,0.190737
data\dataset_cls\val\Non_fractured\IMG0002775.jpg,val,Non_fractured,0.337864,0.260084,0.0,0.959779,0.159347,0.51399,0.361479,0.416247,0.06428
data\dataset_cls\val\Non_fractured\IMG0002785.jpg,val,Non_fractured,0.931134,0.893294,0.0302,0.668093,0.411811,0.567277,0.507824,0.429521,0.149499
data\dataset_cls\val\Non_fractured\IMG0002792.jpg,val,Non_fractured,0.537024,0.571907,0.609297,0.406838,0.487085,0.533701,0.068166,0.116928,0.064546
data\dataset_cls\val\Non_fractured\IMG0002796.jpg,val,Non_fractured,0.147668,0.270462,0.5,0.5,0.40094,0.428246,0.239623,0.180903,0.058862
data\dataset_cls\val\Non_fractured\IMG0002803.jpg,val,Non_fractured,0.418724,0.353055,0.32649,0.190541,0.485045,0.40249,0.03867,0.150229,0.114935
data\dataset_cls\val\Non_fractured\IMG0002804.jpg,val,Non_fractured,0.81817,0.14462,0.527192,0.45126,0.530869,0.371331,0.262227,0.162021,0.106452
data\dataset_cls\val\Non_fractured\IMG0002811.jpg,val,Non_fractured,0.485404,0.361636,0.128952,0.051969,0.636385,0.435978,0.104135,0.369306,0.267415
data\dataset_cls\val\Non_fractured\IMG0002818.jpg,val,Non_fractured,0.772623,0.736546,0.5,0.5,0.550485,0.598772,0.206802,0.155219,0.058676
data\dataset_cls\val\Non_fractured\IMG0002824.jpg,val,Non_fractured,0.790109,0.50769,0.0,0.025228,0.649601,0.532155,0.345737,0.5823,0.245301
data\dataset_cls\val\Non_fractured\IMG0002828.jpg,val,Non_fractured,0.697933,0.592892,0.924655,0.564213,0.743076,0.303868,0.139382,0.156482,0.188686
data\dataset_cls\val\Non_fractured\IMG0002836.jpg,val,Non_fractured,0.268395,0.369608,0.348162,0.800377,0.472475,0.432979,0.189954,0.26647,0.149173
data\dataset_cls\val\Non_fractured\IMG0002850.jpg,val,Non_fractured,0.143353,0.618592,0.57774,0.638187,0.540119,0.484953,0.279647,0.167551,0.153218
data\dataset_cls\val\Non_fractured\IMG0002859.jpg,val,Non_fractured,0.481287,0.735827,0.0,0.5,0.539716,0.585146,0.190961,0.356756,0.200575
data\dataset_cls\val\Non_fractured\IMG0002875.jpg,val,Non_fractured,0.072966,0.31703,0.67056,1.0,0.345478,0.155302,0.338095,0.594895,0.335933
data\dataset_cls\val\Non_fractured\IMG0002877.jpg,val,Non_fractured,0.453568,0.444362,0.51063,0.372865,0.467558,0.475923,0.027169,0.067079,0.045908
data\dataset_cls\val\Non_fractured\IMG0002882.jpg,val,Non_fractured,0.776944,0.435313,0.732366,0.085249,0.436812,0.208698,0.231074,0.178638,0.214668
data\dataset_cls\val\Non_fractured\IMG0002903.jpg,val,Non_fractured,0.684572,0.685732,0.152439,0.655966,0.699037,0.439948,0.195479,0.364897,0.242224
data\dataset_cls\val\Non_fractured\IMG0002908.jpg,val,Non_fractured,0.633721,0.723357,0.0,0.930277,0.600193,0.439324,0.223897,0.472531,0.320019
data\dataset_cls\val\Non_fractured\IMG0002909.jpg,val,Non_fractured,0.651503,0.510403,0.516378,0.49394,0.445772,0.537965,0.113679,0.029479,0.095153
data\dataset_cls\val\Non_fractured\IMG0002919.jpg,val,Non_fractured,0.599564,0.410073,0.547103,0.05364,0.5176,0.17122,0.203425,0.15819,0.054906
data\dataset_cls\val\Non_fractured\IMG0002920.jpg,val,Non_fractured,0.857644,0.407885,0.827746,0.228054,0.545303,0.430433,0.12555,0.152703,0.211964
data\dataset_cls\val\Non_fractured\IMG0002923.jpg,val,Non_fractured,0.793377,0.387257,0.0,0.597411,0.643556,0.277252,0.316167,0.510556,0.21828
data\dataset_cls\val\Non_fractured\IMG0002926.jpg,val,Non_fractured,0.640744,0.835962,0.06732,0.50216,0.504681,0.421493,0.343719,0.347333,0.193201
data\dataset_cls\val\Non_fractured\IMG0002933.jpg,val,Non_fractured,0.248284,0.539453,0.128942,0.742465,0.448643,0.339229,0.027022,0.249509,0.265545
data\dataset_cls\val\Non_fractured\IMG0002942.jpg,val,Non_fractured,0.251615,0.222356,0.0,0.255376,0.493632,0.32184,0.044284,0.248666,0.251378
data\dataset_cls\val\Non_fractured\IMG0002992.jpg,val,Non_fractured,0.412578,0.787726,0.0,0.343608,0.404525,0.416668,0.305767,0.32234,0.165325
data\dataset_cls\val\Non_fractured\IMG0002994.jpg,val,Non_fractured,0.651211,0.549651,0.786165,0.831247,0.528692,0.327292,0.020176,0.292705,0.273237
data\dataset_cls\val\Non_fractured\IMG0002995.jpg,val,Non_fractured,0.59343,0.43605,0.439798,0.552004,0.700796,0.456521,0.048019,0.155143,0.125308
data\dataset_cls\val\Non_fractured\IMG0003004.jpg,val,Non_fractured,0.792353,0.545799,0.800934,0.68056,0.526602,0.253349,0.100556,0.209723,0.299926
data\dataset_cls\val\Non_fractured\IMG0003042.jpg,val,Non_fractured,0.520938,0.66618,0.633793,0.914374,0.63062,0.445833,0.074758,0.242022,0.232358
data\dataset_cls\val\Non_fractured\IMG0003048.jpg,val,Non_fractured,0.799326,0.657192,0.287654,0.774827,0.516044,0.559388,0.265067,0.27052,0.106005
data\dataset_cls\val\Non_fractured\IMG0003068.jpg,val,Non_fractured,0.611405,0.642166,0.494722,0.83723,0.666977,0.604251,0.056204,0.172145,0.117987
data\dataset_cls\val\Non_fractured\IMG0003071.jpg,val,Non_fractured,0.249642,0.304039,0.504341,0.535845,0.597876,0.486535,0.243852,0.108012,0.153803
data\dataset_cls\val\Non_fractured\IMG0003075.jpg,val,Non_fractured,0.801007,0.386582,0.619392,0.844695,0.66229,0.421545,0.195998,0.303138,0.13328
data\dataset_cls\val\Non_fractured\IMG0003088.jpg,val,Non_fractured,0.275471,0.55492,0.540776,0.87727,0.432114,0.505565,0.16752,0.262798,0.141262
data\dataset_cls\val\Non_fractured\IMG0003107.jpg,val,Non_fractured,0.360997,0.479841,0.390787,0.239779,0.55272,0.421725,0.123818,0.147404,0.124903
data\dataset_cls\val\Non_fractured\IMG0003115.jpg,val,Non_fractured,0.82672,0.153136,0.5,0.5,0.428035,0.513507,0.337704,0.139852,0.20036
data\dataset_cls\val\Non_fractured\IMG0003117.jpg,val,Non_fractured,0.799732,0.30768,0.372338,0.044931,0.534073,0.257415,0.253487,0.252304,0.064217
data\dataset_cls\val\Non_fractured\IMG0003126.jpg,val,Non_fractured,0.51749,0.528251,0.442111,0.810994,0.636665,0.521159,0.093036,0.211006,0.143988
data\dataset_cls\val\Non_fractured\IMG0003144.jpg,val,Non_fractured,0.688068,0.434301,0.813594,0.557808,0.573333,0.496858,0.062126,0.136555,0.118334
data\dataset_cls\val\Non_fractured\IMG0003159.jpg,val,Non_fractured,0.547614,0.441525,0.0,1.0,0.208152,0.324383,0.330266,0.482375,0.267854
data\dataset_cls\val\Non_fractured\IMG0003176.jpg,val,Non_fractured,0.230204,0.656662,0.544594,0.918608,0.40359,0.391607,0.162595,0.303649,0.264239
data\dataset_cls\val\Non_fractured\IMG0003181.jpg,val,Non_fractured,0.598842,0.146942,0.5,0.5,0.416289,0.459737,0.240957,0.131204,0.127004
data\dataset_cls\val\Non_fractured\IMG0003185.jpg,val,Non_fractured,0.792502,1.0,0.623577,0.912496,0.256727,0.431025,0.321035,0.146963,0.46166
data\dataset_cls\val\Non_fractured\IMG0003196.jpg,val,Non_fractured,0.916145,0.569411,0.559486,0.066045,0.449392,0.311081,0.373896,0.262657,0.192333
data\dataset_cls\val\Non_fractured\IMG0003198.jpg,val,Non_fractured,0.44447,0.574148,0.512201,0.499634,0.292708,0.508843,0.054376,0.099726,0.125156
data\dataset_cls\val\Non_fractured\IMG0003223.jpg,val,Non_fractured,0.39341,0.45961,0.0,0.186827,0.164825,0.335302,0.245981,0.233115,0.022729
data\dataset_cls\val\Non_fractured\IMG0003241.jpg,val,Non_fractured,0.200835,0.395003,0.5,0.5,0.488254,0.424985,0.200638,0.119754,0.093109
data\dataset_cls\val\Non_fractured\IMG0003244.jpg,val,Non_fractured,0.094188,0.356602,0.5,0.5,0.610555,0.299304,0.30873,0.151135,0.225977
data\dataset_cls\val\Non_fractured\IMG0003275.jpg,val,Non_fractured,0.955388,0.376189,0.0,0.246625,0.584097,0.094914,0.462945,0.513215,0.160819
data\dataset_cls\val\Non_fractured\IMG0003282.jpg,val,Non_fractured,0.000456,0.106645,1.0,0.074753,0.764778,0.261205,0.589375,0.417974,0.209825
data\dataset_cls\val\Non_fractured\IMG0003284.jpg,val,Non_fractured,0.603666,0.36499,0.427159,0.17325,0.595924,0.378299,0.085496,0.175327,0.090436
data\dataset_cls\val\Non_fractured\IMG0003289.jpg,val,Non_fractured,0.25019,0.810845,0.643037,0.69077,0.299321,0.367315,0.238746,0.254709,0.273871
data\dataset_cls\val\Non_fractured\IMG0003300.jpg,val,Non_fractured,0.340994,0.214841,0.976147,0.365745,0.587555,0.590241,0.342283,0.342129,0.205493
data\dataset_cls\val\Non_fractured\IMG0003306.jpg,val,Non_fractured,0.884874,0.748602,0.028486,0.019097,0.636368,0.437137,0.50601,0.620121,0.124948
data\dataset_cls\val\Non_fractured\IMG0003318.jpg,val,Non_fractured,0.348833,0.535877,0.956701,0.341687,0.754057,0.273659,0.370385,0.273424,0.129143
data\dataset_cls\val\Non_fractured\IMG0003319.jpg,val,Non_fractured,0.71341,0.797869,0.119768,0.742229,0.402823,0.377452,0.34063,0.309868,0.261893
data\dataset_cls\val\Non_fractured\IMG0003323.jpg,val,Non_fractured,0.483516,0.304308,0.464067,0.653041,0.709659,0.424568,0.17084,0.211716,0.161329
data\dataset_cls\val\Non_fractured\IMG0003333.jpg,val,Non_fractured,0.649844,0.435242,0.241984,0.83198,0.489939,0.274748,0.204985,0.385883,0.241036
data\dataset_cls\val\Non_fractured\IMG0003343.jpg,val,Non_fractured,0.229465,0.0,0.5,1.0,0.374141,0.372197,0.47788,0.558457,0.085433
data\dataset_cls\val\Non_fractured\IMG0003345.jpg,val,Non_fractured,0.073894,0.54685,0.151101,0.37406,0.349008,0.47836,0.14234,0.100746,0.158124
data\dataset_cls\val\Non_fractured\IMG0003346.jpg,val,Non_fractured,0.464723,0.744462,0.760479,0.747152,0.7018,0.319795,0.226562,0.185761,0.290167
data\dataset_cls\val\Non_fractured\IMG0003349.jpg,val,Non_fractured,0.926364,0.555041,0.5,0.5,0.695904,0.242692,0.250864,0.218105,0.190235
data\dataset_cls\val\Non_fractured\IMG0003357.jpg,val,Non_fractured,0.761078,0.822321,1.0,0.666667,0.341118,0.467762,0.18046,0.299615,0.404176
data\dataset_cls\val\Non_fractured\IMG0003361.jpg,val,Non_fractured,0.238211,0.12236,0.990092,0.491457,0.435885,0.695248,0.445844,0.438836,0.284868
data\dataset_cls\val\Non_fractured\IMG0003366.jpg,val,Non_fractured,0.567848,0.894223,0.5,0.5,0.723081,0.329264,0.321052,0.122286,0.275755
data\dataset_cls\val\Non_fractured\IMG0003369.jpg,val,Non_fractured,0.419923,0.26087,0.520675,0.436809,0.541531,0.478602,0.15071,0.052046,0.098685
data\dataset_cls\val\Non_fractured\IMG0003372.jpg,val,Non_fractured,0.591513,0.358255,0.481403,0.597087,0.554794,0.526631,0.14429,0.119876,0.034854
data\dataset_cls\val\Non_fractured\IMG0003389.jpg,val,Non_fractured,1.0,0.620387,0.986657,0.094987,0.723743,0.145077,0.347257,0.209092,0.228891
data\dataset_cls\val\Non_fractured\IMG0003402.jpg,val,Non_fractured,0.478693,0.770276,1.0,0.0,0.551647,0.300364,0.458404,0.481492,0.137304
data\dataset_cls\val\Non_fractured\IMG0003411.jpg,val,Non_fractured,0.393526,0.108812,0.0,0.846004,0.498191,0.417465,0.361668,0.489227,0.204887
data\dataset_cls\val\Non_fractured\IMG0003413.jpg,val,Non_fractured,0.589023,0.626858,0.586835,0.855867,0.780473,0.220052,0.086559,0.295573,0.370488
data\dataset_cls\val\Non_fractured\IMG0003422.jpg,val,Non_fractured,0.134307,0.393173,1.0,0.090201,0.703398,0.459534,0.484721,0.447577,0.171296
data\dataset_cls\val\Non_fractured\IMG0003434.jpg,val,Non_fractured,0.354886,0.485836,0.5,0.5,0.588502,0.328197,0.134998,0.064797,0.153584
data\dataset_cls\val\Non_fractured\IMG0003456.jpg,val,Non_fractured,0.128722,0.167766,0.463907,0.376231,0.268614,0.556386,0.254342,0.177078,0.190489
data\dataset_cls\val\Non_fractured\IMG0003475.jpg,val,Non_fractured,0.747714,0.351777,0.246985,0.168088,0.417157,0.366995,0.282728,0.257442,0.089177
data\dataset_cls\val\Non_fractured\IMG0003500.jpg,val,Non_fractured,0.59954,0.499513,0.0,0.931953,0.537044,0.451904,0.255253,0.485851,0.236554
data\dataset_cls\val\Non_fractured\IMG0003531.jpg,val,Non_fractured,0.897521,0.422216,0.557036,0.107572,0.593352,0.339036,0.252508,0.221162,0.102053
data\dataset_cls\val\Non_fractured\IMG0003534.jpg,val,Non_fractured,0.0189,0.175889,0.71018,0.641971,0.288397,0.568342,0.429493,0.412337,0.117776
data\dataset_cls\val\Non_fractured\IMG0003535.jpg,val,Non_fractured,0.245161,0.345334,0.0,0.92324,0.422225,0.295877,0.177606,0.459236,0.301337
data\dataset_cls\val\Non_fractured\IMG0003541.jpg,val,Non_fractured,0.513084,0.431804,0.004526,0.956577,0.75087,0.285972,0.155247,0.577707,0.426234
data\dataset_cls\val\Non_fractured\IMG0003544.jpg,val,Non_fractured,0.452543,0.68079,0.0,0.0,0.245198,0.369817,0.397079,0.420399,0.023323
data\dataset_cls\val\Non_fractured\IMG0003558.jpg,val,Non_fractured,0.622228,0.882056,0.619127,0.55781,0.534321,0.607826,0.201785,0.127692,0.094341
data\dataset_cls\val\Non_fractured\IMG0003593.jpg,val,Non_fractured,0.57212,0.423664,0.550507,0.637553,0.701834,0.412811,0.076673,0.157164,0.122242
data\dataset_cls\val\Non_fractured\IMG0003595.jpg,val,Non_fractured,0.351661,0.395429,0.077244,0.318817,0.318829,0.329806,0.112858,0.174462,0.071928
data\dataset_cls\val\Non_fractured\IMG0003597.jpg,val,Non_fractured,0.091318,0.163865,0.5,0.5,0.551552,0.188348,0.313592,0.24657,0.195616
data\dataset_cls\val\Non_fractured\IMG0003604.jpg,val,Non_fractured,0.576636,0.671229,0.446678,0.846018,0.52369,0.464984,0.061863,0.197703,0.195924
data\dataset_cls\val\Non_fractured\IMG0003629.jpg,val,Non_fractured,0.413126,0.481989,0.618891,0.868867,0.687545,0.620742,0.237315,0.216545,0.120029
data\dataset_cls\val\Non_fractured\IMG0003639.jpg,val,Non_fractured,0.845359,0.554236,0.825965,0.898764,0.531327,0.495971,0.146484,0.265466,0.254527
data\dataset_cls\val\Non_fractured\IMG0003643.jpg,val,Non_fractured,0.442013,0.510577,0.58509,0.715733,0.630138,0.50952,0.129679,0.140962,0.103993
data\dataset_cls\val\Non_fractured\IMG0003646.jpg,val,Non_fractured,0.361304,0.478061,0.435416,0.881303,0.710179,0.286054,0.157599,0.339484,0.334779
data\dataset_cls\val\Non_fractured\IMG0003649.jpg,val,Non_fractured,0.390682,0.751883,0.0,0.833333,0.417095,0.278281,0.178411,0.342805,0.373397
data\dataset_cls\val\Non_fractured\IMG0003661.jpg,val,Non_fractured,0.436353,0.150263,0.5,0.5,0.586532,0.241572,0.163382,0.202865,0.096587
data\dataset_cls\val\Non_fractured\IMG0003674.jpg,val,Non_fractured,0.33733,0.395366,0.5,0.5,0.667459,0.125505,0.173254,0.159718,0.271373
data\dataset_cls\val\Non_fractured\IMG0003678.jpg,val,Non_fractured,0.608343,0.302133,0.482125,0.656729,0.665357,0.417346,0.158293,0.223251,0.090146
data\dataset_cls\val\Non_fractured\IMG0003680.jpg,val,Non_fractured,0.381055,0.30122,0.5,0.5,0.672307,0.43574,0.176179,0.089466,0.156284
data\dataset_cls\val\Non_fractured\IMG0003700.jpg,val,Non_fractured,0.608286,0.324394,1.0,0.093585,0.487064,0.152148,0.161802,0.316601,0.214756
data\dataset_cls\val\Non_fractured\IMG0003705.jpg,val,Non_fractured,0.441558,0.364665,0.893959,0.656868,0.659692,0.424728,0.252479,0.287991,0.05761
data\dataset_cls\val\Non_fractured\IMG0003709.jpg,val,Non_fractured,0.584665,0.306355,0.803711,0.199169,0.478507,0.327564,0.0473,0.197683,0.15219
data\dataset_cls\val\Non_fractured\IMG0003714.jpg,val,Non_fractured,0.868555,0.344653,1.0,0.485315,0.502568,0.388461,0.099465,0.224079,0.288349
data\dataset_cls\val\Non_fractured\IMG0003717.jpg,val,Non_fractured,0.486291,0.785262,0.0,1.0,0.287348,0.451737,0.231818,0.362198,0.295403
data\dataset_cls\val\Non_fractured\IMG0003725.jpg,val,Non_fractured,0.401509,0.217828,0.336703,0.532036,0.565029,0.393729,0.16665,0.179721,0.131215
data\dataset_cls\val\Non_fractured\IMG0003735.jpg,val,Non_fractured,0.315023,0.282107,0.986804,0.444874,0.75946,0.361503,0.380728,0.310735,0.072377
data\dataset_cls\val\Non_fractured\IMG0003750.jpg,val,Non_fractured,0.083276,0.38751,0.158337,0.939498,0.580886,0.394438,0.266737,0.383589,0.355321
data\dataset_cls\val\Non_fractured\IMG0003753.jpg,val,Non_fractured,0.469106,0.688529,0.5,0.5,0.664269,0.530658,0.137879,0.085526,0.127093
data\dataset_cls\val\Non_fractured\IMG0003759.jpg,val,Non_fractured,0.582592,0.535391,0.0,0.521925,0.205578,0.586028,0.320109,0.263993,0.068764
data\dataset_cls\val\Non_fractured\IMG0003804.jpg,val,Non_fractured,0.617551,0.256186,1.0,0.5,0.67193,0.418981,0.198928,0.260417,0.095215
data\dataset_cls\val\Non_fractured\IMG0003809.jpg,val,Non_fractured,0.299915,0.325463,0.399229,0.925699,0.72054,0.529007,0.319096,0.340449,0.255555
data\dataset_cls\val\Non_fractured\IMG0003815.jpg,val,Non_fractured,0.922935,0.717327,0.308661,0.557943,0.455639,0.381848,0.396468,0.253812,0.201194
data\dataset_cls\val\Non_fractured\IMG0003825.jpg,val,Non_fractured,1.0,1.0,0.675392,0.324608,0.468131,0.377885,0.518232,0.246019,0.310893
data\dataset_cls\val\Non_fractured\IMG0003826.jpg,val,Non_fractured,0.148171,0.173305,0.556985,0.024752,0.429038,0.461186,0.234538,0.264642,0.246761
data\dataset_cls\val\Non_fractured\IMG0003829.jpg,val,Non_fractured,0.656788,0.256315,0.926858,0.159555,0.637196,0.413143,0.08586,0.220112,0.171296
data\dataset_cls\val\Non_fractured\IMG0003836.jpg,val,Non_fractured,0.331679,0.230869,0.5,0.5,0.549221,0.476418,0.214421,0.105338,0.115678
data\dataset_cls\val\Non_fractured\IMG0003864.jpg,val,Non_fractured,0.388312,0.184257,0.5,0.5,0.219919,0.175147,0.103944,0.250299,0.186386
data\dataset_cls\val\Non_fractured\IMG0003866.jpg,val,Non_fractured,0.636733,0.583824,0.470371,0.935256,0.631815,0.530117,0.114492,0.274845,0.161603
data\dataset_cls\val\Non_fractured\IMG0003878.jpg,val,Non_fractured,0.696567,0.733013,0.417378,0.90085,0.606512,0.398772,0.135002,0.27246,0.280723
data\dataset_cls\val\Non_fractured\IMG0003904.jpg,val,Non_fractured,0.618629,0.31588,0.506411,0.424083,0.521884,0.260257,0.071825,0.100169,0.078005
data\dataset_cls\val\Non_fractured\IMG0003931.jpg,val,Non_fractured,0.351361,0.260948,0.128278,0.140933,0.418309,0.203378,0.078821,0.18153,0.119004
data\dataset_cls\val\Non_fractured\IMG0003947.jpg,val,Non_fractured,0.421137,0.332663,0.5,0.5,0.69069,0.387331,0.137712,0.100503,0.154628
data\dataset_cls\val\Non_fractured\IMG0003988.jpg,val,Non_fractured,0.323106,0.591708,0.0,0.261235,0.464864,0.423789,0.176787,0.309834,0.202215
data\dataset_cls\val\Non_fractured\IMG0004106.jpg,val,Non_fractured,0.615827,0.358448,0.536108,0.871106,0.642917,0.405673,0.187451,0.331906,0.146373
data\dataset_cls\val\Non_fractured\IMG0004107.jpg,val,Non_fractured,0.782527,0.485452,0.464077,0.385745,0.679254,0.456106,0.147009,0.18669,0.039728
data\dataset_cls\val\Non_fractured\IMG0004169.jpg,val,Non_fractured,0.98349,0.271001,0.5,0.5,0.711996,0.353039,0.272181,0.263533,0.029354
data\dataset_cls\val\Non_fractured\IMG0004201.jpg,val,Non_fractured,0.612196,0.942335,0.5,0.5,0.625336,0.523621,0.288909,0.174336,0.139552
data\dataset_cls\val\Non_fractured\IMG0004214.jpg,val,Non_fractured,0.268395,0.369608,0.348162,0.800377,0.472475,0.432979,0.189954,0.26647,0.149173
data\dataset_cls\val\Non_fractured\IMG0004251.jpg,val,Non_fractured,0.275114,0.365407,0.565723,0.721755,0.326326,0.360528,0.163426,0.297363,0.137213
data\dataset_cls\val\Non_fractured\IMG0004298.jpg,val,Non_fractured,0.44435,0.417391,1.0,0.5,0.418456,0.569152,0.193094,0.379091,0.215454
data\dataset_cls\test\Fractured\IMG0003297.jpg,test,Fractured,0.170457,0.148997,0.0,0.79201,0.329535,0.567781,0.353953,0.333684,0.175308
data\dataset_cls\test\Fractured\IMG0003298.jpg,test,Fractured,0.617753,0.289319,0.966426,0.126018,0.799821,0.171675,0.200171,0.185345,0.024543
data\dataset_cls\test\Fractured\IMG0003301.jpg,test,Fractured,0.672274,0.530678,0.539501,0.838429,0.699532,0.611753,0.134296,0.203127,0.079076
data\dataset_cls\test\Fractured\IMG0003308.jpg,test,Fractured,0.511014,0.639059,0.608427,0.810564,0.444071,0.416659,0.019773,0.207689,0.219427
data\dataset_cls\test\Fractured\IMG0003309.jpg,test,Fractured,0.317747,0.670442,0.542515,0.681154,0.342138,0.361301,0.129589,0.179512,0.217716
data\dataset_cls\test\Fractured\IMG0003310.jpg,test,Fractured,0.253203,0.285015,0.5,0.5,0.281681,0.491198,0.167716,0.172051,0.091286
data\dataset_cls\test\Fractured\IMG0003311.jpg,test,Fractured,0.388869,0.397743,0.972788,0.17944,0.641079,0.280179,0.300356,0.323207,0.027086
data\dataset_cls\test\Fractured\IMG0003312.jpg,test,Fractured,0.610028,0.258838,0.51867,0.388985,0.605193,0.40543,0.09766,0.070372,0.060785
data\dataset_cls\test\Fractured\IMG0003313.jpg,test,Fractured,0.551485,0.384835,0.520098,0.352154,0.536892,0.373966,0.02111,0.024246,0.003721
data\dataset_cls\test\Fractured\IMG0003331.jpg,test,Fractured,0.354478,0.221099,0.261869,0.264346,0.580851,0.417761,0.09156,0.142027,0.216015
data\dataset_cls\test\Fractured\IMG0003332.jpg,test,Fractured,0.670928,0.509428,0.632781,0.359024,0.497532,0.396945,0.112477,0.070628,0.105841
data\dataset_cls\test\Fractured\IMG0003338.jpg,test,Fractured,0.56328,0.550517,0.579995,0.520468,0.57774,0.559873,0.012472,0.023999,0.016755
data\dataset_cls\test\Fractured\IMG0003339.jpg,test,Fractured,0.543331,0.50697,0.540033,0.541093,0.633102,0.512663,0.031733,0.038296,0.061416
data\dataset_cls\test\Fractured\IMG0003341.jpg,test,Fractured,0.279485,0.500206,0.313532,0.261091,0.505671,0.393393,0.144294,0.134554,0.1397
data\dataset_cls\test\Fractured\IMG0003342.jpg,test,Fractured,0.216401,0.423555,0.653392,0.560819,0.566677,0.536895,0.275397,0.18265,0.092772
data\dataset_cls\test\Fractured\IMG0003373.jpg,test,Fractured,0.593851,0.317145,0.609873,0.385435,0.638573,0.477686,0.078919,0.009036,0.087746
data\dataset_cls\test\Fractured\IMG0003374.jpg,test,Fractured,0.615563,0.430475,0.627091,0.413945,0.662547,0.326598,0.044624,0.024917,0.069412
data\dataset_cls\test\Fractured\IMG0003381.jpg,test,Fractured,0.704726,0.437748,0.260892,0.489233,0.561367,0.410944,0.195904,0.251846,0.063008
data\dataset_cls\test\Fractured\IMG0003382.jpg,test,Fractured,0.836284,0.499926,0.320779,0.432008,0.582193,0.260012,0.276292,0.261287,0.137325
data\dataset_cls\test\Fractured\IMG0003383.jpg,test,Fractured,0.758031,0.381395,0.311654,0.503192,0.570639,0.31928,0.212191,0.256254,0.08541
data\dataset_cls\test\Fractured\IMG0003394.jpg,test,Fractured,0.575938,0.573605,0.478908,0.566777,0.592515,0.525416,0.032489,0.07115,0.05267
data\dataset_cls\test\Fractured\IMG0003395.jpg,test,Fractured,0.599114,0.650598,0.599048,0.666925,0.630326,0.485969,0.050513,0.066586,0.117063
data\dataset_cls\test\Fractured\IMG0003396.jpg,test,Fractured,0.573683,0.533869,0.506112,0.517836,0.554637,0.521335,0.030402,0.039242,0.010277
data\dataset_cls\test\Fractured\IMG0003397.jpg,test,Fractured,0.564368,0.510024,0.543218,0.445765,0.571313,0.534305,0.014142,0.053513,0.039379
data\dataset_cls\test\Fractured\IMG0003398.jpg,test,Fractured,0.669784,0.576127,0.257165,0.847418,0.426071,0.41521,0.221849,0.304244,0.199274
data\dataset_cls\test\Fractured\IMG0003399.jpg,test,Fractured,0.664334,0.415408,0.295326,0.806543,0.437717,0.398977,0.234561,0.316132,0.144094
data\dataset_cls\test\Fractured\IMG0003419.jpg,test,Fractured,0.795667,0.399208,0.894834,0.231851,0.631403,0.332913,0.08085,0.150379,0.143035
data\dataset_cls\test\Fractured\IMG0003420.jpg,test,Fractured,0.634467,0.780414,0.0,0.897459,0.440798,0.436123,0.28625,0.406983,0.280893
data\dataset_cls\test\Fractured\IMG0003458.jpg,test,Fractured,0.429763,0.361824,0.441424,0.487473,0.509627,0.547417,0.10814,0.028895,0.095576
data\dataset_cls\test\Fractured\IMG0003459.jpg,test,Fractured,0.603424,0.409617,0.630155,0.270229,0.461678,0.278168,0.098082,0.081521,0.111302
data\dataset_cls\test\Fractured\IMG0003466.jpg,test,Fractured,0.506649,0.581287,0.507011,0.470181,0.601886,0.566305,0.052744,0.075922,0.068901
data\dataset_cls\test\Fractured\IMG0003467.jpg,test,Fractured,0.525302,0.550187,0.567495,0.506495,0.555685,0.494247,0.041088,0.02083,0.023557
data\dataset_cls\test\Fractured\IMG0003477.jpg,test,Fractured,0.596867,0.654162,0.92954,0.0,0.488266,0.66299,0.22771,0.509235,0.289387
data\dataset_cls\test\Fractured\IMG0003509.jpg,test,Fractured,0.625639,0.270132,0.693426,0.432975,0.663879,0.529813,0.145208,0.039201,0.118875
data\dataset_cls\test\Fractured\IMG0003510.jpg,test,Fractured,0.646083,0.280179,0.577763,0.421509,0.727179,0.490287,0.117224,0.076501,0.120606
data\dataset_cls\test\Fractured\IMG0003519.jpg,test,Fractured,0.570874,0.232561,0.720447,0.280345,0.368588,0.414199,0.078467,0.169588,0.212554
data\dataset_cls\test\Fractured\IMG0003520.jpg,test,Fractured,0.27978,0.227181,0.729243,0.112455,0.489777,0.342267,0.21982,0.256759,0.115385
data\dataset_cls\test\Fractured\IMG0003523.jpg,test,Fractured,0.59151,0.41784,0.547037,0.450003,0.611506,0.516104,0.044235,0.038036,0.0616
data\dataset_cls\test\Fractured\IMG0003524.jpg,test,Fractured,0.509964,0.411771,0.527107,0.46979,0.511796,0.495911,0.047807,0.015168,0.037028
data\dataset_cls\test\Fractured\IMG0003545.jpg,test,Fractured,0.378359,0.201113,0.520382,0.535169,0.523793,0.563257,0.25107,0.111967,0.139218
data\dataset_cls\test\Fractured\IMG0003564.jpg,test,Fractured,0.390937,0.357264,0.687121,0.540821,0.632011,0.357283,0.189251,0.169367,0.08709
data\dataset_cls\test\Fractured\IMG0003565.jpg,test,Fractured,0.511049,0.639777,0.542221,0.608077,0.659273,0.43672,0.098485,0.05465,0.152955
data\dataset_cls\test\Fractured\IMG0003569.jpg,test,Fractured,0.45184,0.429719,1.0,0.10724,0.602208,0.340537,0.270269,0.365713,0.095445
data\dataset_cls\test\Fractured\IMG0003586.jpg,test,Fractured,0.619015,0.46308,0.611928,0.711969,0.696297,0.589056,0.127127,0.127628,0.053893
data\dataset_cls\test\Fractured\IMG0003587.jpg,test,Fractured,0.739173,0.527741,0.504802,0.629117,0.593047,0.566026,0.135106,0.120707,0.020991
data\dataset_cls\test\Fractured\IMG0003588.jpg,test,Fractured,0.5908,0.600304,0.561173,0.508395,0.568195,0.519305,0.060208,0.036385,0.023933
data\dataset_cls\test\Fractured\IMG0003589.jpg,test,Fractured,0.551166,0.473433,0.576773,0.483038,0.548629,0.479138,0.009229,0.018473,0.010244
data\dataset_cls\test\Fractured\IMG0003619.jpg,test,Fractured,0.729792,0.511476,0.477183,0.802588,0.590204,0.55529,0.171916,0.216941,0.068403
data\dataset_cls\test\Fractured\IMG0003620.jpg,test,Fractured,0.695258,0.399879,0.264387,0.845645,0.306519,0.518226,0.33166,0.302131,0.134927
data\dataset_cls\test\Fractured\IMG0003625.jpg,test,Fractured,0.542524,0.420698,0.5,0.5,0.383885,0.264628,0.071771,0.107721,0.159415
data\dataset_cls\test\Fractured\IMG0003626.jpg,test,Fractured,0.702664,0.713238,1.0,0.363256,0.556307,0.576462,0.169878,0.310251,0.198326
data\dataset_cls\test\Fractured\IMG0003628.jpg,test,Fractured,0.464637,0.564123,0.817942,0.833512,0.499958,0.262064,0.129999,0.358645,0.306034
data\dataset_cls\test\Fractured\IMG0003653.jpg,test,Fractured,0.487562,0.348106,0.41352,0.284374,0.508101,0.421609,0.018129,0.087446,0.080044
data\dataset_cls\test\Fractured\IMG0003654.jpg,test,Fractured,0.535255,0.429991,0.48193,0.434409,0.60202,0.502006,0.025868,0.061522,0.077751
data\dataset_cls\test\Fractured\IMG0003671.jpg,test,Fractured,0.900326,0.783462,1.0,0.010118,0.761713,0.35706,0.400126,0.390051,0.128395
data\dataset_cls\test\Fractured\IMG0003685.jpg,test,Fractured,0.600093,0.347183,0.574445,0.480393,0.764759,0.362892,0.067907,0.1103,0.123095
data\dataset_cls\test\Fractured\IMG0003686.jpg,test,Fractured,0.51796,0.315525,0.547669,0.338674,0.737516,0.419568,0.09328,0.056744,0.149745
data\dataset_cls\test\Fractured\IMG0003703.jpg,test,Fractured,0.53459,0.649869,0.520407,0.538285,0.645268,0.500506,0.092739,0.052472,0.100277
data\dataset_cls\test\Fractured\IMG0003704.jpg,test,Fractured,0.540222,0.442232,0.533143,0.454782,0.554607,0.533161,0.034579,0.023917,0.057687
data\dataset_cls\test\Fractured\IMG0003712.jpg,test,Fractured,0.553477,0.449887,0.501184,0.477042,0.591218,0.404228,0.007847,0.057976,0.058082
data\dataset_cls\test\Fractured\IMG0003713.jpg,test,Fractured,0.62721,0.348979,0.404546,0.772237,0.41491,0.434137,0.22303,0.265407,0.107888
data\dataset_cls\test\Non_fractured\IMG0000002.jpg,test,Non_fractured,0.4544,0.082922,0.5,0.5,0.448501,0.303494,0.212962,0.207073,0.020746
data\dataset_cls\test\Non_fractured\IMG0000013.jpg,test,Non_fractured,0.462192,0.104614,0.666667,0.939952,0.71361,0.489059,0.434065,0.431947,0.10189
data\dataset_cls\test\Non_fractured\IMG0000028.jpg,test,Non_fractured,0.185872,0.338577,0.491547,0.553506,0.495526,0.418165,0.227394,0.154096,0.106183
data\dataset_cls\test\Non_fractured\IMG0000031.jpg,test,Non_fractured,1.0,0.0,0.5,0.5,0.479279,0.515624,0.479972,0.227139,0.252847
data\dataset_cls\test\Non_fractured\IMG0000050.jpg,test,Non_fractured,0.642227,0.261864,1.0,0.5,0.569481,0.523462,0.191768,0.272333,0.192796
data\dataset_cls\test\Non_fractured\IMG0000085.jpg,test,Non_fractured,0.235801,0.04339,0.824227,0.78194,0.697524,0.383184,0.501735,0.447819,0.113389
data\dataset_cls\test\Non_fractured\IMG0000093.jpg,test,Non_fractured,0.50356,0.355143,0.693527,0.612028,0.397971,0.500835,0.137108,0.203091,0.134208
data\dataset_cls\test\Non_fractured\IMG0000110.jpg,test,Non_fractured,0.450386,0.095536,0.5,0.5,0.541419,0.364726,0.229393,0.179933,0.062785
data\dataset_cls\test\Non_fractured\IMG0000116.jpg,test,Non_fractured,0.568867,0.12824,0.5,0.5,0.492486,0.225296,0.163601,0.216456,0.065487
data\dataset_cls\test\Non_fractured\IMG0000130.jpg,test,Non_fractured,0.572115,0.517494,0.676341,0.995403,0.333823,0.249957,0.083153,0.434125,0.389227
data\dataset_cls\test\Non_fractured\IMG0000136.jpg,test,Non_fractured,0.258569,0.352339,0.5,0.5,0.405921,0.51319,0.165439,0.120485,0.060671
data\dataset_cls\test\Non_fractured\IMG0000138.jpg,test,Non_fractured,0.558321,0.547579,0.5,0.5,0.343075,0.718394,0.100015,0.094554,0.179504
data\dataset_cls\test\Non_fractured\IMG0000139.jpg,test,Non_fractured,0.34413,0.652393,0.63465,0.902333,0.317067,0.569419,0.10397,0.280775,0.180044
data\dataset_cls\test\Non_fractured\IMG0000194.jpg,test,Non_fractured,0.55646,0.589383,0.0,0.634188,0.438308,0.418521,0.228763,0.342768,0.1673
data\dataset_cls\test\Non_fractured\IMG0000204.jpg,test,Non_fractured,0.46897,0.195331,0.946985,0.105149,0.612075,0.250639,0.207366,0.282132,0.092561
data\dataset_cls\test\Non_fractured\IMG0000211.jpg,test,Non_fractured,0.5,0.5,0.5,0.5,0.646961,0.524029,0.049638,0.049638,0.099275
data\dataset_cls\test\Non_fractured\IMG0000248.jpg,test,Non_fractured,0.469122,0.28186,0.5,0.5,0.455581,0.355934,0.097576,0.123317,0.030291
data\dataset_cls\test\Non_fractured\IMG0000256.jpg,test,Non_fractured,0.5,0.5,0.0,0.900481,0.367027,0.447806,0.240822,0.405464,0.185495
data\dataset_cls\test\Non_fractured\IMG0000260.jpg,test,Non_fractured,0.587565,0.241373,0.492447,0.068568,0.443235,0.306911,0.087459,0.137901,0.120093
data\dataset_cls\test\Non_fractured\IMG0000281.jpg,test,Non_fractured,0.963501,0.369933,0.186942,0.934364,0.376959,0.634053,0.531721,0.432312,0.132724
data\dataset_cls\test\Non_fractured\IMG0000283.jpg,test,Non_fractured,0.099335,0.944032,0.264948,0.88169,0.419061,0.522952,0.22834,0.098873,0.304164
data\dataset_cls\test\Non_fractured\IMG0000293.jpg,test,Non_fractured,0.400222,0.155099,0.10556,0.279784,0.392184,0.511869,0.189568,0.197041,0.217143
data\dataset_cls\test\Non_fractured\IMG0000298.jpg,test,Non_fractured,0.326583,0.593991,0.333333,0.667057,0.484317,0.796525,0.106985,0.051623,0.151119
data\dataset_cls\test\Non_fractured\IMG0000305.jpg,test,Non_fractured,0.513043,0.0,0.0,0.166667,0.598149,0.354255,0.224719,0.370463,0.290676
data\dataset_cls\test\Non_fractured\IMG0000306.jpg,test,Non_fractured,0.027801,0.922325,1.0,1.0,0.488718,0.521238,0.489718,0.528135,0.293763
data\dataset_cls\test\Non_fractured\IMG0000313.jpg,test,Non_fractured,0.858384,0.376138,0.0,0.333333,0.417567,0.199941,0.439177,0.426388,0.103487
data\dataset_cls\test\Non_fractured\IMG0000315.jpg,test,Non_fractured,0.429148,0.475708,0.310187,0.877104,0.52854,0.372199,0.099509,0.322346,0.228796
data\dataset_cls\test\Non_fractured\IMG0000347.jpg,test,Non_fractured,0.592774,0.836915,0.622987,0.792338,0.795454,0.456318,0.161593,0.108102,0.269624
data\dataset_cls\test\Non_fractured\IMG0000353.jpg,test,Non_fractured,0.562884,0.503469,0.624139,0.16399,0.527391,0.416798,0.142309,0.204333,0.070781
data\dataset_cls\test\Non_fractured\IMG0000377.jpg,test,Non_fractured,0.333553,0.23119,1.0,0.06008,0.612934,0.33345,0.31611,0.381146,0.130253
data\dataset_cls\test\Non_fractured\IMG0000383.jpg,test,Non_fractured,0.530718,0.237868,0.598407,0.325623,0.575639,0.332716,0.071511,0.040399,0.034773
data\dataset_cls\test\Non_fractured\IMG0000399.jpg,test,Non_fractured,0.0,0.070225,0.5,0.5,0.348903,0.366541,0.372357,0.286969,0.085408
data\dataset_cls\test\Non_fractured\IMG0000406.jpg,test,Non_fractured,0.893304,0.169378,0.311839,0.339591,0.522813,0.406673,0.34517,0.266374,0.114548
data\dataset_cls\test\Non_fractured\IMG0000410.jpg,test,Non_fractured,0.112713,0.252503,1.0,0.276844,0.246384,0.319179,0.341669,0.547001,0.209819
data\dataset_cls\test\Non_fractured\IMG0000423.jpg,test,Non_fractured,0.422907,0.807054,0.791937,0.130746,0.44126,0.68831,0.294802,0.476144,0.183485
data\dataset_cls\test\Non_fractured\IMG0000440.jpg,test,Non_fractured,0.669378,0.401728,0.515589,0.484374,0.46767,0.39092,0.120894,0.068491,0.090175
data\dataset_cls\test\Non_fractured\IMG0000448.jpg,test,Non_fractured,0.44381,0.452377,0.523624,0.575779,0.61551,0.429504,0.090287,0.089982,0.104397
data\dataset_cls\test\Non_fractured\IMG0000449.jpg,test,Non_fractured,0.44446,0.640487,0.820214,0.262796,0.49928,0.341617,0.267318,0.277644,0.115103
data\dataset_cls\test\Non_fractured\IMG0000476.jpg,test,Non_fractured,0.301678,0.57076,0.902648,0.401916,0.366443,0.500625,0.235776,0.389409,0.157435
data\dataset_cls\test\Non_fractured\IMG0000494.jpg,test,Non_fractured,0.602112,0.619187,0.675915,0.110119,0.619248,0.407109,0.242286,0.272183,0.031221
data\dataset_cls\test\Non_fractured\IMG0000502.jpg,test,Non_fractured,0.52518,0.690001,0.0,0.279024,0.40934,0.239528,0.357927,0.335216,0.190383
data\dataset_cls\test\Non_fractured\IMG0000504.jpg,test,Non_fractured,0.501136,0.42848,0.478077,0.42482,0.406,0.355687,0.046922,0.027263,0.073108
data\dataset_cls\test\Non_fractured\IMG0000515.jpg,test,Non_fractured,0.713104,0.598718,0.0,1.0,0.502151,0.397146,0.315131,0.525477,0.28517
data\dataset_cls\test\Non_fractured\IMG0000541.jpg,test,Non_fractured,0.322378,0.069617,0.053671,1.0,0.39101,0.428495,0.434898,0.539852,0.152761
data\dataset_cls\test\Non_fractured\IMG0000557.jpg,test,Non_fractured,0.681126,0.572503,0.899352,0.2156,0.470361,0.42096,0.1695,0.28578,0.214005
data\dataset_cls\test\Non_fractured\IMG0000561.jpg,test,Non_fractured,0.629035,0.378355,0.094178,0.179367,0.510778,0.27348,0.240114,0.33186,0.099512
data\dataset_cls\test\Non_fractured\IMG0000571.jpg,test,Non_fractured,0.565273,0.589872,0.618958,0.39089,0.536918,0.528315,0.087255,0.120918,0.04465
data\dataset_cls\test\Non_fractured\IMG0000615.jpg,test,Non_fractured,0.834969,0.629154,0.761196,0.236673,0.610929,0.437846,0.218454,0.19952,0.124812
data\dataset_cls\test\Non_fractured\IMG0000620.jpg,test,Non_fractured,0.487038,0.421171,0.5,0.5,0.454618,0.281373,0.021333,0.101041,0.122257
data\dataset_cls\test\Non_fractured\IMG0000634.jpg,test,Non_fractured,0.193952,0.576122,0.759294,1.0,0.204047,0.685321,0.26147,0.447361,0.194197
data\dataset_cls\test\Non_fractured\IMG0000676.jpg,test,Non_fractured,0.235582,0.752012,0.135289,0.83949,0.235887,0.522696,0.057847,0.150478,0.185118
data\dataset_cls\test\Non_fractured\IMG0000686.jpg,test,Non_fractured,0.493275,0.70705,0.532378,0.930809,0.477373,0.457408,0.011586,0.234494,0.24217
data\dataset_cls\test\Non_fractured\IMG0000698.jpg,test,Non_fractured,0.533386,0.189105,0.479642,0.341736,0.660329,0.518068,0.162375,0.078542,0.197191
data\dataset_cls\test\Non_fractured\IMG0000705.jpg,test,Non_fractured,0.512982,0.448565,0.0,0.5,0.583314,0.33709,0.148901,0.372351,0.2363
data\dataset_cls\test\Non_fractured\IMG0000707.jpg,test,Non_fractured,0.421555,0.070273,0.439257,0.0,0.610045,0.222061,0.073906,0.109997,0.172833
data\dataset_cls\test\Non_fractured\IMG0000713.jpg,test,Non_fractured,0.644159,0.329887,0.439302,0.042812,0.48465,0.463338,0.131809,0.250178,0.18854
data\dataset_cls\test\Non_fractured\IMG0000718.jpg,test,Non_fractured,0.589495,0.807961,0.396688,0.430961,0.541102,0.349412,0.289889,0.149447,0.182855
data\dataset_cls\test\Non_fractured\IMG0000721.jpg,test,Non_fractured,0.656932,0.86797,0.913571,1.0,0.469087,0.357445,0.128232,0.348258,0.43836
data\dataset_cls\test\Non_fractured\IMG0000728.jpg,test,Non_fractured,0.622336,0.696514,0.891407,0.692354,0.650043,0.544006,0.111864,0.176803,0.123001
data\dataset_cls\test\Non_fractured\IMG0000754.jpg,test,Non_fractured,0.614832,0.334988,0.626382,0.497789,0.380785,0.551702,0.146643,0.093083,0.183575
data\dataset_cls\test\Non_fractured\IMG0000790.jpg,test,Non_fractured,0.669404,0.772912,0.5,0.5,0.611311,0.626105,0.159136,0.162623,0.019034
data\dataset_cls\test\Non_fractured\IMG0000854.jpg,test,Non_fractured,0.376316,0.361654,0.333445,0.430937,0.556721,0.625747,0.120211,0.098088,0.203729
data\dataset_cls\test\Non_fractured\IMG0000881.jpg,test,Non_fractured,0.201558,0.337769,0.0,1.0,0.441711,0.392093,0.239198,0.474581,0.292763
data\dataset_cls\test\Non_fractured\IMG0000890.jpg,test,Non_fractured,0.231708,0.694936,0.971841,0.921115,0.215668,0.297705,0.248008,0.573559,0.426617
data\dataset_cls\test\Non_fractured\IMG0000926.jpg,test,Non_fractured,0.237981,0.249992,0.5,0.5,0.393869,0.424102,0.198473,0.163893,0.036699
data\dataset_cls\test\Non_fractured\IMG0000932.jpg,test,Non_fractured,0.390385,0.557109,0.166667,0.406473,0.38679,0.343383,0.143151,0.150798,0.117148
data\dataset_cls\test\Non_fractured\IMG0000935.jpg,test,Non_fractured,0.303986,0.395703,0.0,0.5,0.600493,0.467774,0.058842,0.304908,0.299295
data\dataset_cls\test\Non_fractured\IMG0000938.jpg,test,Non_fractured,0.308374,0.262726,0.37278,0.2239,0.530972,0.419399,0.103419,0.084132,0.172892
data\dataset_cls\test\Non_fractured\IMG0000949.jpg,test,Non_fractured,0.6646,0.082497,0.0,0.356945,0.523637,0.330689,0.320084,0.408565,0.147458
data\dataset_cls\test\Non_fractured\IMG0000963.jpg,test,Non_fractured,0.776745,0.799078,0.057143,0.90017,0.625437,0.385727,0.3084,0.47581,0.339064
data\dataset_cls\test\Non_fractured\IMG0000966.jpg,test,Non_fractured,0.294136,0.458091,0.460214,0.34029,0.602079,0.327481,0.178389,0.035916,0.157373
data\dataset_cls\test\Non_fractured\IMG0000967.jpg,test,Non_fractured,0.918854,0.665307,0.356956,0.487728,0.549957,0.399961,0.343602,0.253407,0.1315
data\dataset_cls\test\Non_fractured\IMG0000970.jpg,test,Non_fractured,0.962151,0.391058,0.775092,0.078101,0.634711,0.308067,0.216406,0.181642,0.163455
data\dataset_cls\test\Non_fractured\IMG0000983.jpg,test,Non_fractured,0.660879,1.0,0.5,0.5,0.522901,0.201968,0.443997,0.091022,0.367363
data\dataset_cls\test\Non_fractured\IMG0000989.jpg,test,Non_fractured,0.588645,0.277217,0.0,0.157035,0.746912,0.434526,0.143992,0.464502,0.334731
data\dataset_cls\test\Non_fractured\IMG0001002.jpg,test,Non_fractured,0.477472,0.611843,0.511554,0.678284,0.519385,0.404998,0.053217,0.11358,0.1609
data\dataset_cls\test\Non_fractured\IMG0001006.jpg,test,Non_fractured,0.692525,0.345619,0.39362,0.164576,0.431282,0.321051,0.198897,0.158884,0.086531
data\dataset_cls\test\Non_fractured\IMG0001009.jpg,test,Non_fractured,0.603487,0.739784,0.204005,0.208172,0.667169,0.445302,0.297246,0.385158,0.176652
data\dataset_cls\test\Non_fractured\IMG0001013.jpg,test,Non_fractured,0.378344,0.562333,0.5,0.5,0.46039,0.266959,0.137214,0.078279,0.176706
data\dataset_cls\test\Non_fractured\IMG0001023.jpg,test,Non_fractured,0.590843,0.1104,0.329766,0.582989,0.403917,0.311864,0.269785,0.271925,0.044185
data\dataset_cls\test\Non_fractured\IMG0001024.jpg,test,Non_fractured,0.235206,0.540073,0.785263,1.0,0.325817,0.498697,0.255091,0.464646,0.218718
data\dataset_cls\test\Non_fractured\IMG0001054.jpg,test,Non_fractured,0.739552,0.320268,0.21911,0.231537,0.635985,0.260843,0.213785,0.314907,0.104917
data\dataset_cls\test\Non_fractured\IMG0001060.jpg,test,Non_fractured,0.204789,0.642636,0.86172,0.090413,0.405566,0.560832,0.355536,0.503847,0.155005
data\dataset_cls\test\Non_fractured\IMG0001078.jpg,test,Non_fractured,0.47094,0.166306,0.5,0.5,0.641484,0.264582,0.158619,0.19337,0.113612
data\dataset_cls\test\Non_fractured\IMG0001079.jpg,test,Non_fractured,0.644216,0.657898,0.835905,0.081251,0.606165,0.41782,0.277017,0.335255,0.094881
data\dataset_cls\test\Non_fractured\IMG0001086.jpg,test,Non_fractured,0.015903,0.103224,0.0,0.16686,0.608091,0.423907,0.230893,0.217761,0.444027
data\dataset_cls\test\Non_fractured\IMG0001091.jpg,test,Non_fractured,0.881799,0.230761,0.072071,0.332698,0.465264,0.286647,0.412126,0.403997,0.008443
data\dataset_cls\test\Non_fractured\IMG0001105.jpg,test,Non_fractured,0.649487,0.57097,0.445232,0.082968,0.46054,0.331511,0.275642,0.256192,0.057959
data\dataset_cls\test\Non_fractured\IMG0001157.jpg,test,Non_fractured,1.0,1.0,0.5,0.5,0.456778,0.523033,0.476419,0.231471,0.2472
data\dataset_cls\test\Non_fractured\IMG0001159.jpg,test,Non_fractured,0.447179,0.337798,0.239655,0.323514,0.426426,0.514562,0.093399,0.148186,0.134515
data\dataset_cls\test\Non_fractured\IMG0001164.jpg,test,Non_fractured,0.158708,0.235268,0.131639,0.114535,0.37926,0.194553,0.083998,0.11341,0.156607
data\dataset_cls\test\Non_fractured\IMG0001165.jpg,test,Non_fractured,0.5,0.5,0.5,0.5,0.273612,0.268037,0.108042,0.108042,0.216084
data\dataset_cls\test\Non_fractured\IMG0001166.jpg,test,Non_fractured,0.648797,0.397319,0.0,0.921574,0.30105,0.399914,0.375747,0.47095,0.17372
data\dataset_cls\test\Non_fractured\IMG0001173.jpg,test,Non_fractured,0.14076,0.337041,0.973428,0.902548,0.151157,0.322216,0.33566,0.670967,0.335551
data\dataset_cls\test\Non_fractured\IMG0001174.jpg,test,Non_fractured,0.11343,0.543197,0.105165,0.0,0.233792,0.371233,0.241298,0.308207,0.106304
data\dataset_cls\test\Non_fractured\IMG0001177.jpg,test,Non_fractured,0.842877,0.681795,0.110733,0.865931,0.696026,0.461339,0.293249,0.480999,0.254496
data\dataset_cls\test\Non_fractured\IMG0001186.jpg,test,Non_fractured,0.492776,0.547797,0.497692,1.0,0.528942,0.503191,0.136554,0.316459,0.181865
data\dataset_cls\test\Non_fractured\IMG0001212.jpg,test,Non_fractured,0.231167,0.803086,0.569021,0.496974,0.567109,0.337396,0.341513,0.123339,0.236299
data\dataset_cls\test\Non_fractured\IMG0001224.jpg,test,Non_fractured,0.414928,0.269497,0.449258,0.65103,0.61546,0.396354,0.186673,0.216578,0.129457
data\dataset_cls\test\Non_fractured\IMG0001225.jpg,test,Non_fractured,0.716438,0.232085,0.689717,0.099482,0.352132,0.377402,0.130411,0.171647,0.273207
data\dataset_cls\test\Non_fractured\IMG0001272.jpg,test,Non_fractured,0.611933,0.465729,0.510477,0.489523,0.263611,0.194361,0.171138,0.116846,0.273903
data\dataset_cls\test\Non_fractured\IMG0001288.jpg,test,Non_fractured,0.158486,0.470247,0.950392,0.29633,0.485535,0.376601,0.3835,0.427404,0.046152
data\dataset_cls\test\Non_fractured\IMG0001290.jpg,test,Non_fractured,0.826441,0.547614,0.5,0.5,0.775094,0.525465,0.128059,0.201986,0.07459
data\dataset_cls\test\Non_fractured\IMG0001310.jpg,test,Non_fractured,0.379206,0.647224,0.78371,0.499415,0.331301,0.365317,0.186136,0.285674,0.216891
data\dataset_cls\test\Non_fractured\IMG0001347.jpg,test,Non_fractured,0.753954,0.483752,0.940375,0.26261,0.495693,0.323522,0.12936,0.230421,0.236641
data\dataset_cls\test\Non_fractured\IMG0001374.jpg,test,Non_fractured,0.588946,0.115516,0.694758,0.305547,0.543885,0.450128,0.17605,0.086892,0.172567
data\dataset_cls\test\Non_fractured\IMG0001390.jpg,test,Non_fractured,0.340116,0.061635,0.255906,0.476552,0.1915,0.516318,0.300076,0.125225,0.179462
data\dataset_cls\test\Non_fractured\IMG0001396.jpg,test,Non_fractured,0.234469,0.34646,0.5,0.5,0.538692,0.493732,0.214763,0.092493,0.123591
data\dataset_cls\test\Non_fractured\IMG0001434.jpg,test,Non_fractured,0.403827,0.17709,0.0,0.747755,0.424816,0.384288,0.28899,0.416233,0.157467
data\dataset_cls\test\Non_fractured\IMG0001435.jpg,test,Non_fractured,0.0,0.405452,0.88198,0.0,0.546683,0.602957,0.481239,0.526904,0.275968
data\dataset_cls\test\Non_fractured\IMG0001463.jpg,test,Non_fractured,0.278358,0.872663,0.307835,0.319821,0.242324,0.497986,0.309181,0.245718,0.073732
data\dataset_cls\test\Non_fractured\IMG0001488.jpg,test,Non_fractured,0.740348,0.839578,0.0,0.666667,0.54768,0.531354,0.349922,0.429526,0.189373
data\dataset_cls\test\Non_fractured\IMG0001496.jpg,test,Non_fractured,0.642395,0.453336,0.904939,0.591183,0.441819,0.425628,0.042125,0.262179,0.230421
data\dataset_cls\test\Non_fractured\IMG0001505.jpg,test,Non_fractured,0.876672,0.337051,0.081575,0.29203,0.600646,0.632015,0.366633,0.456468,0.226625
data\dataset_cls\test\Non_fractured\IMG0001520.jpg,test,Non_fractured,0.380102,0.545974,0.379347,0.487075,0.682725,0.438144,0.11495,0.101432,0.208649
data\dataset_cls\test\Non_fractured\IMG0001568.jpg,test,Non_fractured,0.384041,0.253827,0.25262,0.883551,0.388578,0.388975,0.258442,0.385219,0.128637
data\dataset_cls\test\Non_fractured\IMG0001588.jpg,test,Non_fractured,0.24001,0.83825,1.0,0.98057,0.239316,0.493408,0.261947,0.548604,0.375932
data\dataset_cls\test\Non_fractured\IMG0001599.jpg,test,Non_fractured,0.488907,0.356853,0.745567,0.223778,0.453547,0.463731,0.074281,0.221158,0.158979
data\dataset_cls\test\Non_fractured\IMG0001600.jpg,test,Non_fractured,0.702748,0.775696,0.733986,0.332168,0.556503,0.441147,0.262177,0.196873,0.131522
data\dataset_cls\test\Non_fractured\IMG0001604.jpg,test,Non_fractured,0.732611,0.372489,0.0,0.465269,0.65036,0.389916,0.274094,0.464385,0.190351
data\dataset_cls\test\Non_fractured\IMG0001612.jpg,test,Non_fractured,0.559629,0.488504,0.55879,0.824892,0.585622,0.580047,0.14289,0.193963,0.054049
data\dataset_cls\test\Non_fractured\IMG0001634.jpg,test,Non_fractured,0.834432,0.259246,0.896849,0.128616,0.709358,0.379299,0.021181,0.15197,0.161638
data\dataset_cls\test\Non_fractured\IMG0001649.jpg,test,Non_fractured,0.564519,0.897324,0.714622,0.050974,0.691,0.397907,0.457965,0.401954,0.061311
data\dataset_cls\test\Non_fractured\IMG0001651.jpg,test,Non_fractured,0.5,0.5,0.5,0.5,0.449794,0.087214,0.138609,0.138609,0.277219
data\dataset_cls\test\Non_fractured\IMG0001674.jpg,test,Non_fractured,0.265798,0.468096,0.968903,0.948671,0.549421,0.37972,0.353939,0.512262,0.22374
data\dataset_cls\test\Non_fractured\IMG0001678.jpg,test,Non_fractured,0.073168,0.391084,0.645945,0.41283,0.402461,0.448241,0.301838,0.272125,0.042074
data\dataset_cls\test\Non_fractured\IMG0001680.jpg,test,Non_fractured,0.168083,0.654498,0.0,0.521699,0.433679,0.346342,0.150536,0.201088,0.283387
data\dataset_cls\test\Non_fractured\IMG0001687.jpg,test,Non_fractured,0.450902,0.623307,0.586919,0.821923,0.67762,0.354632,0.123147,0.222482,0.267166
data\dataset_cls\test\Non_fractured\IMG0001700.jpg,test,Non_fractured,0.504604,0.331314,0.5,0.5,0.395804,0.428094,0.096225,0.086797,0.071481
data\dataset_cls\test\Non_fractured\IMG0001751.jpg,test,Non_fractured,0.722077,0.583099,0.659551,0.861429,0.544865,0.522355,0.107919,0.206534,0.165011
data\dataset_cls\test\Non_fractured\IMG0001768.jpg,test,Non_fractured,0.790471,0.486561,0.412698,0.314346,0.639245,0.520344,0.182271,0.237638,0.083778
data\dataset_cls\test\Non_fractured\IMG0001769.jpg,test,Non_fractured,0.821247,0.785496,0.639625,0.77066,0.566357,0.519178,0.173074,0.086758,0.204343
data\dataset_cls\test\Non_fractured\IMG0001778.jpg,test,Non_fractured,0.663155,0.24861,0.386227,0.220557,0.581898,0.398052,0.126065,0.171788,0.11546
data\dataset_cls\test\Non_fractured\IMG0001857.jpg,test,Non_fractured,0.310693,0.400295,0.721897,0.843889,0.380377,0.364154,0.210098,0.397091,0.194371
data\dataset_cls\test\Non_fractured\IMG0001871.jpg,test,Non_fractured,0.212648,0.224694,0.016491,0.194719,0.433916,0.434841,0.060638,0.223467,0.260485
data\dataset_cls\test\Non_fractured\IMG0001872.jpg,test,Non_fractured,0.387957,0.140047,0.646148,0.092816,0.484262,0.492111,0.155845,0.204355,0.251405
data\dataset_cls\test\Non_fractured\IMG0001874.jpg,test,Non_fractured,0.524586,0.290729,0.5,0.5,0.673689,0.324026,0.090887,0.144425,0.117639
data\dataset_cls\test\Non_fractured\IMG0001876.jpg,test,Non_fractured,0.853069,0.234573,0.900423,0.31001,0.574706,0.374331,0.105238,0.124412,0.212541
data\dataset_cls\test\Non_fractured\IMG0001899.jpg,test,Non_fractured,0.905395,0.296681,0.39904,0.416514,0.444779,0.402102,0.330953,0.189393,0.141581
data\dataset_cls\test\Non_fractured\IMG0001926.jpg,test,Non_fractured,0.929661,0.915549,0.0,0.912769,0.470192,0.406976,0.493419,0.495828,0.338141
data\dataset_cls\test\Non_fractured\IMG0001944.jpg,test,Non_fractured,0.69517,0.686156,0.732933,0.780267,0.523818,0.376297,0.084587,0.185302,0.269631
data\dataset_cls\test\Non_fractured\IMG0001996.jpg,test,Non_fractured,0.411445,0.487349,0.428106,0.880581,0.505366,0.394986,0.106849,0.293637,0.200925
data\dataset_cls\test\Non_fractured\IMG0002006.jpg,test,Non_fractured,0.415119,0.518622,0.409868,0.565673,0.643912,0.35947,0.083358,0.116142,0.196554
data\dataset_cls\test\Non_fractured\IMG0002015.jpg,test,Non_fractured,0.616214,0.030325,0.5,0.5,0.530266,0.22143,0.230338,0.254149,0.034562
data\dataset_cls\test\Non_fractured\IMG0002016.jpg,test,Non_fractured,0.854516,0.526592,0.827402,0.347423,0.484884,0.555052,0.141469,0.166364,0.250088
data\dataset_cls\test\Non_fractured\IMG0002042.jpg,test,Non_fractured,0.147271,0.396,0.0,0.534168,0.497299,0.321623,0.070851,0.244602,0.298196
data\dataset_cls\test\Non_fractured\IMG0002044.jpg,test,Non_fractured,0.635226,0.581801,0.918244,0.1667,0.510165,0.369755,0.215577,0.309072,0.177739
data\dataset_cls\test\Non_fractured\IMG0002056.jpg,test,Non_fractured,0.794952,0.484993,0.904399,0.464653,0.516502,0.382504,0.069641,0.167057,0.230485
data\dataset_cls\test\Non_fractured\IMG0002080.jpg,test,Non_fractured,0.236446,0.044389,0.5,0.5,0.53307,0.241339,0.286673,0.250179,0.111806
data\dataset_cls\test\Non_fractured\IMG0002115.jpg,test,Non_fractured,0.48951,0.11128,0.0,0.009805,0.37323,0.237453,0.202097,0.307795,0.14576
data\dataset_cls\test\Non_fractured\IMG0002167.jpg,test,Non_fractured,0.457838,0.247331,0.46895,0.552064,0.650897,0.475653,0.190272,0.139226,0.134869
data\dataset_cls\test\Non_fractured\IMG0002178.jpg,test,Non_fractured,0.5,0.5,0.5,0.5,0.501906,0.251878,0.08271,0.08271,0.16542
data\dataset_cls\test\Non_fractured\IMG0002200.jpg,test,Non_fractured,0.419879,0.657116,0.5,0.5,0.532818,0.551571,0.10866,0.071327,0.05181
data\dataset_cls\test\Non_fractured\IMG0002224.jpg,test,Non_fractured,0.687055,0.149811,0.947049,0.950834,0.392364,0.492299,0.381346,0.500021,0.285756
data\dataset_cls\test\Non_fractured\IMG0002231.jpg,test,Non_fractured,0.478642,0.47008,0.833333,0.833333,0.674295,0.656982,0.259391,0.248348,0.012701
data\dataset_cls\test\Non_fractured\IMG0002250.jpg,test,Non_fractured,1.0,0.0,0.833983,0.0,0.35043,0.460286,0.312169,0.186396,0.486647
data\dataset_cls\test\Non_fractured\IMG0002260.jpg,test,Non_fractured,0.505305,0.112237,0.568995,0.785272,0.660198,0.166918,0.253278,0.430561,0.205017
data\dataset_cls\test\Non_fractured\IMG0002269.jpg,test,Non_fractured,0.760919,0.541766,0.5,0.5,0.280151,0.243063,0.272034,0.073018,0.298068
data\dataset_cls\test\Non_fractured\IMG0002290.jpg,test,Non_fractured,0.346436,0.321009,0.797011,0.281354,0.551085,0.440635,0.220029,0.241452,0.093982
data\dataset_cls\test\Non_fractured\IMG0002629.jpg,test,Non_fractured,0.576255,0.175907,0.275728,0.205189,0.43097,0.360501,0.164821,0.157625,0.113351
data\dataset_cls\test\Non_fractured\IMG0002679.jpg,test,Non_fractured,0.193316,0.468314,0.5,0.5,0.513953,0.446292,0.209132,0.101644,0.114351
data\dataset_cls\test\Non_fractured\IMG0002685.jpg,test,Non_fractured,0.515497,0.597792,0.52563,0.323123,0.557213,0.675993,0.067732,0.209302,0.145753
data\dataset_cls\test\Non_fractured\IMG0002690.jpg,test,Non_fractured,0.562649,0.677894,0.077056,0.648232,0.813543,0.251608,0.170936,0.425328,0.428447
data\dataset_cls\test\Non_fractured\IMG0002699.jpg,test,Non_fractured,0.038029,0.266941,0.082362,0.0,0.278839,0.374136,0.108947,0.219628,0.216769
data\dataset_cls\test\Non_fractured\IMG0002708.jpg,test,Non_fractured,0.557889,0.0,0.5,0.5,0.183449,0.636478,0.405311,0.148718,0.345596
data\dataset_cls\test\Non_fractured\IMG0002718.jpg,test,Non_fractured,0.58264,0.999669,0.574122,0.777708,0.64498,0.347548,0.291913,0.074272,0.363482
data\dataset_cls\test\Non_fractured\IMG0002721.jpg,test,Non_fractured,0.627188,0.448211,0.225007,0.147607,0.441953,0.307232,0.244961,0.257149,0.012263
data\dataset_cls\test\Non_fractured\IMG0002729.jpg,test,Non_fractured,0.691656,0.456852,0.089697,0.699223,0.386694,0.328065,0.304669,0.362789,0.16667
data\dataset_cls\test\Non_fractured\IMG0002730.jpg,test,Non_fractured,0.321393,0.182533,1.0,0.347968,0.488395,0.484439,0.322053,0.396855,0.185869
data\dataset_cls\test\Non_fractured\IMG0002733.jpg,test,Non_fractured,0.361457,0.735948,0.770041,0.356834,0.334037,0.528302,0.233231,0.336067,0.154945
data\dataset_cls\test\Non_fractured\IMG0002762.jpg,test,Non_fractured,0.413324,0.440933,0.0,0.833333,0.520524,0.38753,0.152254,0.418285,0.267342
data\dataset_cls\test\Non_fractured\IMG0002763.jpg,test,Non_fractured,0.654443,0.843111,0.658943,0.879701,0.374329,0.433545,0.154587,0.187566,0.341757
data\dataset_cls\test\Non_fractured\IMG0002782.jpg,test,Non_fractured,0.294183,0.395825,0.63281,0.388979,0.495849,0.397667,0.180105,0.158614,0.021852
data\dataset_cls\test\Non_fractured\IMG0002794.jpg,test,Non_fractured,0.431453,0.649842,0.240942,0.802753,0.662068,0.391371,0.037641,0.277393,0.311532
data\dataset_cls\test\Non_fractured\IMG0002799.jpg,test,Non_fractured,0.949446,0.42186,0.934006,0.881448,0.596608,0.433764,0.199425,0.320901,0.272097
data\dataset_cls\test\Non_fractured\IMG0002801.jpg,test,Non_fractured,0.88967,0.725293,1.0,0.337413,0.811755,0.340777,0.257692,0.164052,0.154962
data\dataset_cls\test\Non_fractured\IMG0002816.jpg,test,Non_fractured,0.607225,0.389713,0.809331,0.321556,0.557672,0.489839,0.051956,0.170557,0.134483
data\dataset_cls\test\Non_fractured\IMG0002837.jpg,test,Non_fractured,0.313485,0.299176,0.69189,0.396621,0.577041,0.359633,0.220365,0.170415,0.050182
data\dataset_cls\test\Non_fractured\IMG0002838.jpg,test,Non_fractured,0.372528,0.137072,0.07159,0.670467,0.381917,0.307592,0.253968,0.361623,0.124373
data\dataset_cls\test\Non_fractured\IMG0002867.jpg,test,Non_fractured,0.0658,0.18519,0.5,0.5,0.289042,0.351612,0.271582,0.264739,0.007273
data\dataset_cls\test\Non_fractured\IMG0002912.jpg,test,Non_fractured,0.572142,0.339425,0.874376,0.750204,0.658015,0.64094,0.270388,0.24481,0.077451
data\dataset_cls\test\Non_fractured\IMG0002940.jpg,test,Non_fractured,0.946149,0.839427,0.0,0.141923,0.501186,0.267245,0.627809,0.55496,0.150128
data\dataset_cls\test\Non_fractured\IMG0002944.jpg,test,Non_fractured,0.437391,0.537366,0.5,0.5,0.429655,0.390487,0.064081,0.050423,0.089339
data\dataset_cls\test\Non_fractured\IMG0002961.jpg,test,Non_fractured,0.66511,0.349197,1.0,0.921355,0.546615,0.369048,0.210106,0.457748,0.260461
data\dataset_cls\test\Non_fractured\IMG0002962.jpg,test,Non_fractured,0.101273,0.136708,0.0,0.703785,0.345765,0.333963,0.259211,0.346028,0.204988
data\dataset_cls\test\Non_fractured\IMG0002965.jpg,test,Non_fractured,0.211227,0.622444,0.502937,0.694587,0.316542,0.409542,0.140413,0.198932,0.168169
data\dataset_cls\test\Non_fractured\IMG0002972.jpg,test,Non_fractured,0.757709,0.696222,0.893552,0.274425,0.493582,0.442892,0.229069,0.265729,0.223166
data\dataset_cls\test\Non_fractured\IMG0002997.jpg,test,Non_fractured,0.731793,0.246129,1.0,0.04245,0.445041,0.531865,0.028042,0.358699,0.381421
data\dataset_cls\test\Non_fractured\IMG0003003.jpg,test,Non_fractured,0.606079,0.401673,0.172851,0.125397,0.58764,0.512384,0.160352,0.358864,0.212079
data\dataset_cls\test\Non_fractured\IMG0003014.jpg,test,Non_fractured,0.71178,0.796906,0.232793,0.232793,0.268435,0.422616,0.438595,0.304277,0.149164
data\dataset_cls\test\Non_fractured\IMG0003028.jpg,test,Non_fractured,0.0,0.754597,0.5,0.5,0.295848,0.384281,0.337292,0.239239,0.16487
data\dataset_cls\test\Non_fractured\IMG0003037.jpg,test,Non_fractured,0.360269,0.32105,0.387357,0.9131,0.526242,0.557626,0.283606,0.318032,0.109075
data\dataset_cls\test\Non_fractured\IMG0003049.jpg,test,Non_fractured,0.70565,0.701647,0.8929,0.703839,0.710846,0.590325,0.073745,0.129002,0.095353
data\dataset_cls\test\Non_fractured\IMG0003059.jpg,test,Non_fractured,0.775248,0.752443,0.302146,0.69398,0.464157,0.56462,0.273986,0.213019,0.116824
data\dataset_cls\test\Non_fractured\IMG0003060.jpg,test,Non_fractured,0.594985,0.45026,0.548694,0.893281,0.618564,0.550215,0.18115,0.264874,0.086817
data\dataset_cls\test\Non_fractured\IMG0003104.jpg,test,Non_fractured,0.488692,0.257258,0.083063,0.213612,0.725136,0.409148,0.06695,0.358219,0.314907
data\dataset_cls\test\Non_fractured\IMG0003138.jpg,test,Non_fractured,0.600437,0.493161,0.229979,0.090229,0.486718,0.507958,0.206848,0.344296,0.151853
data\dataset_cls\test\Non_fractured\IMG0003149.jpg,test,Non_fractured,0.780116,0.336008,0.895881,0.0,0.397548,0.350779,0.139195,0.3071,0.317912
data\dataset_cls\test\Non_fractured\IMG0003153.jpg,test,Non_fractured,0.510502,0.381651,0.616024,0.42659,0.527007,0.473125,0.061009,0.064849,0.051966
data\dataset_cls\test\Non_fractured\IMG0003166.jpg,test,Non_fractured,1.0,0.0,0.5,0.5,0.395096,0.352306,0.465145,0.252896,0.246237
data\dataset_cls\test\Non_fractured\IMG0003187.jpg,test,Non_fractured,0.754487,0.742426,0.740809,0.677912,0.543131,0.555387,0.112506,0.064309,0.17099
data\dataset_cls\test\Non_fractured\IMG0003190.jpg,test,Non_fractured,0.469297,0.486771,0.429397,0.433519,0.496571,0.487518,0.018,0.050517,0.036389
data\dataset_cls\test\Non_fractured\IMG0003207.jpg,test,Non_fractured,0.211377,0.26376,0.411582,0.52523,0.609736,0.512046,0.262071,0.091554,0.213724
data\dataset_cls\test\Non_fractured\IMG0003209.jpg,test,Non_fractured,0.631926,0.815401,0.585976,0.402185,0.566282,0.41047,0.275241,0.140772,0.135241
data\dataset_cls\test\Non_fractured\IMG0003211.jpg,test,Non_fractured,0.714234,0.3773,0.773989,0.614065,0.818028,0.429217,0.110597,0.140635,0.066269
data\dataset_cls\test\Non_fractured\IMG0003221.jpg,test,Non_fractured,0.25291,0.464718,0.5,0.5,0.182153,0.429774,0.058778,0.191568,0.134194
data\dataset_cls\test\Non_fractured\IMG0003229.jpg,test,Non_fractured,0.439681,0.059788,0.05633,0.059752,0.399836,0.346079,0.170306,0.260411,0.216051
data\dataset_cls\test\Non_fractured\IMG0003252.jpg,test,Non_fractured,0.030003,0.030003,0.0,1.0,0.419301,0.474167,0.486364,0.520617,0.270904
data\dataset_cls\test\Non_fractured\IMG0003261.jpg,test,Non_fractured,0.5,0.5,1.0,0.356916,0.690179,0.478581,0.236504,0.283999,0.052029
data\dataset_cls\test\Non_fractured\IMG0003295.jpg,test,Non_fractured,0.719494,0.382641,0.850729,0.843566,0.724126,0.547859,0.213571,0.266453,0.059539
data\dataset_cls\test\Non_fractured\IMG0003322.jpg,test,Non_fractured,0.646788,0.406183,0.410847,0.54664,0.677429,0.336395,0.072374,0.204266,0.136121
data\dataset_cls\test\Non_fractured\IMG0003328.jpg,test,Non_fractured,0.643448,0.640806,0.60187,0.431984,0.669004,0.551977,0.099361,0.11544,0.032596
data\dataset_cls\test\Non_fractured\IMG0003371.jpg,test,Non_fractured,0.797747,0.685097,0.686736,0.876379,0.601163,0.424991,0.105067,0.214391,0.255133
data\dataset_cls\test\Non_fractured\IMG0003379.jpg,test,Non_fractured,0.535273,0.276095,0.715961,0.220273,0.7075,0.374365,0.118486,0.094187,0.10028
data\dataset_cls\test\Non_fractured\IMG0003408.jpg,test,Non_fractured,0.113672,0.523965,0.758267,0.27161,0.742286,0.460318,0.437279,0.264764,0.208422
data\dataset_cls\test\Non_fractured\IMG0003425.jpg,test,Non_fractured,0.568726,0.969041,1.0,1.0,0.518806,0.518383,0.189026,0.34886,0.35765
data\dataset_cls\test\Non_fractured\IMG0003426.jpg,test,Non_fractured,0.291688,0.305629,0.5,0.5,0.530907,0.44646,0.186382,0.101616,0.094627
data\dataset_cls\test\Non_fractured\IMG0003433.jpg,test,Non_fractured,0.465978,0.51111,0.373741,0.922269,0.475521,0.491999,0.133558,0.287836,0.154321
data\dataset_cls\test\Non_fractured\IMG0003440.jpg,test,Non_fractured,0.513334,0.627026,0.5,0.5,0.543964,0.325009,0.143131,0.024908,0.160935
data\dataset_cls\test\Non_fractured\IMG0003445.jpg,test,Non_fractured,0.205443,0.596937,0.0,0.0,0.402893,0.411635,0.26076,0.392611,0.213863
data\dataset_cls\test\Non_fractured\IMG0003461.jpg,test,Non_fractured,0.474165,0.406672,0.36987,0.401388,0.638443,0.534597,0.045508,0.132586,0.168507
data\dataset_cls\test\Non_fractured\IMG0003470.jpg,test,Non_fractured,0.719974,0.640945,0.783846,0.76175,0.365002,0.594982,0.100189,0.187294,0.267508
data\dataset_cls\test\Non_fractured\IMG0003506.jpg,test,Non_fractured,0.563542,0.406997,0.0,0.5,0.533339,0.29608,0.198005,0.378786,0.197841
data\dataset_cls\test\Non_fractured\IMG0003526.jpg,test,Non_fractured,0.746136,0.481009,0.411433,0.142028,0.618166,0.341338,0.221904,0.254496,0.032932
data\dataset_cls\test\Non_fractured\IMG0003528.jpg,test,Non_fractured,0.873332,0.089808,1.0,0.0,0.570942,0.303803,0.071725,0.227,0.298725
data\dataset_cls\test\Non_fractured\IMG0003539.jpg,test,Non_fractured,0.159394,0.310648,0.0,0.5,0.465649,0.363869,0.094522,0.234904,0.258781
data\dataset_cls\test\Non_fractured\IMG0003554.jpg,test,Non_fractured,0.350718,0.404395,1.0,0.5,0.619767,0.624937,0.323742,0.343311,0.120976
data\dataset_cls\test\Non_fractured\IMG0003578.jpg,test,Non_fractured,0.561563,0.293487,0.43548,0.570405,0.643772,0.48239,0.155961,0.164985,0.102507
data\dataset_cls\test\Non_fractured\IMG0003594.jpg,test,Non_fractured,0.624935,0.599183,0.797396,0.839672,0.730861,0.420113,0.095027,0.233995,0.199975
data\dataset_cls\test\Non_fractured\IMG0003602.jpg,test,Non_fractured,0.493207,0.452324,0.487276,0.047047,0.343218,0.172827,0.2341,0.182908,0.1106
data\dataset_cls\test\Non_fractured\IMG0003609.jpg,test,Non_fractured,0.285352,0.604966,0.047083,0.31462,0.576087,0.203871,0.231143,0.26267,0.322138
data\dataset_cls\test\Non_fractured\IMG0003614.jpg,test,Non_fractured,0.910753,0.437685,0.893034,0.51194,0.700401,0.443911,0.080618,0.075159,0.135899
data\dataset_cls\test\Non_fractured\IMG0003621.jpg,test,Non_fractured,0.625612,0.516158,0.0,1.0,0.800139,0.57037,0.234042,0.564427,0.348156
data\dataset_cls\test\Non_fractured\IMG0003655.jpg,test,Non_fractured,0.447915,0.520758,0.543518,0.882254,0.758454,0.356035,0.150433,0.298567,0.289353
data\dataset_cls\test\Non_fractured\IMG0003657.jpg,test,Non_fractured,0.462824,0.098368,0.386666,0.09833,0.570803,0.326578,0.076794,0.115407,0.180643
data\dataset_cls\test\Non_fractured\IMG0003658.jpg,test,Non_fractured,0.873308,0.245442,1.0,0.615233,0.649753,0.26973,0.13527,0.286573,0.219197
data\dataset_cls\test\Non_fractured\IMG0003666.jpg,test,Non_fractured,0.696401,0.266049,1.0,0.559465,0.704655,0.502775,0.205021,0.231255,0.112957
data\dataset_cls\test\Non_fractured\IMG0003688.jpg,test,Non_fractured,0.700524,0.695826,0.114273,1.0,0.653111,0.47604,0.213086,0.465669,0.297145
data\dataset_cls\test\Non_fractured\IMG0003707.jpg,test,Non_fractured,0.689702,0.190647,0.384255,0.546949,0.504235,0.317386,0.229571,0.241345,0.040635
data\dataset_cls\test\Non_fractured\IMG0003711.jpg,test,Non_fractured,0.864805,0.369029,1.0,0.022437,0.476152,0.207499,0.189276,0.282252,0.304268
data\dataset_cls\test\Non_fractured\IMG0003727.jpg,test,Non_fractured,0.501279,0.162547,0.556433,0.217695,0.687821,0.232238,0.090678,0.028791,0.109633
data\dataset_cls\test\Non_fractured\IMG0003737.jpg,test,Non_fractured,0.107346,0.11437,0.5,0.5,0.192039,0.475077,0.295312,0.270681,0.134412
data\dataset_cls\test\Non_fractured\IMG0003754.jpg,test,Non_fractured,0.545879,0.259906,0.5,0.5,0.452861,0.174927,0.069405,0.18839,0.144448
data\dataset_cls\test\Non_fractured\IMG0003778.jpg,test,Non_fractured,0.273686,0.350079,0.004038,0.638875,0.461806,0.389503,0.112731,0.301618,0.226384
data\dataset_cls\test\Non_fractured\IMG0003780.jpg,test,Non_fractured,0.539001,0.675295,0.635648,0.651122,0.398363,0.273578,0.142719,0.162063,0.288689
data\dataset_cls\test\Non_fractured\IMG0003791.jpg,test,Non_fractured,0.453941,0.213347,0.890954,0.130807,0.689056,0.241824,0.224767,0.222529,0.047798
data\dataset_cls\test\Non_fractured\IMG0003795.jpg,test,Non_fractured,0.61527,0.256486,0.0,0.753372,0.562037,0.446,0.319382,0.475264,0.174092
data\dataset_cls\test\Non_fractured\IMG0003805.jpg,test,Non_fractured,0.254455,0.290479,0.0,0.5,0.36306,0.191548,0.061013,0.268664,0.207747
data\dataset_cls\test\Non_fractured\IMG0003811.jpg,test,Non_fractured,0.780385,0.273702,0.5,0.5,0.553124,0.233242,0.180198,0.198419,0.117713
data\dataset_cls\test\Non_fractured\IMG0003816.jpg,test,Non_fractured,0.09431,0.361089,0.697656,0.524577,0.53004,0.479461,0.358876,0.266229,0.092647
data\dataset_cls\test\Non_fractured\IMG0003823.jpg,test,Non_fractured,0.613072,0.482113,0.008443,0.544388,0.225333,0.307388,0.332907,0.291445,0.148588
data\dataset_cls\test\Non_fractured\IMG0003834.jpg,test,Non_fractured,0.706192,0.451551,0.455482,0.936335,0.7318,0.322156,0.140227,0.406268,0.267511
data\dataset_cls\test\Non_fractured\IMG0003853.jpg,test,Non_fractured,0.065973,0.329584,0.0,0.5,0.379325,0.349501,0.104042,0.182962,0.234959
data\dataset_cls\test\Non_fractured\IMG0003854.jpg,test,Non_fractured,0.114759,0.207163,0.5,0.5,0.655142,0.427337,0.35276,0.143966,0.236999
data\dataset_cls\test\Non_fractured\IMG0003880.jpg,test,Non_fractured,0.116607,0.337616,0.196827,0.945388,0.399698,0.367408,0.244605,0.397359,0.244193
data\dataset_cls\test\Non_fractured\IMG0003903.jpg,test,Non_fractured,0.752758,0.500981,0.206649,0.793351,0.73912,0.353777,0.192755,0.434496,0.261087
data\dataset_cls\test\Non_fractured\IMG0003912.jpg,test,Non_fractured,0.65642,0.108641,0.5,0.5,0.380229,0.509138,0.300775,0.127991,0.189908
data\dataset_cls\test\Non_fractured\IMG0003972.jpg,test,Non_fractured,0.130267,0.192024,1.0,0.166667,0.624307,0.269215,0.454919,0.417326,0.071734
data\dataset_cls\test\Non_fractured\IMG0004029.jpg,test,Non_fractured,0.104742,0.350698,1.0,0.103849,0.563748,0.550497,0.451694,0.500428,0.215616
data\dataset_cls\test\Non_fractured\IMG0004178.jpg,test,Non_fractured,0.697933,0.592892,0.924655,0.564213,0.743076,0.303868,0.139382,0.156482,0.188686
data\dataset_cls\test\Non_fractured\IMG0004182.jpg,test,Non_fractured,0.314139,0.331083,0.220122,0.359134,0.548285,0.310735,0.04678,0.143016,0.188832
data\dataset_cls\test\Non_fractured\IMG0004189.jpg,test,Non_fractured,0.335123,0.875099,1.0,1.0,0.420305,0.484704,0.26522,0.466525,0.343967
data\dataset_cls\test\Non_fractured\IMG0004228.jpg,test,Non_fractured,1.0,0.5,0.5,0.5,0.55839,0.543094,0.314198,0.186684,0.130931
data\dataset_cls\test\Non_fractured\IMG0004252.jpg,test,Non_fractured,0.267412,0.378358,1.0,0.032485,0.592807,0.381899,0.370663,0.445038,0.12077
data\dataset_cls\test\Non_fractured\IMG0004255.jpg,test,Non_fractured,0.68461,0.460689,0.5,0.5,0.472073,0.409097,0.132445,0.067909,0.093171
data\dataset_cls\test\Non_fractured\IMG0004265.jpg,test,Non_fractured,0.588353,0.174802,0.0,1.0,0.505876,0.215757,0.365184,0.648729,0.28514
data\dataset_cls\test\Non_fractured\IMG0004275.jpg,test,Non_fractured,0.124617,0.478686,0.5,0.5,0.60021,0.439981,0.283718,0.095647,0.194735
data\dataset_cls\test\Non_fractured\IMG0004280.jpg,test,Non_fractured,0.66717,0.501916,0.493519,0.301906,0.538502,0.235486,0.185281,0.085406,0.114403
data\dataset_cls\test\Non_fractured\IMG0004285.jpg,test,Non_fractured,0.217973,0.411723,0.359249,0.391863,0.491729,0.345977,0.141256,0.009157,0.140432
data\dataset_cls\test\Non_fractured\IMG0004341.jpg,test,Non_fractured,0.516891,0.362409,0.344887,0.573444,0.420564,0.432819,0.12962,0.143376,0.024396
data\dataset_cls\test\Non_fractured\IMG0004388.jpg,test,Non_fractured,0.801605,0.304599,0.312084,0.900148,0.516206,0.489661,0.366645,0.407329,0.079877
