split,image_id,true_label,resnet_probability,resnet_label,densenet_probability,densenet_label,efficientnet_probability,efficientnet_label,gel_probability,gel_label
train,IMG0000019.jpg,Fractured,0.9199,Fractured,0.9933,Fractured,0.8565,Fractured,0.9350,Fractured
train,IMG0000025.jpg,Fractured,0.8129,Fractured,0.9412,Fractured,0.1482,Non_fractured,0.8114,Fractured
train,IMG0000044.jpg,Fractured,0.9917,Fractured,0.9999,Fractured,0.9930,Fractured,0.9956,Fractured
train,IMG0000057.jpg,Fractured,0.9445,Fractured,0.7185,Fractured,0.6728,Fractured,0.7765,Fractured
train,IMG0000058.jpg,Fractured,0.9659,Fractured,0.2981,Fractured,0.7151,Fractured,0.7286,Fractured
train,IMG0000059.jpg,Fractured,0.9538,Fractured,0.8804,Fractured,0.8315,Fractured,0.8904,Fractured
train,IMG0000092.jpg,Fractured,0.7589,Fractured,0.9982,Fractured,0.4912,Non_fractured,0.8105,Fractured
train,IMG0000100.jpg,Fractured,0.8998,Fractured,0.9997,Fractured,0.4338,Non_fractured,0.9015,Fractured
train,IMG0000142.jpg,Fractured,0.8514,Fractured,0.9435,Fractured,0.9573,Fractured,0.9186,Fractured
train,IMG0000143.jpg,Fractured,0.9532,Fractured,0.9986,Fractured,0.8782,Fractured,0.9532,Fractured
train,IMG0000144.jpg,Fractured,0.9091,Fractured,0.9747,Fractured,0.9437,Fractured,0.9464,Fractured
train,IMG0000151.jpg,Fractured,0.3461,Non_fractured,0.9840,Fractured,0.1944,Non_fractured,0.5150,Fractured
train,IMG0000155.jpg,Fractured,0.6765,Fractured,0.9762,Fractured,0.9342,Fractured,0.8726,Fractured
train,IMG0000156.jpg,Fractured,0.9684,Fractured,0.9998,Fractured,0.9820,Fractured,0.9855,Fractured
train,IMG0000188.jpg,Fractured,0.5489,Fractured,0.9910,Fractured,0.8641,Fractured,0.9263,Fractured
train,IMG0000189.jpg,Fractured,0.9592,Fractured,0.9882,Fractured,0.9238,Fractured,0.9625,Fractured
train,IMG0000190.jpg,Fractured,0.8253,Fractured,0.9795,Fractured,0.3227,Non_fractured,0.8400,Fractured
train,IMG0000206.jpg,Fractured,0.4456,Non_fractured,0.9997,Fractured,0.2847,Non_fractured,0.5907,Fractured
train,IMG0000207.jpg,Fractured,0.3899,Non_fractured,0.9980,Fractured,0.4537,Non_fractured,0.6164,Fractured
train,IMG0000261.jpg,Fractured,0.9998,Fractured,0.9997,Fractured,0.9997,Fractured,0.9997,Fractured
train,IMG0000284.jpg,Fractured,0.5719,Fractured,0.9533,Fractured,0.8049,Fractured,0.7967,Fractured
train,IMG0000307.jpg,Fractured,0.8347,Fractured,0.9949,Fractured,0.8254,Fractured,0.9013,Fractured
train,IMG0000319.jpg,Fractured,0.7512,Fractured,0.9991,Fractured,0.4521,Non_fractured,0.8034,Fractured
train,IMG0000351.jpg,Fractured,0.5867,Fractured,0.8716,Fractured,0.8376,Fractured,0.7746,Fractured
train,IMG0000352.jpg,Fractured,0.9032,Fractured,0.9999,Fractured,0.7353,Fractured,0.9012,Fractured
train,IMG0000443.jpg,Fractured,0.9710,Fractured,0.9990,Fractured,0.9463,Fractured,0.9766,Fractured
train,IMG0000453.jpg,Fractured,0.9987,Fractured,0.9988,Fractured,0.9970,Fractured,0.9983,Fractured
train,IMG0000454.jpg,Fractured,0.9929,Fractured,0.9992,Fractured,0.9741,Fractured,0.9907,Fractured
train,IMG0000455.jpg,Fractured,0.9972,Fractured,0.9949,Fractured,0.9899,Fractured,0.9943,Fractured
train,IMG0000456.jpg,Fractured,0.9999,Fractured,0.9997,Fractured,0.9981,Fractured,0.9993,Fractured
train,IMG0000466.jpg,Fractured,0.8291,Fractured,0.9983,Fractured,0.9180,Fractured,0.9251,Fractured
train,IMG0000467.jpg,Fractured,0.9727,Fractured,0.9951,Fractured,0.9681,Fractured,0.9811,Fractured
train,IMG0000468.jpg,Fractured,0.8323,Fractured,0.9956,Fractured,0.8310,Fractured,0.9023,Fractured
train,IMG0000470.jpg,Fractured,0.9729,Fractured,0.9917,Fractured,0.9776,Fractured,0.9822,Fractured
train,IMG0000471.jpg,Fractured,0.9508,Fractured,0.9998,Fractured,0.1597,Non_fractured,0.8934,Fractured
train,IMG0000472.jpg,Fractured,0.9894,Fractured,0.9800,Fractured,0.4060,Non_fractured,0.9643,Fractured
train,IMG0000479.jpg,Fractured,0.8426,Fractured,0.9946,Fractured,0.4750,Non_fractured,0.8643,Fractured
train,IMG0000480.jpg,Fractured,0.9571,Fractured,0.9966,Fractured,0.8324,Fractured,0.9417,Fractured
train,IMG0000599.jpg,Fractured,0.4930,Non_fractured,0.9997,Fractured,0.5380,Fractured,0.6034,Fractured
train,IMG0000600.jpg,Fractured,0.9158,Fractured,1.0000,Fractured,0.9137,Fractured,0.9515,Fractured
train,IMG0000671.jpg,Fractured,0.7881,Fractured,0.9995,Fractured,0.9721,Fractured,0.9270,Fractured
train,IMG0000692.jpg,Fractured,0.9567,Fractured,0.9994,Fractured,0.9488,Fractured,0.9730,Fractured
train,IMG0000702.jpg,Fractured,0.5522,Fractured,0.9971,Fractured,0.8435,Fractured,0.9227,Fractured
train,IMG0000750.jpg,Fractured,0.8260,Fractured,0.9545,Fractured,0.7421,Fractured,0.8595,Fractured
train,IMG0000751.jpg,Fractured,0.9122,Fractured,0.9886,Fractured,0.8656,Fractured,0.9330,Fractured
train,IMG0000758.jpg,Fractured,0.3105,Non_fractured,0.9916,Fractured,0.3450,Non_fractured,0.5413,Fractured
train,IMG0000762.jpg,Fractured,0.2248,Non_fractured,0.9599,Fractured,0.1213,Non_fractured,0.7206,Fractured
train,IMG0000763.jpg,Fractured,0.3225,Non_fractured,0.9951,Fractured,0.5706,Fractured,0.6829,Fractured
train,IMG0000776.jpg,Fractured,0.9666,Fractured,0.9979,Fractured,0.9733,Fractured,0.9818,Fractured
train,IMG0000777.jpg,Fractured,0.9755,Fractured,0.9967,Fractured,0.8180,Fractured,0.9437,Fractured
train,IMG0000801.jpg,Fractured,0.7674,Fractured,0.9967,Fractured,0.7927,Fractured,0.8727,Fractured
train,IMG0000804.jpg,Fractured,0.9590,Fractured,0.9972,Fractured,0.6458,Fractured,0.9698,Fractured
train,IMG0000805.jpg,Fractured,0.9633,Fractured,0.9996,Fractured,0.2972,Non_fractured,0.9361,Fractured
train,IMG0000822.jpg,Fractured,0.5655,Fractured,0.9998,Fractured,0.8477,Fractured,0.9264,Fractured
train,IMG0000844.jpg,Fractured,0.8124,Fractured,0.8759,Fractured,0.5743,Fractured,0.7778,Fractured
train,IMG0000845.jpg,Fractured,0.0761,Non_fractured,0.9871,Fractured,0.6841,Fractured,0.7325,Fractured
train,IMG0000851.jpg,Fractured,0.3593,Non_fractured,0.9437,Fractured,0.6050,Fractured,0.6910,Fractured
train,IMG0000852.jpg,Fractured,0.4871,Non_fractured,0.9992,Fractured,0.3413,Non_fractured,0.6214,Fractured
train,IMG0001007.jpg,Fractured,0.6741,Fractured,0.9983,Fractured,0.3369,Non_fractured,0.7454,Fractured
train,IMG0001008.jpg,Fractured,0.8027,Fractured,0.9890,Fractured,0.5450,Fractured,0.8401,Fractured
train,IMG0001025.jpg,Fractured,0.8875,Fractured,0.9958,Fractured,0.5460,Fractured,0.9368,Fractured
train,IMG0001026.jpg,Fractured,0.9712,Fractured,0.9983,Fractured,0.4072,Non_fractured,0.9673,Fractured
train,IMG0001041.jpg,Fractured,0.4193,Non_fractured,0.9724,Fractured,0.8813,Fractured,0.8753,Fractured
train,IMG0001073.jpg,Fractured,0.5979,Fractured,0.9781,Fractured,0.8595,Fractured,0.9191,Fractured
train,IMG0001123.jpg,Fractured,0.0810,Non_fractured,0.5602,Fractured,0.1915,Non_fractured,0.2108,Non_fractured
train,IMG0001147.jpg,Fractured,0.8912,Fractured,0.9990,Fractured,0.8282,Fractured,0.9213,Fractured
train,IMG0001148.jpg,Fractured,0.9658,Fractured,0.9983,Fractured,0.8762,Fractured,0.9565,Fractured
train,IMG0001151.jpg,Fractured,0.6861,Fractured,0.9994,Fractured,0.6765,Fractured,0.7405,Fractured
train,IMG0001152.jpg,Fractured,0.5632,Fractured,0.9997,Fractured,0.3559,Non_fractured,0.6730,Fractured
train,IMG0001191.jpg,Fractured,0.6864,Fractured,0.9995,Fractured,0.9266,Fractured,0.8837,Fractured
train,IMG0001192.jpg,Fractured,0.9802,Fractured,0.9988,Fractured,0.9653,Fractured,0.9843,Fractured
train,IMG0001198.jpg,Fractured,0.7286,Fractured,0.9947,Fractured,0.4612,Non_fractured,0.7877,Fractured
train,IMG0001199.jpg,Fractured,0.9384,Fractured,0.9996,Fractured,0.8759,Fractured,0.9485,Fractured
train,IMG0001200.jpg,Fractured,0.4402,Non_fractured,0.4353,Fractured,0.1012,Non_fractured,0.4259,Fractured
train,IMG0001236.jpg,Fractured,0.8916,Fractured,0.9720,Fractured,0.9029,Fractured,0.9292,Fractured
train,IMG0001350.jpg,Fractured,0.2646,Non_fractured,0.3949,Fractured,0.1815,Non_fractured,0.2991,Non_fractured
train,IMG0001351.jpg,Fractured,0.5499,Fractured,0.8138,Fractured,0.3003,Non_fractured,0.6093,Fractured
train,IMG0001360.jpg,Fractured,0.9547,Fractured,0.9990,Fractured,0.7154,Fractured,0.9116,Fractured
train,IMG0001361.jpg,Fractured,0.6791,Fractured,0.9980,Fractured,0.6694,Fractured,0.7345,Fractured
train,IMG0001362.jpg,Fractured,0.9625,Fractured,0.9968,Fractured,0.8456,Fractured,0.9469,Fractured
train,IMG0001363.jpg,Fractured,0.9480,Fractured,0.9917,Fractured,0.8973,Fractured,0.9536,Fractured
train,IMG0001364.jpg,Fractured,0.9425,Fractured,0.9971,Fractured,0.7772,Fractured,0.9230,Fractured
train,IMG0001365.jpg,Fractured,0.7165,Fractured,0.9981,Fractured,0.9449,Fractured,0.8971,Fractured
train,IMG0001366.jpg,Fractured,0.9108,Fractured,0.9980,Fractured,0.9036,Fractured,0.9465,Fractured
train,IMG0001367.jpg,Fractured,0.6937,Fractured,0.9997,Fractured,0.8942,Fractured,0.8776,Fractured
train,IMG0001380.jpg,Fractured,0.9946,Fractured,0.9907,Fractured,0.9592,Fractured,0.9837,Fractured
train,IMG0001381.jpg,Fractured,0.9976,Fractured,0.9982,Fractured,0.9954,Fractured,0.9973,Fractured
train,IMG0001382.jpg,Fractured,0.9988,Fractured,0.9975,Fractured,0.9923,Fractured,0.9965,Fractured
train,IMG0001391.jpg,Fractured,0.3608,Non_fractured,0.9892,Fractured,0.6416,Fractured,0.7278,Fractured
train,IMG0001392.jpg,Fractured,0.6084,Fractured,0.9967,Fractured,0.8452,Fractured,0.8372,Fractured
train,IMG0001410.jpg,Fractured,0.9281,Fractured,0.9904,Fractured,0.8223,Fractured,0.9274,Fractured
train,IMG0001411.jpg,Fractured,0.8219,Fractured,0.9965,Fractured,0.8934,Fractured,0.9157,Fractured
train,IMG0001428.jpg,Fractured,0.9402,Fractured,0.9974,Fractured,0.6073,Fractured,0.9611,Fractured
train,IMG0001440.jpg,Fractured,0.9581,Fractured,0.9969,Fractured,0.8929,Fractured,0.9578,Fractured
train,IMG0001441.jpg,Fractured,0.5529,Fractured,0.9984,Fractured,0.8541,Fractured,0.9273,Fractured
train,IMG0001494.jpg,Fractured,0.5127,Non_fractured,0.8896,Fractured,0.6589,Fractured,0.7130,Fractured
train,IMG0001495.jpg,Fractured,0.9569,Fractured,0.9970,Fractured,0.6497,Fractured,0.9690,Fractured
train,IMG0001546.jpg,Fractured,0.8499,Fractured,0.9999,Fractured,0.9518,Fractured,0.9410,Fractured
train,IMG0001570.jpg,Fractured,0.9985,Fractured,0.9899,Fractured,0.9917,Fractured,0.9930,Fractured
train,IMG0001571.jpg,Fractured,0.9856,Fractured,0.9990,Fractured,0.9911,Fractured,0.9928,Fractured
train,IMG0001572.jpg,Fractured,0.9838,Fractured,0.9999,Fractured,0.9231,Fractured,0.9749,Fractured
train,IMG0001577.jpg,Fractured,0.8734,Fractured,0.9935,Fractured,0.9709,Fractured,0.9505,Fractured
train,IMG0001578.jpg,Fractured,0.9141,Fractured,0.9941,Fractured,0.8279,Fractured,0.9261,Fractured
train,IMG0001639.jpg,Fractured,0.9983,Fractured,0.9992,Fractured,0.9949,Fractured,0.9978,Fractured
train,IMG0001640.jpg,Fractured,0.9954,Fractured,0.9996,Fractured,0.9931,Fractured,0.9966,Fractured
train,IMG0001710.jpg,Fractured,0.7515,Fractured,0.9994,Fractured,0.2846,Non_fractured,0.7943,Fractured
train,IMG0001730.jpg,Fractured,0.5079,Non_fractured,0.9711,Fractured,0.7013,Fractured,0.7700,Fractured
train,IMG0001731.jpg,Fractured,0.7925,Fractured,0.9749,Fractured,0.8894,Fractured,0.8962,Fractured
train,IMG0001738.jpg,Fractured,0.9992,Fractured,0.9984,Fractured,0.9968,Fractured,0.9982,Fractured
train,IMG0001739.jpg,Fractured,0.9942,Fractured,0.9877,Fractured,0.9918,Fractured,0.9908,Fractured
train,IMG0001760.jpg,Fractured,0.1816,Non_fractured,0.9922,Fractured,0.7068,Fractured,0.7559,Fractured
train,IMG0001762.jpg,Fractured,0.9440,Fractured,0.9871,Fractured,0.7844,Fractured,0.9211,Fractured
train,IMG0001763.jpg,Fractured,0.7369,Fractured,0.9992,Fractured,0.9043,Fractured,0.8934,Fractured
train,IMG0001774.jpg,Fractured,0.5251,Fractured,0.9664,Fractured,0.8374,Fractured,0.9010,Fractured
train,IMG0001780.jpg,Fractured,0.9251,Fractured,0.9812,Fractured,0.7896,Fractured,0.9140,Fractured
train,IMG0001781.jpg,Fractured,0.6366,Fractured,0.9922,Fractured,0.7090,Fractured,0.7293,Fractured
train,IMG0001805.jpg,Fractured,0.9978,Fractured,0.9999,Fractured,0.9991,Fractured,0.9990,Fractured
train,IMG0001867.jpg,Fractured,1.0000,Fractured,0.9995,Fractured,0.9920,Fractured,0.9977,Fractured
train,IMG0001868.jpg,Fractured,0.9998,Fractured,0.9993,Fractured,0.9951,Fractured,0.9984,Fractured
train,IMG0001869.jpg,Fractured,0.9996,Fractured,0.9996,Fractured,0.9649,Fractured,0.9906,Fractured
train,IMG0001870.jpg,Fractured,0.0391,Non_fractured,0.6966,Fractured,0.2387,Non_fractured,0.3648,Non_fractured
train,IMG0001916.jpg,Fractured,0.7602,Fractured,0.9974,Fractured,0.5716,Fractured,0.7339,Fractured
train,IMG0001933.jpg,Fractured,0.5087,Non_fractured,0.8995,Fractured,0.7713,Fractured,0.8365,Fractured
train,IMG0001934.jpg,Fractured,0.3600,Non_fractured,0.9967,Fractured,0.5800,Fractured,0.6919,Fractured
train,IMG0001938.jpg,Fractured,0.8297,Fractured,0.9821,Fractured,0.8933,Fractured,0.9119,Fractured
train,IMG0001939.jpg,Fractured,0.9155,Fractured,0.9951,Fractured,0.9637,Fractured,0.9623,Fractured
train,IMG0001948.jpg,Fractured,0.9209,Fractured,0.9999,Fractured,0.6676,Fractured,0.8891,Fractured
train,IMG0001964.jpg,Fractured,0.9246,Fractured,0.9973,Fractured,0.6288,Fractured,0.9554,Fractured
train,IMG0001965.jpg,Fractured,0.4450,Non_fractured,0.9482,Fractured,0.3841,Non_fractured,0.5154,Fractured
train,IMG0001970.jpg,Fractured,0.9978,Fractured,0.9994,Fractured,0.9924,Fractured,0.9971,Fractured
train,IMG0001971.jpg,Fractured,0.9437,Fractured,0.9999,Fractured,0.9870,Fractured,0.9792,Fractured
train,IMG0001980.jpg,Fractured,0.2728,Non_fractured,0.3596,Fractured,0.1088,Non_fractured,0.2675,Non_fractured
train,IMG0001981.jpg,Fractured,0.3764,Non_fractured,0.0954,Non_fractured,0.2388,Non_fractured,0.2196,Non_fractured
train,IMG0002020.jpg,Fractured,0.9541,Fractured,0.9950,Fractured,0.6150,Fractured,0.9656,Fractured
train,IMG0002021.jpg,Fractured,0.8591,Fractured,0.9968,Fractured,0.3418,Non_fractured,0.8685,Fractured
train,IMG0002036.jpg,Fractured,0.9896,Fractured,0.9408,Fractured,0.2887,Non_fractured,0.9182,Fractured
train,IMG0002037.jpg,Fractured,0.9827,Fractured,0.9969,Fractured,0.8972,Fractured,0.9666,Fractured
train,IMG0002085.jpg,Fractured,0.5172,Non_fractured,0.9999,Fractured,0.8967,Fractured,0.9420,Fractured
train,IMG0002086.jpg,Fractured,0.3056,Non_fractured,0.9959,Fractured,0.8542,Fractured,0.8573,Fractured
train,IMG0002105.jpg,Fractured,0.2572,Non_fractured,0.8242,Fractured,0.1224,Non_fractured,0.4073,Fractured
train,IMG0002106.jpg,Fractured,0.2920,Non_fractured,0.5778,Fractured,0.0572,Non_fractured,0.3583,Non_fractured
train,IMG0002122.jpg,Fractured,0.3417,Non_fractured,0.9886,Fractured,0.2470,Non_fractured,0.5163,Fractured
train,IMG0002123.jpg,Fractured,0.9603,Fractured,0.6946,Fractured,0.3250,Non_fractured,0.7220,Fractured
train,IMG0002126.jpg,Fractured,0.8865,Fractured,0.9984,Fractured,0.5361,Fractured,0.9375,Fractured
train,IMG0002127.jpg,Fractured,0.8070,Fractured,0.9982,Fractured,0.8039,Fractured,0.8885,Fractured
train,IMG0002148.jpg,Fractured,0.9993,Fractured,0.9995,Fractured,0.9671,Fractured,0.9910,Fractured
train,IMG0002180.jpg,Fractured,0.8521,Fractured,0.9995,Fractured,0.9498,Fractured,0.9410,Fractured
train,IMG0002181.jpg,Fractured,0.4322,Non_fractured,0.9857,Fractured,0.7833,Fractured,0.8197,Fractured
train,IMG0002208.jpg,Fractured,0.6794,Fractured,0.9826,Fractured,0.8350,Fractured,0.8504,Fractured
train,IMG0002225.jpg,Fractured,0.8848,Fractured,0.9995,Fractured,0.9783,Fractured,0.9585,Fractured
train,IMG0002265.jpg,Fractured,0.2347,Non_fractured,0.9384,Fractured,0.8965,Fractured,0.8606,Fractured
train,IMG0002272.jpg,Fractured,0.7532,Fractured,0.9996,Fractured,0.9622,Fractured,0.9136,Fractured
train,IMG0002274.jpg,Fractured,0.2741,Non_fractured,0.9966,Fractured,0.2231,Non_fractured,0.7685,Fractured
train,IMG0002287.jpg,Fractured,0.3940,Non_fractured,0.6892,Fractured,0.9381,Fractured,0.7082,Fractured
train,IMG0002298.jpg,Fractured,0.7908,Fractured,0.9988,Fractured,0.6575,Fractured,0.8457,Fractured
train,IMG0002299.jpg,Fractured,0.9998,Fractured,0.9997,Fractured,0.9997,Fractured,0.9997,Fractured
train,IMG0002300.jpg,Fractured,0.9998,Fractured,0.9997,Fractured,0.9997,Fractured,0.9997,Fractured
train,IMG0002301.jpg,Fractured,0.7857,Fractured,0.9685,Fractured,0.9842,Fractured,0.9160,Fractured
train,IMG0002302.jpg,Fractured,0.9234,Fractured,0.9478,Fractured,0.9833,Fractured,0.9495,Fractured
train,IMG0002303.jpg,Fractured,0.7554,Fractured,0.9601,Fractured,0.8815,Fractured,0.8763,Fractured
train,IMG0002304.jpg,Fractured,0.2732,Non_fractured,0.7851,Fractured,0.7981,Fractured,0.7678,Fractured
train,IMG0002305.jpg,Fractured,0.9037,Fractured,0.9685,Fractured,0.6406,Fractured,0.8632,Fractured
train,IMG0002306.jpg,Fractured,0.4571,Non_fractured,0.9796,Fractured,0.8002,Fractured,0.8301,Fractured
train,IMG0002307.jpg,Fractured,0.2666,Non_fractured,0.8120,Fractured,0.0878,Non_fractured,0.4082,Fractured
train,IMG0002308.jpg,Fractured,0.4941,Non_fractured,0.9726,Fractured,0.5194,Non_fractured,0.5920,Fractured
train,IMG0002309.jpg,Fractured,0.7746,Fractured,0.8015,Fractured,0.9129,Fractured,0.8222,Fractured
train,IMG0002310.jpg,Fractured,0.8225,Fractured,0.9398,Fractured,0.9495,Fractured,0.9060,Fractured
train,IMG0002311.jpg,Fractured,0.5113,Non_fractured,0.9966,Fractured,0.6259,Fractured,0.6437,Fractured
train,IMG0002312.jpg,Fractured,0.6386,Fractured,0.9994,Fractured,0.3308,Non_fractured,0.7217,Fractured
train,IMG0002313.jpg,Fractured,0.5118,Non_fractured,0.9982,Fractured,0.8401,Fractured,0.8646,Fractured
train,IMG0002314.jpg,Fractured,0.9201,Fractured,0.9983,Fractured,0.7213,Fractured,0.9021,Fractured
train,IMG0002315.jpg,Fractured,0.2144,Non_fractured,0.9933,Fractured,0.4952,Non_fractured,0.6277,Fractured
train,IMG0002316.jpg,Fractured,0.9861,Fractured,1.0000,Fractured,0.9965,Fractured,0.9948,Fractured
train,IMG0002317.jpg,Fractured,0.9848,Fractured,0.9943,Fractured,0.9761,Fractured,0.9866,Fractured
train,IMG0002318.jpg,Fractured,0.6884,Fractured,0.9975,Fractured,0.9462,Fractured,0.8885,Fractured
train,IMG0002319.jpg,Fractured,0.9619,Fractured,0.9996,Fractured,0.9851,Fractured,0.9842,Fractured
train,IMG0002320.jpg,Fractured,0.8692,Fractured,0.9649,Fractured,0.5452,Fractured,0.9120,Fractured
train,IMG0002321.jpg,Fractured,0.9134,Fractured,0.9299,Fractured,0.7099,Fractured,0.8676,Fractured
train,IMG0002322.jpg,Fractured,0.4019,Non_fractured,0.9970,Fractured,0.5903,Fractured,0.7015,Fractured
train,IMG0002323.jpg,Fractured,0.9995,Fractured,0.9978,Fractured,0.9897,Fractured,0.9962,Fractured
train,IMG0002324.jpg,Fractured,0.9958,Fractured,0.9999,Fractured,0.8778,Fractured,0.9669,Fractured
train,IMG0002325.jpg,Fractured,0.9973,Fractured,0.9996,Fractured,0.9863,Fractured,0.9954,Fractured
train,IMG0002326.jpg,Fractured,0.9762,Fractured,0.9998,Fractured,0.9253,Fractured,0.9731,Fractured
train,IMG0002327.jpg,Fractured,0.8102,Fractured,0.9882,Fractured,0.9479,Fractured,0.9226,Fractured
train,IMG0002328.jpg,Fractured,0.9662,Fractured,0.9871,Fractured,0.7186,Fractured,0.9108,Fractured
train,IMG0002329.jpg,Fractured,0.8615,Fractured,0.9988,Fractured,0.9772,Fractured,0.9507,Fractured
train,IMG0002330.jpg,Fractured,0.9477,Fractured,0.9613,Fractured,0.9725,Fractured,0.9600,Fractured
train,IMG0002331.jpg,Fractured,0.9267,Fractured,0.9993,Fractured,0.8494,Fractured,0.9379,Fractured
train,IMG0002332.jpg,Fractured,0.9182,Fractured,0.9598,Fractured,0.7008,Fractured,0.8796,Fractured
train,IMG0002333.jpg,Fractured,0.9344,Fractured,0.9934,Fractured,0.8684,Fractured,0.9426,Fractured
train,IMG0002334.jpg,Fractured,0.9744,Fractured,0.9987,Fractured,0.9637,Fractured,0.9821,Fractured
train,IMG0002335.jpg,Fractured,0.9261,Fractured,0.9967,Fractured,0.8232,Fractured,0.9297,Fractured
train,IMG0002336.jpg,Fractured,0.9696,Fractured,0.9654,Fractured,0.9504,Fractured,0.9628,Fractured
train,IMG0002337.jpg,Fractured,0.9521,Fractured,0.9999,Fractured,0.9499,Fractured,0.9721,Fractured
train,IMG0002338.jpg,Fractured,0.9919,Fractured,1.0000,Fractured,0.9945,Fractured,0.9961,Fractured
train,IMG0002339.jpg,Fractured,0.9935,Fractured,0.9994,Fractured,0.9898,Fractured,0.9951,Fractured
train,IMG0002340.jpg,Fractured,0.9220,Fractured,0.9998,Fractured,0.9188,Fractured,0.9547,Fractured
train,IMG0002341.jpg,Fractured,0.9523,Fractured,0.9996,Fractured,0.9921,Fractured,0.9830,Fractured
train,IMG0002342.jpg,Fractured,0.5038,Non_fractured,0.9991,Fractured,0.6749,Fractured,0.7620,Fractured
train,IMG0002343.jpg,Fractured,0.6037,Fractured,0.9958,Fractured,0.5296,Fractured,0.6486,Fractured
train,IMG0002344.jpg,Fractured,0.9873,Fractured,0.9966,Fractured,0.4852,Non_fractured,0.9755,Fractured
train,IMG0002345.jpg,Fractured,0.7446,Fractured,0.9960,Fractured,0.5706,Fractured,0.7264,Fractured
train,IMG0002346.jpg,Fractured,0.1606,Non_fractured,0.8713,Fractured,0.5767,Fractured,0.6367,Fractured
train,IMG0002347.jpg,Fractured,0.6458,Fractured,0.9353,Fractured,0.1773,Non_fractured,0.7001,Fractured
train,IMG0002348.jpg,Fractured,0.3780,Non_fractured,0.9996,Fractured,0.4133,Non_fractured,0.5910,Fractured
train,IMG0002349.jpg,Fractured,0.9966,Fractured,0.9988,Fractured,0.9952,Fractured,0.9972,Fractured
train,IMG0002350.jpg,Fractured,0.9800,Fractured,0.9995,Fractured,0.9650,Fractured,0.9845,Fractured
train,IMG0002351.jpg,Fractured,0.9146,Fractured,0.9784,Fractured,0.9935,Fractured,0.9626,Fractured
train,IMG0002352.jpg,Fractured,0.9535,Fractured,0.9518,Fractured,0.9396,Fractured,0.9491,Fractured
train,IMG0002353.jpg,Fractured,0.9302,Fractured,0.9999,Fractured,0.9950,Fractured,0.9771,Fractured
train,IMG0002354.jpg,Fractured,0.9995,Fractured,0.9999,Fractured,0.9781,Fractured,0.9941,Fractured
train,IMG0002355.jpg,Fractured,0.7305,Fractured,0.9997,Fractured,0.9433,Fractured,0.9018,Fractured
train,IMG0002356.jpg,Fractured,0.8007,Fractured,0.9997,Fractured,0.7996,Fractured,0.8861,Fractured
train,IMG0002357.jpg,Fractured,0.6543,Fractured,0.9998,Fractured,0.9820,Fractured,0.9786,Fractured
train,IMG0002358.jpg,Fractured,0.9416,Fractured,0.9996,Fractured,0.9287,Fractured,0.9632,Fractured
train,IMG0002359.jpg,Fractured,0.6826,Fractured,0.9571,Fractured,0.6861,Fractured,0.8017,Fractured
train,IMG0002360.jpg,Fractured,0.9250,Fractured,0.3874,Fractured,0.9180,Fractured,0.8843,Fractured
train,IMG0002361.jpg,Fractured,0.5403,Fractured,0.9994,Fractured,0.8235,Fractured,0.8567,Fractured
train,IMG0002362.jpg,Fractured,0.6156,Fractured,0.9944,Fractured,0.4843,Non_fractured,0.7136,Fractured
train,IMG0002363.jpg,Fractured,0.8240,Fractured,0.9886,Fractured,0.8260,Fractured,0.8954,Fractured
train,IMG0002364.jpg,Fractured,0.6706,Fractured,0.9982,Fractured,0.5731,Fractured,0.6949,Fractured
train,IMG0002365.jpg,Fractured,0.0900,Non_fractured,0.9990,Fractured,0.8591,Fractured,0.8455,Fractured
train,IMG0002366.jpg,Fractured,0.8414,Fractured,0.9995,Fractured,0.8690,Fractured,0.9167,Fractured
train,IMG0002367.jpg,Fractured,0.9635,Fractured,0.9989,Fractured,0.9926,Fractured,0.9863,Fractured
train,IMG0002368.jpg,Fractured,0.9685,Fractured,0.9995,Fractured,0.9309,Fractured,0.9721,Fractured
train,IMG0002369.jpg,Fractured,0.6454,Fractured,0.9889,Fractured,0.8846,Fractured,0.8555,Fractured
train,IMG0002370.jpg,Fractured,0.8613,Fractured,0.9993,Fractured,0.9750,Fractured,0.9503,Fractured
train,IMG0002371.jpg,Fractured,0.9467,Fractured,0.9776,Fractured,0.8143,Fractured,0.9256,Fractured
train,IMG0002372.jpg,Fractured,0.9540,Fractured,0.9859,Fractured,0.9791,Fractured,0.9742,Fractured
train,IMG0002373.jpg,Fractured,0.9578,Fractured,0.9845,Fractured,0.9684,Fractured,0.9720,Fractured
train,IMG0002374.jpg,Fractured,0.9833,Fractured,0.9383,Fractured,0.9398,Fractured,0.9526,Fractured
train,IMG0002375.jpg,Fractured,0.8299,Fractured,0.9982,Fractured,0.8513,Fractured,0.9080,Fractured
train,IMG0002376.jpg,Fractured,0.9469,Fractured,0.9997,Fractured,0.9291,Fractured,0.9650,Fractured
train,IMG0002377.jpg,Fractured,0.9237,Fractured,0.9958,Fractured,0.8578,Fractured,0.9376,Fractured
train,IMG0002378.jpg,Fractured,0.9913,Fractured,0.9991,Fractured,0.8593,Fractured,0.9603,Fractured
train,IMG0002379.jpg,Fractured,0.7908,Fractured,0.9988,Fractured,0.6575,Fractured,0.8457,Fractured
train,IMG0002380.jpg,Fractured,0.9586,Fractured,0.9994,Fractured,0.6823,Fractured,0.9043,Fractured
train,IMG0002381.jpg,Fractured,0.9046,Fractured,0.9881,Fractured,0.7037,Fractured,0.8883,Fractured
train,IMG0002382.jpg,Fractured,0.8865,Fractured,0.9942,Fractured,0.8791,Fractured,0.9309,Fractured
train,IMG0002383.jpg,Fractured,0.9661,Fractured,0.9928,Fractured,0.9236,Fractured,0.9665,Fractured
train,IMG0002384.jpg,Fractured,0.9787,Fractured,0.9920,Fractured,0.8663,Fractured,0.9552,Fractured
train,IMG0002385.jpg,Fractured,0.7667,Fractured,0.9986,Fractured,0.9063,Fractured,0.9029,Fractured
train,IMG0002386.jpg,Fractured,0.6407,Fractured,0.8788,Fractured,0.6488,Fractured,0.7454,Fractured
train,IMG0002387.jpg,Fractured,0.8662,Fractured,0.9945,Fractured,0.9759,Fractured,0.9500,Fractured
train,IMG0002388.jpg,Fractured,0.4783,Non_fractured,0.9997,Fractured,0.4418,Non_fractured,0.5611,Fractured
train,IMG0002389.jpg,Fractured,0.5997,Fractured,0.9977,Fractured,0.7892,Fractured,0.8204,Fractured
train,IMG0002390.jpg,Fractured,0.9850,Fractured,0.9997,Fractured,0.3312,Non_fractured,0.9241,Fractured
train,IMG0002391.jpg,Fractured,0.8178,Fractured,0.9978,Fractured,0.9328,Fractured,0.9252,Fractured
train,IMG0002392.jpg,Fractured,0.9946,Fractured,0.9998,Fractured,0.9954,Fractured,0.9970,Fractured
train,IMG0002393.jpg,Fractured,0.9819,Fractured,0.9959,Fractured,0.9112,Fractured,0.9696,Fractured
train,IMG0002394.jpg,Fractured,0.9942,Fractured,0.9998,Fractured,0.9889,Fractured,0.9952,Fractured
train,IMG0002395.jpg,Fractured,0.7809,Fractured,0.9998,Fractured,0.9739,Fractured,0.9253,Fractured
train,IMG0002396.jpg,Fractured,0.4734,Non_fractured,0.9955,Fractured,0.9678,Fractured,0.9631,Fractured
train,IMG0002397.jpg,Fractured,0.9914,Fractured,0.9997,Fractured,0.9861,Fractured,0.9936,Fractured
train,IMG0002398.jpg,Fractured,0.3468,Non_fractured,0.9996,Fractured,0.9822,Fractured,0.9407,Fractured
train,IMG0002399.jpg,Fractured,0.9083,Fractured,0.9987,Fractured,0.9556,Fractured,0.9595,Fractured
train,IMG0002400.jpg,Fractured,0.9985,Fractured,0.9995,Fractured,0.9719,Fractured,0.9920,Fractured
train,IMG0002401.jpg,Fractured,0.9989,Fractured,0.9979,Fractured,0.9908,Fractured,0.9964,Fractured
train,IMG0002402.jpg,Fractured,0.1015,Non_fractured,1.0000,Fractured,0.3803,Non_fractured,0.5503,Fractured
train,IMG0002403.jpg,Fractured,0.8848,Fractured,0.9972,Fractured,0.8911,Fractured,0.9348,Fractured
train,IMG0002404.jpg,Fractured,0.9846,Fractured,0.9991,Fractured,0.9916,Fractured,0.9927,Fractured
train,IMG0002405.jpg,Fractured,1.0000,Fractured,1.0000,Fractured,0.9915,Fractured,0.9978,Fractured
train,IMG0002406.jpg,Fractured,0.4649,Non_fractured,0.9963,Fractured,0.8288,Fractured,0.8535,Fractured
train,IMG0002407.jpg,Fractured,0.6244,Fractured,0.9895,Fractured,0.5269,Fractured,0.6556,Fractured
train,IMG0002408.jpg,Fractured,0.6830,Fractured,0.8678,Fractured,0.7002,Fractured,0.7671,Fractured
train,IMG0002409.jpg,Fractured,0.8734,Fractured,0.9987,Fractured,0.6694,Fractured,0.8743,Fractured
train,IMG0002410.jpg,Fractured,0.9747,Fractured,0.9978,Fractured,0.9045,Fractured,0.9664,Fractured
train,IMG0002411.jpg,Fractured,0.6898,Fractured,0.9975,Fractured,0.9552,Fractured,0.8913,Fractured
train,IMG0002412.jpg,Fractured,0.9526,Fractured,0.9991,Fractured,0.8913,Fractured,0.9567,Fractured
train,IMG0002413.jpg,Fractured,0.6879,Fractured,0.9866,Fractured,0.9174,Fractured,0.8762,Fractured
train,IMG0002414.jpg,Fractured,0.8800,Fractured,0.9997,Fractured,0.6363,Fractured,0.8682,Fractured
train,IMG0002415.jpg,Fractured,0.9359,Fractured,0.6684,Fractured,0.9490,Fractured,0.8241,Fractured
train,IMG0002416.jpg,Fractured,0.9569,Fractured,0.9994,Fractured,0.5785,Fractured,0.9680,Fractured
train,IMG0002417.jpg,Fractured,0.9969,Fractured,0.9978,Fractured,0.9632,Fractured,0.9885,Fractured
train,IMG0002418.jpg,Fractured,0.9985,Fractured,0.9995,Fractured,0.9981,Fractured,0.9988,Fractured
train,IMG0002419.jpg,Fractured,0.8444,Fractured,0.9440,Fractured,0.3471,Non_fractured,0.8443,Fractured
train,IMG0002420.jpg,Fractured,0.9137,Fractured,0.9963,Fractured,0.8456,Fractured,0.9316,Fractured
train,IMG0002421.jpg,Fractured,0.9990,Fractured,1.0000,Fractured,0.9891,Fractured,0.9968,Fractured
train,IMG0002422.jpg,Fractured,0.8059,Fractured,1.0000,Fractured,0.8018,Fractured,0.8884,Fractured
train,IMG0002423.jpg,Fractured,0.3652,Non_fractured,0.9973,Fractured,0.3121,Non_fractured,0.5380,Fractured
train,IMG0002424.jpg,Fractured,0.2567,Non_fractured,0.8818,Fractured,0.0274,Non_fractured,0.4177,Fractured
train,IMG0002425.jpg,Fractured,0.8686,Fractured,0.9989,Fractured,0.9558,Fractured,0.9474,Fractured
train,IMG0002426.jpg,Fractured,0.7650,Fractured,0.9988,Fractured,0.4309,Non_fractured,0.8113,Fractured
train,IMG0002427.jpg,Fractured,0.8326,Fractured,0.9991,Fractured,0.7173,Fractured,0.8743,Fractured
train,IMG0002428.jpg,Fractured,0.9506,Fractured,0.9493,Fractured,0.4977,Non_fractured,0.9345,Fractured
train,IMG0002429.jpg,Fractured,0.3217,Non_fractured,0.9860,Fractured,0.7921,Fractured,0.8171,Fractured
train,IMG0002430.jpg,Fractured,0.6233,Fractured,0.9839,Fractured,0.3645,Non_fractured,0.7091,Fractured
train,IMG0002431.jpg,Fractured,0.4585,Non_fractured,0.9755,Fractured,0.4267,Non_fractured,0.5422,Fractured
train,IMG0002432.jpg,Fractured,0.9951,Fractured,1.0000,Fractured,0.9939,Fractured,0.9969,Fractured
train,IMG0002433.jpg,Fractured,0.8444,Fractured,0.9962,Fractured,0.3312,Non_fractured,0.8579,Fractured
train,IMG0002434.jpg,Fractured,0.5932,Fractured,0.9821,Fractured,0.7783,Fractured,0.8088,Fractured
train,IMG0002435.jpg,Fractured,0.3211,Non_fractured,0.9576,Fractured,0.8524,Fractured,0.8457,Fractured
train,IMG0002436.jpg,Fractured,0.3098,Non_fractured,0.5449,Fractured,0.7984,Fractured,0.5680,Fractured
train,IMG0002437.jpg,Fractured,0.0603,Non_fractured,0.8314,Fractured,0.1812,Non_fractured,0.3723,Non_fractured
train,IMG0002438.jpg,Fractured,0.3686,Non_fractured,0.9844,Fractured,0.2089,Non_fractured,0.5309,Fractured
train,IMG0002439.jpg,Fractured,0.9952,Fractured,0.9983,Fractured,0.9922,Fractured,0.9958,Fractured
train,IMG0002440.jpg,Fractured,0.9994,Fractured,0.9981,Fractured,0.9953,Fractured,0.9978,Fractured
train,IMG0002441.jpg,Fractured,0.8030,Fractured,0.9888,Fractured,0.5118,Non_fractured,0.8384,Fractured
train,IMG0002442.jpg,Fractured,0.8976,Fractured,0.9994,Fractured,0.8970,Fractured,0.9413,Fractured
train,IMG0002443.jpg,Fractured,0.9151,Fractured,0.9990,Fractured,0.7516,Fractured,0.9087,Fractured
train,IMG0002444.jpg,Fractured,0.9963,Fractured,0.9994,Fractured,0.8707,Fractured,0.9650,Fractured
train,IMG0002445.jpg,Fractured,0.7998,Fractured,0.9913,Fractured,0.9771,Fractured,0.9284,Fractured
train,IMG0002446.jpg,Fractured,0.8208,Fractured,0.9977,Fractured,0.8761,Fractured,0.9113,Fractured
train,IMG0002447.jpg,Fractured,0.9688,Fractured,0.9997,Fractured,0.6869,Fractured,0.9088,Fractured
train,IMG0002448.jpg,Fractured,0.9940,Fractured,0.9997,Fractured,0.9814,Fractured,0.9932,Fractured
train,IMG0002449.jpg,Fractured,0.8412,Fractured,0.9870,Fractured,0.8265,Fractured,0.9002,Fractured
train,IMG0002450.jpg,Fractured,0.9924,Fractured,0.9994,Fractured,0.9219,Fractured,0.9771,Fractured
train,IMG0002451.jpg,Fractured,0.6839,Fractured,0.5459,Fractured,0.2868,Non_fractured,0.5929,Fractured
train,IMG0002452.jpg,Fractured,0.0159,Non_fractured,0.9933,Fractured,0.0769,Non_fractured,0.7028,Fractured
train,IMG0002453.jpg,Fractured,0.9993,Fractured,0.9998,Fractured,0.9974,Fractured,0.9990,Fractured
train,IMG0002454.jpg,Fractured,0.9982,Fractured,0.9998,Fractured,0.9894,Fractured,0.9966,Fractured
train,IMG0002455.jpg,Fractured,0.9884,Fractured,0.9993,Fractured,0.9832,Fractured,0.9917,Fractured
train,IMG0002456.jpg,Fractured,0.9764,Fractured,0.9999,Fractured,0.9436,Fractured,0.9780,Fractured
train,IMG0002457.jpg,Fractured,0.8018,Fractured,0.9997,Fractured,0.7699,Fractured,0.8787,Fractured
train,IMG0002458.jpg,Fractured,0.9978,Fractured,0.9999,Fractured,0.9960,Fractured,0.9982,Fractured
train,IMG0002459.jpg,Fractured,0.9741,Fractured,0.9994,Fractured,0.9968,Fractured,0.9909,Fractured
train,IMG0002460.jpg,Fractured,0.8141,Fractured,0.9996,Fractured,0.5871,Fractured,0.9107,Fractured
train,IMG0002461.jpg,Fractured,0.9886,Fractured,0.9984,Fractured,0.7518,Fractured,0.9312,Fractured
train,IMG0002462.jpg,Fractured,0.3572,Non_fractured,0.9993,Fractured,0.9343,Fractured,0.9118,Fractured
train,IMG0002463.jpg,Fractured,0.9847,Fractured,0.9999,Fractured,0.9317,Fractured,0.9775,Fractured
train,IMG0002464.jpg,Fractured,0.5989,Fractured,0.9016,Fractured,0.5700,Fractured,0.6441,Fractured
train,IMG0002465.jpg,Fractured,0.7749,Fractured,0.9909,Fractured,0.4266,Non_fractured,0.8155,Fractured
train,IMG0002466.jpg,Fractured,0.6732,Fractured,0.9782,Fractured,0.5641,Fractured,0.6890,Fractured
train,IMG0002467.jpg,Fractured,0.8542,Fractured,0.9988,Fractured,0.8144,Fractured,0.9061,Fractured
train,IMG0002468.jpg,Fractured,0.8724,Fractured,0.9995,Fractured,0.8753,Fractured,0.9279,Fractured
train,IMG0002469.jpg,Fractured,0.6304,Fractured,0.9993,Fractured,0.7958,Fractured,0.8322,Fractured
train,IMG0002470.jpg,Fractured,0.8868,Fractured,0.9973,Fractured,0.9631,Fractured,0.9542,Fractured
train,IMG0002471.jpg,Fractured,0.9995,Fractured,0.9998,Fractured,0.9809,Fractured,0.9948,Fractured
train,IMG0002472.jpg,Fractured,0.9993,Fractured,0.9999,Fractured,0.9984,Fractured,0.9993,Fractured
train,IMG0002473.jpg,Fractured,0.9927,Fractured,0.9973,Fractured,0.9878,Fractured,0.9934,Fractured
train,IMG0002474.jpg,Fractured,1.0000,Fractured,0.9999,Fractured,0.9975,Fractured,0.9993,Fractured
train,IMG0002475.jpg,Fractured,0.9999,Fractured,0.9999,Fractured,0.9923,Fractured,0.9979,Fractured
train,IMG0002476.jpg,Fractured,0.9870,Fractured,0.9998,Fractured,0.9796,Fractured,0.9906,Fractured
train,IMG0002477.jpg,Fractured,0.9079,Fractured,0.9974,Fractured,0.8969,Fractured,0.9436,Fractured
train,IMG0002478.jpg,Fractured,0.8208,Fractured,0.9986,Fractured,0.6574,Fractured,0.8549,Fractured
train,IMG0002479.jpg,Fractured,0.9075,Fractured,0.9932,Fractured,0.7434,Fractured,0.9017,Fractured
train,IMG0002480.jpg,Fractured,0.9930,Fractured,0.9967,Fractured,0.9780,Fractured,0.9907,Fractured
train,IMG0002481.jpg,Fractured,0.3312,Non_fractured,0.9948,Fractured,0.0686,Non_fractured,0.5011,Fractured
train,IMG0002482.jpg,Fractured,0.6230,Fractured,0.9614,Fractured,0.6641,Fractured,0.7009,Fractured
train,IMG0002483.jpg,Fractured,0.9688,Fractured,0.9977,Fractured,0.8714,Fractured,0.9560,Fractured
train,IMG0002484.jpg,Fractured,0.7965,Fractured,0.9881,Fractured,0.6622,Fractured,0.8441,Fractured
train,IMG0002485.jpg,Fractured,0.9943,Fractured,0.9994,Fractured,0.9895,Fractured,0.9952,Fractured
train,IMG0002486.jpg,Fractured,0.8728,Fractured,0.9990,Fractured,0.7487,Fractured,0.8949,Fractured
train,IMG0002487.jpg,Fractured,0.9525,Fractured,0.9998,Fractured,0.9233,Fractured,0.9653,Fractured
train,IMG0002488.jpg,Fractured,0.9570,Fractured,0.9999,Fractured,0.9268,Fractured,0.9676,Fractured
train,IMG0002489.jpg,Fractured,0.6880,Fractured,0.9816,Fractured,0.3603,Non_fractured,0.7513,Fractured
train,IMG0002490.jpg,Fractured,0.2329,Non_fractured,0.9973,Fractured,0.7006,Fractured,0.7574,Fractured
train,IMG0002491.jpg,Fractured,0.7367,Fractured,0.9996,Fractured,0.8955,Fractured,0.8912,Fractured
train,IMG0002492.jpg,Fractured,0.9620,Fractured,0.9996,Fractured,0.9425,Fractured,0.9731,Fractured
train,IMG0002493.jpg,Fractured,0.2904,Non_fractured,0.9790,Fractured,0.4415,Non_fractured,0.5957,Fractured
train,IMG0002494.jpg,Fractured,0.5792,Fractured,0.9921,Fractured,0.7479,Fractured,0.7184,Fractured
train,IMG0002495.jpg,Fractured,0.8010,Fractured,0.9878,Fractured,0.9606,Fractured,0.9229,Fractured
train,IMG0002496.jpg,Fractured,0.9369,Fractured,0.9968,Fractured,0.9610,Fractured,0.9690,Fractured
train,IMG0002497.jpg,Fractured,0.6653,Fractured,0.9641,Fractured,0.9644,Fractured,0.8718,Fractured
train,IMG0002498.jpg,Fractured,0.7704,Fractured,0.9788,Fractured,0.7739,Fractured,0.8611,Fractured
train,IMG0002499.jpg,Fractured,0.8898,Fractured,0.9997,Fractured,0.8947,Fractured,0.9384,Fractured
train,IMG0002500.jpg,Fractured,0.7766,Fractured,0.8604,Fractured,0.9831,Fractured,0.8664,Fractured
train,IMG0002501.jpg,Fractured,0.5448,Fractured,0.9992,Fractured,0.7911,Fractured,0.8370,Fractured
train,IMG0002502.jpg,Fractured,0.6885,Fractured,0.9992,Fractured,0.7917,Fractured,0.8491,Fractured
train,IMG0002503.jpg,Fractured,0.6329,Fractured,0.9992,Fractured,0.9325,Fractured,0.9594,Fractured
train,IMG0002504.jpg,Fractured,0.9312,Fractured,0.9858,Fractured,0.7261,Fractured,0.9014,Fractured
train,IMG0002505.jpg,Fractured,0.7635,Fractured,0.9986,Fractured,0.6765,Fractured,0.8421,Fractured
train,IMG0002506.jpg,Fractured,0.9597,Fractured,0.9997,Fractured,0.8819,Fractured,0.9567,Fractured
train,IMG0002507.jpg,Fractured,0.8385,Fractured,0.9990,Fractured,0.9355,Fractured,0.9328,Fractured
train,IMG0002508.jpg,Fractured,0.8640,Fractured,0.9961,Fractured,0.9627,Fractured,0.9466,Fractured
train,IMG0002509.jpg,Fractured,0.9646,Fractured,0.9978,Fractured,0.4282,Non_fractured,0.9651,Fractured
train,IMG0002510.jpg,Fractured,1.0000,Fractured,0.9996,Fractured,0.9842,Fractured,0.9957,Fractured
train,IMG0002511.jpg,Fractured,0.9987,Fractured,0.9995,Fractured,0.9962,Fractured,0.9984,Fractured
train,IMG0002512.jpg,Fractured,0.9958,Fractured,1.0000,Fractured,0.9551,Fractured,0.9870,Fractured
train,IMG0002513.jpg,Fractured,0.9227,Fractured,0.9999,Fractured,0.9953,Fractured,0.9748,Fractured
train,IMG0002514.jpg,Fractured,0.9999,Fractured,0.9997,Fractured,0.9709,Fractured,0.9923,Fractured
train,IMG0002515.jpg,Fractured,1.0000,Fractured,1.0000,Fractured,0.9969,Fractured,0.9992,Fractured
train,IMG0002516.jpg,Fractured,0.7695,Fractured,0.9985,Fractured,0.8742,Fractured,0.8953,Fractured
train,IMG0002517.jpg,Fractured,0.7023,Fractured,0.9997,Fractured,0.6718,Fractured,0.8224,Fractured
train,IMG0002518.jpg,Fractured,0.9277,Fractured,0.9984,Fractured,0.8978,Fractured,0.9504,Fractured
train,IMG0002519.jpg,Fractured,0.9565,Fractured,0.9995,Fractured,0.2753,Non_fractured,0.9075,Fractured
train,IMG0002520.jpg,Fractured,0.9990,Fractured,0.9998,Fractured,0.9650,Fractured,0.9905,Fractured
train,IMG0002521.jpg,Fractured,0.9986,Fractured,0.9996,Fractured,0.9922,Fractured,0.9974,Fractured
train,IMG0002522.jpg,Fractured,0.9668,Fractured,0.9993,Fractured,0.9826,Fractured,0.9849,Fractured
train,IMG0002523.jpg,Fractured,0.9487,Fractured,0.9848,Fractured,0.6650,Fractured,0.8905,Fractured
train,IMG0002524.jpg,Fractured,0.8966,Fractured,0.9999,Fractured,0.9400,Fractured,0.9524,Fractured
train,IMG0002525.jpg,Fractured,0.8162,Fractured,0.9999,Fractured,0.4956,Non_fractured,0.8494,Fractured
train,IMG0002526.jpg,Fractured,0.9999,Fractured,0.9996,Fractured,0.9944,Fractured,0.9983,Fractured
train,IMG0002527.jpg,Fractured,0.9994,Fractured,0.9999,Fractured,0.9791,Fractured,0.9943,Fractured
train,IMG0002528.jpg,Fractured,0.9860,Fractured,0.9999,Fractured,0.9976,Fractured,0.9950,Fractured
train,IMG0002529.jpg,Fractured,0.1201,Non_fractured,0.9684,Fractured,0.3486,Non_fractured,0.5224,Fractured
train,IMG0002530.jpg,Fractured,0.0575,Non_fractured,0.9407,Fractured,0.0651,Non_fractured,0.6716,Fractured
train,IMG0002531.jpg,Fractured,0.9619,Fractured,0.9998,Fractured,0.5772,Fractured,0.9702,Fractured
train,IMG0002532.jpg,Fractured,0.9068,Fractured,0.9987,Fractured,0.7608,Fractured,0.9084,Fractured
train,IMG0002533.jpg,Fractured,0.3777,Non_fractured,0.2910,Fractured,0.0946,Non_fractured,0.2667,Non_fractured
train,IMG0002534.jpg,Fractured,0.4691,Non_fractured,0.4126,Fractured,0.2642,Non_fractured,0.3915,Non_fractured
train,IMG0002535.jpg,Fractured,0.5277,Fractured,0.9985,Fractured,0.4877,Non_fractured,0.5999,Fractured
train,IMG0002536.jpg,Fractured,0.9668,Fractured,0.9914,Fractured,0.9701,Fractured,0.9782,Fractured
train,IMG0002537.jpg,Fractured,0.9691,Fractured,1.0000,Fractured,0.8038,Fractured,0.9394,Fractured
train,IMG0002538.jpg,Fractured,0.5322,Fractured,0.8912,Fractured,0.5573,Fractured,0.6079,Fractured
train,IMG0002539.jpg,Fractured,0.2278,Non_fractured,0.9831,Fractured,0.4128,Non_fractured,0.5745,Fractured
train,IMG0002540.jpg,Fractured,0.8947,Fractured,0.9996,Fractured,0.8847,Fractured,0.9373,Fractured
train,IMG0002541.jpg,Fractured,0.8970,Fractured,0.9997,Fractured,0.9069,Fractured,0.9438,Fractured
train,IMG0002542.jpg,Fractured,0.8936,Fractured,0.9996,Fractured,0.9577,Fractured,0.9559,Fractured
train,IMG0002543.jpg,Fractured,0.9463,Fractured,0.9985,Fractured,0.6635,Fractured,0.8952,Fractured
train,IMG0002544.jpg,Fractured,0.7218,Fractured,0.9882,Fractured,0.7369,Fractured,0.8404,Fractured
train,IMG0002545.jpg,Fractured,0.9893,Fractured,0.9957,Fractured,0.4953,Non_fractured,0.9761,Fractured
train,IMG0002546.jpg,Fractured,0.7481,Fractured,0.9948,Fractured,0.4198,Non_fractured,0.7983,Fractured
train,IMG0002547.jpg,Fractured,0.3972,Non_fractured,0.9575,Fractured,0.8147,Fractured,0.8279,Fractured
train,IMG0002548.jpg,Fractured,0.6715,Fractured,0.9955,Fractured,0.7342,Fractured,0.8273,Fractured
train,IMG0002549.jpg,Fractured,0.5747,Fractured,1.0000,Fractured,0.7190,Fractured,0.7070,Fractured
train,IMG0002550.jpg,Fractured,0.8687,Fractured,0.9995,Fractured,0.8016,Fractured,0.9076,Fractured
train,IMG0002551.jpg,Fractured,0.2478,Non_fractured,0.9391,Fractured,0.3200,Non_fractured,0.5051,Fractured
train,IMG0002552.jpg,Fractured,0.2705,Non_fractured,0.8790,Fractured,0.7855,Fractured,0.7763,Fractured
train,IMG0002553.jpg,Fractured,0.5643,Fractured,0.9980,Fractured,0.8879,Fractured,0.9397,Fractured
train,IMG0002556.jpg,Fractured,0.8584,Fractured,0.9997,Fractured,0.8605,Fractured,0.9198,Fractured
train,IMG0002557.jpg,Fractured,0.3622,Non_fractured,0.9465,Fractured,0.8954,Fractured,0.8719,Fractured
train,IMG0002558.jpg,Fractured,0.5246,Non_fractured,0.8295,Fractured,0.6793,Fractured,0.6961,Fractured
train,IMG0002559.jpg,Fractured,0.9915,Fractured,0.9978,Fractured,0.8498,Fractured,0.9574,Fractured
train,IMG0002560.jpg,Fractured,0.9272,Fractured,0.9982,Fractured,0.8723,Fractured,0.9435,Fractured
train,IMG0002561.jpg,Fractured,0.7143,Fractured,0.9871,Fractured,0.5668,Fractured,0.7099,Fractured
train,IMG0002562.jpg,Fractured,0.9846,Fractured,0.9986,Fractured,0.9300,Fractured,0.9764,Fractured
train,IMG0002563.jpg,Fractured,0.9986,Fractured,0.9996,Fractured,0.9707,Fractured,0.9918,Fractured
train,IMG0002564.jpg,Fractured,0.9945,Fractured,1.0000,Fractured,0.9982,Fractured,0.9978,Fractured
train,IMG0002565.jpg,Fractured,0.9957,Fractured,0.9997,Fractured,0.9812,Fractured,0.9937,Fractured
train,IMG0002566.jpg,Fractured,0.9285,Fractured,0.9928,Fractured,0.9811,Fractured,0.9699,Fractured
train,IMG0002567.jpg,Fractured,0.9404,Fractured,0.9995,Fractured,0.9171,Fractured,0.9598,Fractured
train,IMG0002568.jpg,Fractured,0.9175,Fractured,0.9987,Fractured,0.6741,Fractured,0.8892,Fractured
train,IMG0002569.jpg,Fractured,0.9581,Fractured,0.9998,Fractured,0.9950,Fractured,0.9856,Fractured
train,IMG0002570.jpg,Fractured,0.6485,Fractured,0.9932,Fractured,0.8723,Fractured,0.8551,Fractured
train,IMG0002571.jpg,Fractured,0.9980,Fractured,1.0000,Fractured,0.9986,Fractured,0.9990,Fractured
train,IMG0002572.jpg,Fractured,0.9974,Fractured,0.9725,Fractured,0.9705,Fractured,0.9797,Fractured
train,IMG0002573.jpg,Fractured,0.9682,Fractured,0.9960,Fractured,0.8507,Fractured,0.9496,Fractured
train,IMG0002574.jpg,Fractured,0.9598,Fractured,0.9824,Fractured,0.9514,Fractured,0.9674,Fractured
train,IMG0002575.jpg,Fractured,0.9710,Fractured,0.9998,Fractured,0.9618,Fractured,0.9810,Fractured
train,IMG0002576.jpg,Fractured,0.9981,Fractured,0.9995,Fractured,0.9735,Fractured,0.9923,Fractured
train,IMG0002577.jpg,Fractured,0.4928,Non_fractured,0.9740,Fractured,0.7643,Fractured,0.8088,Fractured
train,IMG0002578.jpg,Fractured,0.9429,Fractured,0.9921,Fractured,0.9780,Fractured,0.9732,Fractured
train,IMG0002579.jpg,Fractured,0.5387,Fractured,0.9869,Fractured,0.9418,Fractured,0.9514,Fractured
train,IMG0002580.jpg,Fractured,0.9796,Fractured,0.9972,Fractured,0.8630,Fractured,0.9568,Fractured
train,IMG0002581.jpg,Fractured,0.9996,Fractured,0.9971,Fractured,0.9946,Fractured,0.9972,Fractured
train,IMG0002582.jpg,Fractured,0.9988,Fractured,0.9995,Fractured,0.9921,Fractured,0.9974,Fractured
train,IMG0002583.jpg,Fractured,0.8278,Fractured,0.9649,Fractured,0.5761,Fractured,0.8963,Fractured
train,IMG0002584.jpg,Fractured,0.8396,Fractured,0.9977,Fractured,0.9844,Fractured,0.9453,Fractured
train,IMG0002585.jpg,Fractured,0.9993,Fractured,0.9999,Fractured,0.8847,Fractured,0.9698,Fractured
train,IMG0002586.jpg,Fractured,0.9998,Fractured,0.9994,Fractured,0.9832,Fractured,0.9953,Fractured
train,IMG0002587.jpg,Fractured,0.2039,Non_fractured,0.9974,Fractured,0.6007,Fractured,0.6934,Fractured
train,IMG0002588.jpg,Fractured,0.9677,Fractured,0.9999,Fractured,0.8726,Fractured,0.9568,Fractured
train,IMG0002589.jpg,Fractured,0.7167,Fractured,0.9686,Fractured,0.6147,Fractured,0.7987,Fractured
train,IMG0002590.jpg,Fractured,0.2170,Non_fractured,0.4259,Fractured,0.8701,Fractured,0.4781,Fractured
train,IMG0002591.jpg,Fractured,0.7582,Fractured,0.9989,Fractured,0.9034,Fractured,0.8996,Fractured
train,IMG0002592.jpg,Fractured,0.0439,Non_fractured,0.9990,Fractured,0.3053,Non_fractured,0.4994,Fractured
train,IMG0002593.jpg,Fractured,0.9903,Fractured,0.9998,Fractured,0.8529,Fractured,0.9587,Fractured
train,IMG0002594.jpg,Fractured,0.3796,Non_fractured,0.9981,Fractured,0.3592,Non_fractured,0.5505,Fractured
train,IMG0002595.jpg,Fractured,0.9992,Fractured,0.9979,Fractured,0.9451,Fractured,0.9846,Fractured
train,IMG0002596.jpg,Fractured,0.9985,Fractured,0.9987,Fractured,0.9655,Fractured,0.9900,Fractured
train,IMG0002597.jpg,Fractured,0.1339,Non_fractured,0.9396,Fractured,0.1046,Non_fractured,0.6891,Fractured
train,IMG0002598.jpg,Fractured,0.9482,Fractured,0.9993,Fractured,0.7694,Fractured,0.9237,Fractured
train,IMG0002599.jpg,Fractured,0.9885,Fractured,0.9956,Fractured,0.9922,Fractured,0.9925,Fractured
train,IMG0002600.jpg,Fractured,0.4727,Non_fractured,0.4242,Fractured,0.1852,Non_fractured,0.3771,Non_fractured
train,IMG0002601.jpg,Fractured,0.8872,Fractured,0.9895,Fractured,0.7280,Fractured,0.8899,Fractured
train,IMG0002602.jpg,Fractured,0.9782,Fractured,0.9920,Fractured,0.9521,Fractured,0.9774,Fractured
train,IMG0002603.jpg,Fractured,0.7932,Fractured,0.9946,Fractured,0.9238,Fractured,0.9139,Fractured
train,IMG0002604.jpg,Fractured,0.8293,Fractured,0.9995,Fractured,0.9693,Fractured,0.9390,Fractured
train,IMG0002605.jpg,Fractured,0.9362,Fractured,0.9991,Fractured,0.9888,Fractured,0.9769,Fractured
train,IMG0002606.jpg,Fractured,0.9282,Fractured,0.9992,Fractured,0.9965,Fractured,0.9765,Fractured
train,IMG0002607.jpg,Fractured,0.9862,Fractured,0.9982,Fractured,0.9749,Fractured,0.9884,Fractured
train,IMG0002608.jpg,Fractured,0.9956,Fractured,0.9989,Fractured,0.9798,Fractured,0.9929,Fractured
train,IMG0002609.jpg,Fractured,0.8890,Fractured,0.9908,Fractured,0.8488,Fractured,0.9224,Fractured
train,IMG0002610.jpg,Fractured,0.9885,Fractured,0.9964,Fractured,0.9376,Fractured,0.9787,Fractured
train,IMG0002611.jpg,Fractured,0.8571,Fractured,0.9996,Fractured,0.5300,Fractured,0.9261,Fractured
train,IMG0002612.jpg,Fractured,0.9446,Fractured,0.9996,Fractured,0.9891,Fractured,0.9799,Fractured
train,IMG0002613.jpg,Fractured,0.9999,Fractured,0.9989,Fractured,0.9964,Fractured,0.9986,Fractured
train,IMG0002614.jpg,Fractured,0.9716,Fractured,0.9978,Fractured,0.6872,Fractured,0.9089,Fractured
train,IMG0002615.jpg,Fractured,0.7369,Fractured,0.9992,Fractured,0.9043,Fractured,0.8934,Fractured
train,IMG0002617.jpg,Fractured,0.0445,Non_fractured,0.9544,Fractured,0.0543,Non_fractured,0.6774,Fractured
train,IMG0002619.jpg,Fractured,0.9815,Fractured,0.9991,Fractured,0.8306,Fractured,0.9499,Fractured
train,IMG0002620.jpg,Fractured,0.0639,Non_fractured,0.9901,Fractured,0.5200,Non_fractured,0.6310,Fractured
train,IMG0002621.jpg,Fractured,0.2823,Non_fractured,0.7689,Fractured,0.4139,Non_fractured,0.4213,Fractured
train,IMG0002622.jpg,Fractured,0.0592,Non_fractured,0.8187,Fractured,0.6183,Fractured,0.6388,Fractured
train,IMG0002627.jpg,Fractured,0.5671,Fractured,0.9671,Fractured,0.2661,Non_fractured,0.6615,Fractured
train,IMG0002628.jpg,Fractured,0.7255,Fractured,0.9989,Fractured,0.9391,Fractured,0.8988,Fractured
train,IMG0002646.jpg,Fractured,0.9982,Fractured,0.9986,Fractured,0.9747,Fractured,0.9923,Fractured
train,IMG0002647.jpg,Fractured,0.9597,Fractured,0.9976,Fractured,0.9232,Fractured,0.9665,Fractured
train,IMG0002650.jpg,Fractured,0.3553,Non_fractured,0.2757,Fractured,0.1306,Non_fractured,0.2626,Non_fractured
train,IMG0002651.jpg,Fractured,0.3861,Non_fractured,0.3835,Fractured,0.3003,Non_fractured,0.3627,Non_fractured
train,IMG0002652.jpg,Fractured,0.9000,Fractured,0.9989,Fractured,0.9325,Fractured,0.9510,Fractured
train,IMG0002653.jpg,Fractured,0.9069,Fractured,0.9880,Fractured,0.2384,Non_fractured,0.8920,Fractured
train,IMG0002664.jpg,Fractured,0.9428,Fractured,0.9933,Fractured,0.4798,Non_fractured,0.9555,Fractured
train,IMG0002668.jpg,Fractured,0.2240,Non_fractured,0.9773,Fractured,0.1141,Non_fractured,0.7315,Fractured
train,IMG0002701.jpg,Fractured,0.7076,Fractured,0.9871,Fractured,0.7952,Fractured,0.8507,Fractured
train,IMG0002704.jpg,Fractured,0.6776,Fractured,0.7448,Fractured,0.1948,Non_fractured,0.6990,Fractured
train,IMG0002705.jpg,Fractured,0.1155,Non_fractured,0.2370,Fractured,0.1406,Non_fractured,0.1744,Non_fractured
train,IMG0002731.jpg,Fractured,0.5594,Fractured,0.9669,Fractured,0.5043,Non_fractured,0.6143,Fractured
train,IMG0002732.jpg,Fractured,0.9454,Fractured,0.9494,Fractured,0.5480,Fractured,0.9342,Fractured
train,IMG0002737.jpg,Fractured,0.1979,Non_fractured,0.1448,Non_fractured,0.0344,Non_fractured,0.1325,Non_fractured
train,IMG0002738.jpg,Fractured,0.7351,Fractured,0.7491,Fractured,0.0775,Non_fractured,0.6735,Fractured
train,IMG0002745.jpg,Fractured,0.9746,Fractured,0.9987,Fractured,0.9875,Fractured,0.9884,Fractured
train,IMG0002746.jpg,Fractured,0.8565,Fractured,0.9979,Fractured,0.9255,Fractured,0.9354,Fractured
train,IMG0002749.jpg,Fractured,0.9864,Fractured,0.9992,Fractured,0.9697,Fractured,0.9876,Fractured
train,IMG0002750.jpg,Fractured,0.9827,Fractured,0.9998,Fractured,0.9826,Fractured,0.9900,Fractured
train,IMG0002768.jpg,Fractured,0.8230,Fractured,0.9997,Fractured,0.9229,Fractured,0.9251,Fractured
train,IMG0002790.jpg,Fractured,0.9972,Fractured,0.9969,Fractured,0.8112,Fractured,0.9487,Fractured
train,IMG0002791.jpg,Fractured,0.9599,Fractured,0.9978,Fractured,0.8926,Fractured,0.9588,Fractured
train,IMG0002809.jpg,Fractured,0.2968,Non_fractured,0.9521,Fractured,0.4239,Non_fractured,0.5770,Fractured
train,IMG0002810.jpg,Fractured,0.7464,Fractured,0.9932,Fractured,0.2726,Non_fractured,0.7885,Fractured
train,IMG0002831.jpg,Fractured,0.9204,Fractured,0.9962,Fractured,0.9239,Fractured,0.9539,Fractured
train,IMG0002832.jpg,Fractured,0.9578,Fractured,0.9987,Fractured,0.8618,Fractured,0.9504,Fractured
train,IMG0002833.jpg,Fractured,0.8841,Fractured,0.9814,Fractured,0.3781,Non_fractured,0.8828,Fractured
train,IMG0002834.jpg,Fractured,0.9146,Fractured,1.0000,Fractured,0.8261,Fractured,0.9283,Fractured
train,IMG0002840.jpg,Fractured,0.5486,Fractured,0.9827,Fractured,0.7915,Fractured,0.8952,Fractured
train,IMG0002846.jpg,Fractured,0.9999,Fractured,0.9999,Fractured,0.9962,Fractured,0.9989,Fractured
train,IMG0002847.jpg,Fractured,0.9990,Fractured,0.9993,Fractured,0.9854,Fractured,0.9956,Fractured
train,IMG0002848.jpg,Fractured,0.6997,Fractured,0.8060,Fractured,0.8436,Fractured,0.7829,Fractured
train,IMG0002849.jpg,Fractured,0.9397,Fractured,0.9984,Fractured,0.6017,Fractured,0.9613,Fractured
train,IMG0002885.jpg,Fractured,0.5389,Fractured,0.9986,Fractured,0.8278,Fractured,0.8591,Fractured
train,IMG0002886.jpg,Fractured,0.8834,Fractured,0.9905,Fractured,0.4575,Non_fractured,0.8893,Fractured
train,IMG0002904.jpg,Fractured,0.8938,Fractured,0.9914,Fractured,0.6831,Fractured,0.8810,Fractured
train,IMG0002905.jpg,Fractured,0.4167,Non_fractured,0.9866,Fractured,0.5809,Fractured,0.6936,Fractured
train,IMG0002934.jpg,Fractured,0.9346,Fractured,0.9980,Fractured,0.8050,Fractured,0.9282,Fractured
train,IMG0002935.jpg,Fractured,0.2460,Non_fractured,1.0000,Fractured,0.6222,Fractured,0.7107,Fractured
train,IMG0002945.jpg,Fractured,0.9927,Fractured,0.9948,Fractured,0.9658,Fractured,0.9866,Fractured
train,IMG0002946.jpg,Fractured,0.9530,Fractured,0.9970,Fractured,0.9291,Fractured,0.9658,Fractured
train,IMG0002970.jpg,Fractured,0.2279,Non_fractured,0.9785,Fractured,0.0570,Non_fractured,0.4271,Fractured
train,IMG0002971.jpg,Fractured,0.5228,Non_fractured,0.8968,Fractured,0.2113,Non_fractured,0.6094,Fractured
train,IMG0002979.jpg,Fractured,0.8972,Fractured,0.9648,Fractured,0.9174,Fractured,0.9316,Fractured
train,IMG0002980.jpg,Fractured,0.5797,Fractured,0.9841,Fractured,0.9221,Fractured,0.9445,Fractured
train,IMG0002987.jpg,Fractured,0.6259,Fractured,0.7637,Fractured,0.7083,Fractured,0.7067,Fractured
train,IMG0002998.jpg,Fractured,0.6082,Fractured,0.9945,Fractured,0.4137,Non_fractured,0.7048,Fractured
train,IMG0002999.jpg,Fractured,0.9552,Fractured,0.9999,Fractured,0.8207,Fractured,0.9395,Fractured
train,IMG0003000.jpg,Fractured,0.6353,Fractured,0.6752,Fractured,0.8624,Fractured,0.7115,Fractured
train,IMG0003001.jpg,Fractured,0.6922,Fractured,0.9868,Fractured,0.7713,Fractured,0.8396,Fractured
train,IMG0003020.jpg,Fractured,0.9980,Fractured,0.9660,Fractured,0.9808,Fractured,0.9798,Fractured
train,IMG0003021.jpg,Fractured,0.9898,Fractured,0.9919,Fractured,0.9400,Fractured,0.9778,Fractured
train,IMG0003034.jpg,Fractured,0.4689,Non_fractured,0.6868,Fractured,0.7627,Fractured,0.6391,Fractured
train,IMG0003035.jpg,Fractured,0.9369,Fractured,0.9042,Fractured,0.8997,Fractured,0.9131,Fractured
train,IMG0003070.jpg,Fractured,0.1787,Non_fractured,0.7419,Fractured,0.2976,Non_fractured,0.4254,Fractured
train,IMG0003077.jpg,Fractured,0.3429,Non_fractured,0.9128,Fractured,0.0800,Non_fractured,0.4867,Fractured
train,IMG0003093.jpg,Fractured,0.9997,Fractured,0.9884,Fractured,0.9968,Fractured,0.9941,Fractured
train,IMG0003094.jpg,Fractured,0.9998,Fractured,0.9972,Fractured,0.9784,Fractured,0.9931,Fractured
train,IMG0003101.jpg,Fractured,0.9951,Fractured,0.9993,Fractured,0.9949,Fractured,0.9969,Fractured
train,IMG0003102.jpg,Fractured,0.9965,Fractured,0.9997,Fractured,0.9946,Fractured,0.9974,Fractured
train,IMG0003111.jpg,Fractured,0.8275,Fractured,0.9997,Fractured,0.9352,Fractured,0.9296,Fractured
train,IMG0003112.jpg,Fractured,0.9650,Fractured,0.9991,Fractured,0.7823,Fractured,0.9322,Fractured
train,IMG0003121.jpg,Fractured,0.1783,Non_fractured,0.7655,Fractured,0.0716,Non_fractured,0.3357,Non_fractured
train,IMG0003130.jpg,Fractured,0.9538,Fractured,0.9949,Fractured,0.7402,Fractured,0.9159,Fractured
train,IMG0003131.jpg,Fractured,0.7363,Fractured,0.8413,Fractured,0.3318,Non_fractured,0.7816,Fractured
train,IMG0003132.jpg,Fractured,0.5180,Non_fractured,0.9950,Fractured,0.7774,Fractured,0.8252,Fractured
train,IMG0003146.jpg,Fractured,0.9928,Fractured,0.9992,Fractured,0.7790,Fractured,0.9400,Fractured
train,IMG0003147.jpg,Fractured,0.9352,Fractured,0.9987,Fractured,0.3700,Non_fractured,0.9212,Fractured
train,IMG0003157.jpg,Fractured,0.2000,Non_fractured,0.8502,Fractured,0.0771,Non_fractured,0.3739,Non_fractured
train,IMG0003164.jpg,Fractured,0.6935,Fractured,0.9885,Fractured,0.5591,Fractured,0.6980,Fractured
train,IMG0003165.jpg,Fractured,0.9323,Fractured,0.9792,Fractured,0.8495,Fractured,0.9310,Fractured
train,IMG0003171.jpg,Fractured,0.8057,Fractured,0.9908,Fractured,0.8672,Fractured,0.9014,Fractured
train,IMG0003172.jpg,Fractured,0.9387,Fractured,0.9919,Fractured,0.8308,Fractured,0.9335,Fractured
train,IMG0003182.jpg,Fractured,0.3050,Non_fractured,0.9994,Fractured,0.3777,Non_fractured,0.5636,Fractured
train,IMG0003183.jpg,Fractured,0.8295,Fractured,0.9996,Fractured,0.5806,Fractured,0.9167,Fractured
train,IMG0003184.jpg,Fractured,0.1844,Non_fractured,0.9060,Fractured,0.3924,Non_fractured,0.5350,Fractured
train,IMG0003199.jpg,Fractured,0.1232,Non_fractured,0.6503,Fractured,0.8095,Fractured,0.6431,Fractured
train,IMG0003200.jpg,Fractured,0.9820,Fractured,1.0000,Fractured,0.8430,Fractured,0.9536,Fractured
train,IMG0003201.jpg,Fractured,0.3986,Non_fractured,0.9974,Fractured,0.6390,Fractured,0.7315,Fractured
train,IMG0003213.jpg,Fractured,0.8942,Fractured,0.9981,Fractured,0.7948,Fractured,0.9131,Fractured
train,IMG0003214.jpg,Fractured,0.6085,Fractured,0.9511,Fractured,0.3591,Non_fractured,0.6898,Fractured
train,IMG0003217.jpg,Fractured,0.6739,Fractured,0.9988,Fractured,0.9269,Fractured,0.8796,Fractured
train,IMG0003218.jpg,Fractured,0.8881,Fractured,0.9987,Fractured,0.8462,Fractured,0.9248,Fractured
train,IMG0003219.jpg,Fractured,0.9996,Fractured,0.9993,Fractured,0.9452,Fractured,0.9853,Fractured
train,IMG0003220.jpg,Fractured,0.9920,Fractured,0.9998,Fractured,0.9837,Fractured,0.9932,Fractured
train,IMG0003233.jpg,Fractured,0.9960,Fractured,0.9993,Fractured,0.9875,Fractured,0.9952,Fractured
train,IMG0003234.jpg,Fractured,0.9939,Fractured,0.9997,Fractured,0.9590,Fractured,0.9873,Fractured
train,IMG0003254.jpg,Fractured,0.9958,Fractured,0.9425,Fractured,0.9817,Fractured,0.9692,Fractured
train,IMG0003255.jpg,Fractured,0.9964,Fractured,0.9988,Fractured,0.9881,Fractured,0.9953,Fractured
train,IMG0003264.jpg,Fractured,0.9560,Fractured,0.9949,Fractured,0.8970,Fractured,0.9574,Fractured
train,IMG0003265.jpg,Fractured,0.9640,Fractured,0.9916,Fractured,0.8002,Fractured,0.9333,Fractured
train,IMG0003266.jpg,Fractured,0.4117,Non_fractured,0.7542,Fractured,0.3561,Non_fractured,0.4544,Fractured
train,IMG0003267.jpg,Fractured,0.7490,Fractured,0.9988,Fractured,0.8195,Fractured,0.8749,Fractured
train,IMG0003279.jpg,Fractured,0.2510,Non_fractured,0.4672,Fractured,0.2136,Non_fractured,0.3344,Non_fractured
train,IMG0003280.jpg,Fractured,0.2146,Non_fractured,0.9829,Fractured,0.5132,Non_fractured,0.6357,Fractured
train,IMG0003293.jpg,Fractured,0.2632,Non_fractured,0.9880,Fractured,0.7246,Fractured,0.7717,Fractured
train,IMG0003294.jpg,Fractured,0.7810,Fractured,0.9845,Fractured,0.7494,Fractured,0.8604,Fractured
train,IMG0000000.jpg,Non_fractured,0.0069,Non_fractured,0.0004,Non_fractured,0.0302,Non_fractured,0.0101,Non_fractured
train,IMG0000003.jpg,Non_fractured,0.0010,Non_fractured,0.0003,Non_fractured,0.0237,Non_fractured,0.0066,Non_fractured
train,IMG0000004.jpg,Non_fractured,0.0206,Non_fractured,0.0002,Non_fractured,0.0068,Non_fractured,0.0082,Non_fractured
train,IMG0000005.jpg,Non_fractured,0.0010,Non_fractured,0.0003,Non_fractured,0.0237,Non_fractured,0.0066,Non_fractured
train,IMG0000007.jpg,Non_fractured,0.0311,Non_fractured,0.0004,Non_fractured,0.1428,Non_fractured,0.0469,Non_fractured
train,IMG0000009.jpg,Non_fractured,0.0217,Non_fractured,0.0002,Non_fractured,0.0320,Non_fractured,0.0151,Non_fractured
train,IMG0000010.jpg,Non_fractured,0.0008,Non_fractured,0.0011,Non_fractured,0.0249,Non_fractured,0.0072,Non_fractured
train,IMG0000011.jpg,Non_fractured,0.4805,Non_fractured,0.0404,Non_fractured,0.7488,Fractured,0.4851,Fractured
train,IMG0000012.jpg,Non_fractured,0.8814,Fractured,0.0117,Non_fractured,0.5426,Fractured,0.5643,Fractured
train,IMG0000015.jpg,Non_fractured,0.4497,Non_fractured,0.0017,Non_fractured,0.4417,Non_fractured,0.4148,Fractured
train,IMG0000016.jpg,Non_fractured,0.6450,Fractured,0.0490,Non_fractured,0.7216,Fractured,0.5993,Fractured
train,IMG0000017.jpg,Non_fractured,0.0133,Non_fractured,0.0008,Non_fractured,0.2317,Non_fractured,0.0647,Non_fractured
train,IMG0000018.jpg,Non_fractured,0.0885,Non_fractured,0.0083,Non_fractured,0.4926,Non_fractured,0.0848,Non_fractured
train,IMG0000020.jpg,Non_fractured,0.3326,Non_fractured,0.0351,Non_fractured,0.8539,Fractured,0.3973,Non_fractured
train,IMG0000021.jpg,Non_fractured,0.0145,Non_fractured,0.0000,Non_fractured,0.1675,Non_fractured,0.0480,Non_fractured
train,IMG0000022.jpg,Non_fractured,0.0266,Non_fractured,0.0004,Non_fractured,0.2699,Non_fractured,0.0785,Non_fractured
train,IMG0000024.jpg,Non_fractured,0.0235,Non_fractured,0.0003,Non_fractured,0.2190,Non_fractured,0.0643,Non_fractured
train,IMG0000026.jpg,Non_fractured,0.0137,Non_fractured,0.0002,Non_fractured,0.0910,Non_fractured,0.0280,Non_fractured
train,IMG0000027.jpg,Non_fractured,0.0014,Non_fractured,0.0000,Non_fractured,0.0079,Non_fractured,0.0025,Non_fractured
train,IMG0000029.jpg,Non_fractured,0.0837,Non_fractured,0.0108,Non_fractured,0.0983,Non_fractured,0.0561,Non_fractured
train,IMG0000030.jpg,Non_fractured,0.0056,Non_fractured,0.0008,Non_fractured,0.0256,Non_fractured,0.0087,Non_fractured
train,IMG0000032.jpg,Non_fractured,0.0412,Non_fractured,0.0008,Non_fractured,0.1691,Non_fractured,0.0571,Non_fractured
train,IMG0000033.jpg,Non_fractured,0.0066,Non_fractured,0.0005,Non_fractured,0.0239,Non_fractured,0.0084,Non_fractured
train,IMG0000035.jpg,Non_fractured,0.0125,Non_fractured,0.0020,Non_fractured,0.1705,Non_fractured,0.0490,Non_fractured
train,IMG0000036.jpg,Non_fractured,0.0353,Non_fractured,0.0049,Non_fractured,0.0343,Non_fractured,0.0220,Non_fractured
train,IMG0000037.jpg,Non_fractured,0.0036,Non_fractured,0.0078,Non_fractured,0.0114,Non_fractured,0.0074,Non_fractured
train,IMG0000038.jpg,Non_fractured,0.0091,Non_fractured,0.0023,Non_fractured,0.0434,Non_fractured,0.0151,Non_fractured
train,IMG0000039.jpg,Non_fractured,0.0037,Non_fractured,0.0008,Non_fractured,0.0374,Non_fractured,0.0112,Non_fractured
train,IMG0000042.jpg,Non_fractured,0.0238,Non_fractured,0.0173,Non_fractured,0.4784,Non_fractured,0.0637,Non_fractured
train,IMG0000043.jpg,Non_fractured,0.1817,Non_fractured,0.0242,Non_fractured,0.7525,Fractured,0.2694,Non_fractured
train,IMG0000045.jpg,Non_fractured,0.0361,Non_fractured,0.0299,Non_fractured,0.0619,Non_fractured,0.0401,Non_fractured
train,IMG0000046.jpg,Non_fractured,0.2949,Non_fractured,0.2264,Fractured,0.1782,Non_fractured,0.2350,Non_fractured
train,IMG0000047.jpg,Non_fractured,0.0943,Non_fractured,0.0036,Non_fractured,0.0487,Non_fractured,0.0434,Non_fractured
train,IMG0000048.jpg,Non_fractured,0.0017,Non_fractured,0.0013,Non_fractured,0.0215,Non_fractured,0.0067,Non_fractured
train,IMG0000049.jpg,Non_fractured,0.0243,Non_fractured,0.0041,Non_fractured,0.0675,Non_fractured,0.0268,Non_fractured
train,IMG0000051.jpg,Non_fractured,0.0102,Non_fractured,0.0030,Non_fractured,0.0835,Non_fractured,0.0262,Non_fractured
train,IMG0000052.jpg,Non_fractured,0.0001,Non_fractured,0.0000,Non_fractured,0.0063,Non_fractured,0.0017,Non_fractured
train,IMG0000053.jpg,Non_fractured,0.0010,Non_fractured,0.0002,Non_fractured,0.0164,Non_fractured,0.0047,Non_fractured
train,IMG0000054.jpg,Non_fractured,0.0004,Non_fractured,0.0000,Non_fractured,0.0667,Non_fractured,0.0175,Non_fractured
train,IMG0000055.jpg,Non_fractured,0.0008,Non_fractured,0.0004,Non_fractured,0.0064,Non_fractured,0.0021,Non_fractured
train,IMG0000056.jpg,Non_fractured,0.0130,Non_fractured,0.0008,Non_fractured,0.1055,Non_fractured,0.0318,Non_fractured
train,IMG0000060.jpg,Non_fractured,0.1363,Non_fractured,0.0011,Non_fractured,0.1002,Non_fractured,0.0687,Non_fractured
train,IMG0000061.jpg,Non_fractured,0.0003,Non_fractured,0.0006,Non_fractured,0.0289,Non_fractured,0.0079,Non_fractured
train,IMG0000062.jpg,Non_fractured,0.0243,Non_fractured,0.0001,Non_fractured,0.1209,Non_fractured,0.0390,Non_fractured
train,IMG0000063.jpg,Non_fractured,0.2982,Non_fractured,0.0374,Non_fractured,0.3010,Non_fractured,0.1866,Non_fractured
train,IMG0000064.jpg,Non_fractured,0.8921,Fractured,0.2126,Fractured,0.7872,Fractured,0.7493,Fractured
train,IMG0000065.jpg,Non_fractured,0.0245,Non_fractured,0.0005,Non_fractured,0.3091,Non_fractured,0.0882,Non_fractured
train,IMG0000067.jpg,Non_fractured,0.0065,Non_fractured,0.0008,Non_fractured,0.0328,Non_fractured,0.0109,Non_fractured
train,IMG0000068.jpg,Non_fractured,0.0072,Non_fractured,0.0000,Non_fractured,0.0075,Non_fractured,0.0042,Non_fractured
train,IMG0000069.jpg,Non_fractured,0.0003,Non_fractured,0.0004,Non_fractured,0.0267,Non_fractured,0.0072,Non_fractured
train,IMG0000070.jpg,Non_fractured,0.0009,Non_fractured,0.0000,Non_fractured,0.0449,Non_fractured,0.0120,Non_fractured
train,IMG0000071.jpg,Non_fractured,0.0551,Non_fractured,0.0028,Non_fractured,0.1539,Non_fractured,0.0583,Non_fractured
train,IMG0000072.jpg,Non_fractured,0.0180,Non_fractured,0.0008,Non_fractured,0.1600,Non_fractured,0.0475,Non_fractured
train,IMG0000073.jpg,Non_fractured,0.0216,Non_fractured,0.0037,Non_fractured,0.0291,Non_fractured,0.0159,Non_fractured
train,IMG0000074.jpg,Non_fractured,0.0040,Non_fractured,0.0056,Non_fractured,0.0290,Non_fractured,0.0112,Non_fractured
train,IMG0000075.jpg,Non_fractured,0.0234,Non_fractured,0.0001,Non_fractured,0.0278,Non_fractured,0.0145,Non_fractured
train,IMG0000076.jpg,Non_fractured,0.0044,Non_fractured,0.0018,Non_fractured,0.0190,Non_fractured,0.0071,Non_fractured
train,IMG0000077.jpg,Non_fractured,0.0929,Non_fractured,0.0036,Non_fractured,0.0807,Non_fractured,0.0513,Non_fractured
train,IMG0000078.jpg,Non_fractured,0.0838,Non_fractured,0.0005,Non_fractured,0.0203,Non_fractured,0.0314,Non_fractured
train,IMG0000079.jpg,Non_fractured,0.0098,Non_fractured,0.0036,Non_fractured,0.0150,Non_fractured,0.0085,Non_fractured
train,IMG0000080.jpg,Non_fractured,0.2434,Non_fractured,0.0761,Non_fractured,0.9152,Fractured,0.3484,Non_fractured
train,IMG0000081.jpg,Non_fractured,0.7914,Fractured,0.0159,Non_fractured,0.9741,Fractured,0.7469,Fractured
train,IMG0000082.jpg,Non_fractured,0.1364,Non_fractured,0.0014,Non_fractured,0.0856,Non_fractured,0.0650,Non_fractured
train,IMG0000083.jpg,Non_fractured,0.0049,Non_fractured,0.0013,Non_fractured,0.0835,Non_fractured,0.0238,Non_fractured
train,IMG0000084.jpg,Non_fractured,0.0550,Non_fractured,0.0001,Non_fractured,0.0650,Non_fractured,0.0340,Non_fractured
train,IMG0000086.jpg,Non_fractured,0.5076,Non_fractured,0.0000,Non_fractured,0.4235,Non_fractured,0.4362,Fractured
train,IMG0000087.jpg,Non_fractured,0.0249,Non_fractured,0.0003,Non_fractured,0.1080,Non_fractured,0.0359,Non_fractured
train,IMG0000088.jpg,Non_fractured,0.2720,Non_fractured,0.0136,Non_fractured,0.0694,Non_fractured,0.1080,Non_fractured
train,IMG0000089.jpg,Non_fractured,0.0193,Non_fractured,0.0006,Non_fractured,0.1849,Non_fractured,0.0543,Non_fractured
train,IMG0000090.jpg,Non_fractured,0.0278,Non_fractured,0.0014,Non_fractured,0.4391,Non_fractured,0.0531,Non_fractured
train,IMG0000091.jpg,Non_fractured,0.0521,Non_fractured,0.0012,Non_fractured,0.6216,Fractured,0.1502,Non_fractured
train,IMG0000094.jpg,Non_fractured,0.0423,Non_fractured,0.2080,Fractured,0.3581,Non_fractured,0.1958,Non_fractured
train,IMG0000095.jpg,Non_fractured,0.0221,Non_fractured,0.0001,Non_fractured,0.1101,Non_fractured,0.0356,Non_fractured
train,IMG0000096.jpg,Non_fractured,0.0008,Non_fractured,0.0009,Non_fractured,0.0361,Non_fractured,0.0100,Non_fractured
train,IMG0000097.jpg,Non_fractured,0.0215,Non_fractured,0.0019,Non_fractured,0.6574,Fractured,0.1348,Non_fractured
train,IMG0000098.jpg,Non_fractured,0.1878,Non_fractured,0.0003,Non_fractured,0.3516,Non_fractured,0.1497,Non_fractured
train,IMG0000099.jpg,Non_fractured,0.0140,Non_fractured,0.0001,Non_fractured,0.0920,Non_fractured,0.0283,Non_fractured
train,IMG0000101.jpg,Non_fractured,0.1278,Non_fractured,0.0044,Non_fractured,0.1929,Non_fractured,0.0916,Non_fractured
train,IMG0000102.jpg,Non_fractured,0.0054,Non_fractured,0.0048,Non_fractured,0.1776,Non_fractured,0.0499,Non_fractured
train,IMG0000103.jpg,Non_fractured,0.1087,Non_fractured,0.0003,Non_fractured,0.4662,Non_fractured,0.0857,Non_fractured
train,IMG0000105.jpg,Non_fractured,0.0262,Non_fractured,0.0003,Non_fractured,0.1549,Non_fractured,0.0485,Non_fractured
train,IMG0000106.jpg,Non_fractured,0.0029,Non_fractured,0.0087,Non_fractured,0.1769,Non_fractured,0.0507,Non_fractured
train,IMG0000107.jpg,Non_fractured,0.0301,Non_fractured,0.0003,Non_fractured,0.0043,Non_fractured,0.0106,Non_fractured
train,IMG0000111.jpg,Non_fractured,0.1632,Non_fractured,0.0062,Non_fractured,0.3687,Non_fractured,0.1490,Non_fractured
train,IMG0000112.jpg,Non_fractured,0.5238,Non_fractured,0.0090,Non_fractured,0.4944,Non_fractured,0.4751,Fractured
train,IMG0000113.jpg,Non_fractured,0.0156,Non_fractured,0.0017,Non_fractured,0.0551,Non_fractured,0.0199,Non_fractured
train,IMG0000114.jpg,Non_fractured,0.0101,Non_fractured,0.0006,Non_fractured,0.0176,Non_fractured,0.0080,Non_fractured
train,IMG0000115.jpg,Non_fractured,0.0064,Non_fractured,0.0000,Non_fractured,0.2250,Non_fractured,0.0605,Non_fractured
train,IMG0000117.jpg,Non_fractured,0.1064,Non_fractured,0.0065,Non_fractured,0.5633,Fractured,0.1792,Non_fractured
train,IMG0000118.jpg,Non_fractured,0.0320,Non_fractured,0.0001,Non_fractured,0.0675,Non_fractured,0.0275,Non_fractured
train,IMG0000119.jpg,Non_fractured,0.0021,Non_fractured,0.0001,Non_fractured,0.0153,Non_fractured,0.0047,Non_fractured
train,IMG0000120.jpg,Non_fractured,0.0140,Non_fractured,0.0003,Non_fractured,0.0729,Non_fractured,0.0234,Non_fractured
train,IMG0000122.jpg,Non_fractured,0.0100,Non_fractured,0.0021,Non_fractured,0.1433,Non_fractured,0.0412,Non_fractured
train,IMG0000123.jpg,Non_fractured,0.0410,Non_fractured,0.0039,Non_fractured,0.0089,Non_fractured,0.0167,Non_fractured
train,IMG0000124.jpg,Non_fractured,0.0586,Non_fractured,0.0016,Non_fractured,0.3592,Non_fractured,0.0572,Non_fractured
train,IMG0000125.jpg,Non_fractured,0.1207,Non_fractured,0.0001,Non_fractured,0.0674,Non_fractured,0.0549,Non_fractured
train,IMG0000126.jpg,Non_fractured,0.0224,Non_fractured,0.0001,Non_fractured,0.0996,Non_fractured,0.0329,Non_fractured
train,IMG0000127.jpg,Non_fractured,0.0032,Non_fractured,0.0000,Non_fractured,0.0649,Non_fractured,0.0179,Non_fractured
train,IMG0000128.jpg,Non_fractured,0.0221,Non_fractured,0.0004,Non_fractured,0.0029,Non_fractured,0.0078,Non_fractured
train,IMG0000129.jpg,Non_fractured,0.0062,Non_fractured,0.0000,Non_fractured,0.0043,Non_fractured,0.0030,Non_fractured
train,IMG0000131.jpg,Non_fractured,0.0078,Non_fractured,0.0003,Non_fractured,0.1791,Non_fractured,0.0491,Non_fractured
train,IMG0000132.jpg,Non_fractured,0.0013,Non_fractured,0.0002,Non_fractured,0.1884,Non_fractured,0.0495,Non_fractured
train,IMG0000133.jpg,Non_fractured,0.0080,Non_fractured,0.0000,Non_fractured,0.0384,Non_fractured,0.0125,Non_fractured
train,IMG0000134.jpg,Non_fractured,0.0097,Non_fractured,0.0007,Non_fractured,0.0034,Non_fractured,0.0042,Non_fractured
train,IMG0000135.jpg,Non_fractured,0.0298,Non_fractured,0.0012,Non_fractured,0.1115,Non_fractured,0.0387,Non_fractured
train,IMG0000137.jpg,Non_fractured,0.0011,Non_fractured,0.0020,Non_fractured,0.3829,Non_fractured,0.0380,Non_fractured
train,IMG0000140.jpg,Non_fractured,0.0723,Non_fractured,0.0028,Non_fractured,0.1665,Non_fractured,0.0669,Non_fractured
train,IMG0000141.jpg,Non_fractured,0.0069,Non_fractured,0.0013,Non_fractured,0.0477,Non_fractured,0.0151,Non_fractured
train,IMG0000145.jpg,Non_fractured,0.2062,Non_fractured,0.0116,Non_fractured,0.3387,Non_fractured,0.1568,Non_fractured
train,IMG0000146.jpg,Non_fractured,0.1387,Non_fractured,0.0027,Non_fractured,0.3600,Non_fractured,0.1377,Non_fractured
train,IMG0000147.jpg,Non_fractured,0.1786,Non_fractured,0.0020,Non_fractured,0.3646,Non_fractured,0.1509,Non_fractured
train,IMG0000148.jpg,Non_fractured,0.4070,Non_fractured,0.0005,Non_fractured,0.3502,Non_fractured,0.3543,Non_fractured
train,IMG0000149.jpg,Non_fractured,0.0276,Non_fractured,0.0012,Non_fractured,0.0237,Non_fractured,0.0152,Non_fractured
train,IMG0000150.jpg,Non_fractured,0.0030,Non_fractured,0.0012,Non_fractured,0.1490,Non_fractured,0.0402,Non_fractured
train,IMG0000152.jpg,Non_fractured,0.0035,Non_fractured,0.0011,Non_fractured,0.0323,Non_fractured,0.0100,Non_fractured
train,IMG0000153.jpg,Non_fractured,0.0041,Non_fractured,0.0005,Non_fractured,0.1357,Non_fractured,0.0368,Non_fractured
train,IMG0000154.jpg,Non_fractured,0.0004,Non_fractured,0.0007,Non_fractured,0.0519,Non_fractured,0.0139,Non_fractured
train,IMG0000157.jpg,Non_fractured,0.4755,Non_fractured,0.0040,Non_fractured,0.4912,Non_fractured,0.4490,Fractured
train,IMG0000158.jpg,Non_fractured,0.1843,Non_fractured,0.0084,Non_fractured,0.3115,Non_fractured,0.1416,Non_fractured
train,IMG0000159.jpg,Non_fractured,0.3765,Non_fractured,0.0004,Non_fractured,0.0687,Non_fractured,0.0676,Non_fractured
train,IMG0000160.jpg,Non_fractured,0.0057,Non_fractured,0.0008,Non_fractured,0.0789,Non_fractured,0.0226,Non_fractured
train,IMG0000162.jpg,Non_fractured,0.5025,Non_fractured,0.0036,Non_fractured,0.1669,Non_fractured,0.2278,Non_fractured
train,IMG0000163.jpg,Non_fractured,0.2719,Non_fractured,0.1228,Non_fractured,0.8379,Fractured,0.3595,Non_fractured
train,IMG0000164.jpg,Non_fractured,0.5122,Non_fractured,0.1211,Non_fractured,0.7099,Fractured,0.5089,Fractured
train,IMG0000165.jpg,Non_fractured,0.1854,Non_fractured,0.0010,Non_fractured,0.1027,Non_fractured,0.0845,Non_fractured
train,IMG0000166.jpg,Non_fractured,0.0305,Non_fractured,0.0107,Non_fractured,0.0858,Non_fractured,0.0364,Non_fractured
train,IMG0000167.jpg,Non_fractured,0.1001,Non_fractured,0.0009,Non_fractured,0.5221,Non_fractured,0.0881,Non_fractured
train,IMG0000168.jpg,Non_fractured,0.0128,Non_fractured,0.0006,Non_fractured,0.1369,Non_fractured,0.0398,Non_fractured
train,IMG0000169.jpg,Non_fractured,0.1636,Non_fractured,0.0047,Non_fractured,0.1454,Non_fractured,0.0904,Non_fractured
train,IMG0000171.jpg,Non_fractured,0.1258,Non_fractured,0.0005,Non_fractured,0.3894,Non_fractured,0.0850,Non_fractured
train,IMG0000173.jpg,Non_fractured,0.0764,Non_fractured,0.0011,Non_fractured,0.0824,Non_fractured,0.0455,Non_fractured
train,IMG0000174.jpg,Non_fractured,0.0574,Non_fractured,0.0012,Non_fractured,0.1429,Non_fractured,0.0554,Non_fractured
train,IMG0000175.jpg,Non_fractured,0.0060,Non_fractured,0.0001,Non_fractured,0.1637,Non_fractured,0.0444,Non_fractured
train,IMG0000178.jpg,Non_fractured,0.0011,Non_fractured,0.0008,Non_fractured,0.0060,Non_fractured,0.0022,Non_fractured
train,IMG0000179.jpg,Non_fractured,0.1004,Non_fractured,0.0014,Non_fractured,0.1053,Non_fractured,0.0590,Non_fractured
train,IMG0000180.jpg,Non_fractured,0.0074,Non_fractured,0.0013,Non_fractured,0.0778,Non_fractured,0.0231,Non_fractured
train,IMG0000181.jpg,Non_fractured,0.0046,Non_fractured,0.0011,Non_fractured,0.0555,Non_fractured,0.0163,Non_fractured
train,IMG0000182.jpg,Non_fractured,0.0033,Non_fractured,0.0002,Non_fractured,0.0510,Non_fractured,0.0144,Non_fractured
train,IMG0000183.jpg,Non_fractured,0.0003,Non_fractured,0.0014,Non_fractured,0.0441,Non_fractured,0.0122,Non_fractured
train,IMG0000184.jpg,Non_fractured,0.1933,Non_fractured,0.0008,Non_fractured,0.3603,Non_fractured,0.1538,Non_fractured
train,IMG0000186.jpg,Non_fractured,0.0341,Non_fractured,0.0063,Non_fractured,0.2180,Non_fractured,0.0699,Non_fractured
train,IMG0000187.jpg,Non_fractured,0.0008,Non_fractured,0.0008,Non_fractured,0.0218,Non_fractured,0.0063,Non_fractured
train,IMG0000191.jpg,Non_fractured,0.0126,Non_fractured,0.0057,Non_fractured,0.1271,Non_fractured,0.0394,Non_fractured
train,IMG0000192.jpg,Non_fractured,0.0053,Non_fractured,0.0013,Non_fractured,0.5316,Fractured,0.0534,Non_fractured
train,IMG0000193.jpg,Non_fractured,0.0528,Non_fractured,0.0040,Non_fractured,0.4385,Non_fractured,0.0639,Non_fractured
train,IMG0000195.jpg,Non_fractured,0.0078,Non_fractured,0.0007,Non_fractured,0.0792,Non_fractured,0.0233,Non_fractured
train,IMG0000196.jpg,Non_fractured,0.0011,Non_fractured,0.0003,Non_fractured,0.0043,Non_fractured,0.0016,Non_fractured
train,IMG0000199.jpg,Non_fractured,0.0870,Non_fractured,0.0162,Non_fractured,0.2604,Non_fractured,0.1016,Non_fractured
train,IMG0000200.jpg,Non_fractured,0.8062,Fractured,0.0101,Non_fractured,0.0967,Non_fractured,0.2536,Non_fractured
train,IMG0000201.jpg,Non_fractured,0.0931,Non_fractured,0.0275,Non_fractured,0.1251,Non_fractured,0.0732,Non_fractured
train,IMG0000202.jpg,Non_fractured,0.0669,Non_fractured,0.0025,Non_fractured,0.0302,Non_fractured,0.0296,Non_fractured
train,IMG0000203.jpg,Non_fractured,0.3414,Non_fractured,0.0003,Non_fractured,0.2433,Non_fractured,0.1690,Non_fractured
train,IMG0000205.jpg,Non_fractured,0.0587,Non_fractured,0.0014,Non_fractured,0.3599,Non_fractured,0.0572,Non_fractured
train,IMG0000209.jpg,Non_fractured,0.0139,Non_fractured,0.0002,Non_fractured,0.0615,Non_fractured,0.0204,Non_fractured
train,IMG0000210.jpg,Non_fractured,0.1530,Non_fractured,0.0019,Non_fractured,0.1041,Non_fractured,0.0752,Non_fractured
train,IMG0000212.jpg,Non_fractured,0.0030,Non_fractured,0.0003,Non_fractured,0.0243,Non_fractured,0.0074,Non_fractured
train,IMG0000213.jpg,Non_fractured,0.0006,Non_fractured,0.0003,Non_fractured,0.2344,Non_fractured,0.0613,Non_fractured
train,IMG0000214.jpg,Non_fractured,0.3028,Non_fractured,0.0031,Non_fractured,0.0941,Non_fractured,0.1195,Non_fractured
train,IMG0000215.jpg,Non_fractured,0.1495,Non_fractured,0.0023,Non_fractured,0.0129,Non_fractured,0.0506,Non_fractured
train,IMG0000216.jpg,Non_fractured,0.0215,Non_fractured,0.0035,Non_fractured,0.0425,Non_fractured,0.0192,Non_fractured
train,IMG0000217.jpg,Non_fractured,0.0044,Non_fractured,0.0002,Non_fractured,0.0239,Non_fractured,0.0076,Non_fractured
train,IMG0000218.jpg,Non_fractured,0.3316,Non_fractured,0.0011,Non_fractured,0.3744,Non_fractured,0.3265,Non_fractured
train,IMG0000219.jpg,Non_fractured,0.0085,Non_fractured,0.0002,Non_fractured,0.3947,Non_fractured,0.0410,Non_fractured
train,IMG0000220.jpg,Non_fractured,0.0113,Non_fractured,0.0004,Non_fractured,0.1549,Non_fractured,0.0440,Non_fractured
train,IMG0000221.jpg,Non_fractured,0.0003,Non_fractured,0.0002,Non_fractured,0.0210,Non_fractured,0.0056,Non_fractured
train,IMG0000222.jpg,Non_fractured,0.0005,Non_fractured,0.0017,Non_fractured,0.0283,Non_fractured,0.0082,Non_fractured
train,IMG0000223.jpg,Non_fractured,0.0157,Non_fractured,0.0014,Non_fractured,0.0349,Non_fractured,0.0145,Non_fractured
train,IMG0000225.jpg,Non_fractured,0.0332,Non_fractured,0.0014,Non_fractured,0.0930,Non_fractured,0.0350,Non_fractured
train,IMG0000228.jpg,Non_fractured,0.0084,Non_fractured,0.0010,Non_fractured,0.0324,Non_fractured,0.0114,Non_fractured
train,IMG0000229.jpg,Non_fractured,0.0113,Non_fractured,0.0055,Non_fractured,0.0236,Non_fractured,0.0120,Non_fractured
train,IMG0000230.jpg,Non_fractured,0.0078,Non_fractured,0.0008,Non_fractured,0.4196,Non_fractured,0.0434,Non_fractured
train,IMG0000231.jpg,Non_fractured,0.0051,Non_fractured,0.0108,Non_fractured,0.1788,Non_fractured,0.0527,Non_fractured
train,IMG0000232.jpg,Non_fractured,0.0286,Non_fractured,0.0000,Non_fractured,0.2081,Non_fractured,0.0629,Non_fractured
train,IMG0000233.jpg,Non_fractured,0.0060,Non_fractured,0.0004,Non_fractured,0.0771,Non_fractured,0.0221,Non_fractured
train,IMG0000234.jpg,Non_fractured,0.0042,Non_fractured,0.0001,Non_fractured,0.0490,Non_fractured,0.0141,Non_fractured
train,IMG0000235.jpg,Non_fractured,0.0189,Non_fractured,0.0017,Non_fractured,0.1158,Non_fractured,0.0367,Non_fractured
train,IMG0000236.jpg,Non_fractured,0.0961,Non_fractured,0.0706,Non_fractured,0.2199,Non_fractured,0.1173,Non_fractured
train,IMG0000237.jpg,Non_fractured,0.2370,Non_fractured,0.0077,Non_fractured,0.0047,Non_fractured,0.0778,Non_fractured
train,IMG0000238.jpg,Non_fractured,0.0722,Non_fractured,0.0012,Non_fractured,0.2960,Non_fractured,0.0998,Non_fractured
train,IMG0000239.jpg,Non_fractured,0.0167,Non_fractured,0.0001,Non_fractured,0.0547,Non_fractured,0.0194,Non_fractured
train,IMG0000241.jpg,Non_fractured,0.0851,Non_fractured,0.0015,Non_fractured,0.1935,Non_fractured,0.0773,Non_fractured
train,IMG0000242.jpg,Non_fractured,0.0008,Non_fractured,0.0001,Non_fractured,0.0328,Non_fractured,0.0088,Non_fractured
train,IMG0000243.jpg,Non_fractured,0.0059,Non_fractured,0.0001,Non_fractured,0.0434,Non_fractured,0.0132,Non_fractured
train,IMG0000244.jpg,Non_fractured,0.0051,Non_fractured,0.0011,Non_fractured,0.1872,Non_fractured,0.0507,Non_fractured
train,IMG0000245.jpg,Non_fractured,0.0138,Non_fractured,0.0004,Non_fractured,0.1029,Non_fractured,0.0312,Non_fractured
train,IMG0000246.jpg,Non_fractured,0.4392,Non_fractured,0.0221,Non_fractured,0.0556,Non_fractured,0.0826,Non_fractured
train,IMG0000247.jpg,Non_fractured,0.1295,Non_fractured,0.0046,Non_fractured,0.1200,Non_fractured,0.0732,Non_fractured
train,IMG0000249.jpg,Non_fractured,0.1560,Non_fractured,0.0057,Non_fractured,0.5680,Fractured,0.2156,Non_fractured
train,IMG0000250.jpg,Non_fractured,0.1414,Non_fractured,0.0006,Non_fractured,0.1091,Non_fractured,0.0723,Non_fractured
train,IMG0000252.jpg,Non_fractured,0.0145,Non_fractured,0.0028,Non_fractured,0.1414,Non_fractured,0.0425,Non_fractured
train,IMG0000254.jpg,Non_fractured,0.0068,Non_fractured,0.0003,Non_fractured,0.1732,Non_fractured,0.0473,Non_fractured
train,IMG0000255.jpg,Non_fractured,0.0067,Non_fractured,0.0018,Non_fractured,0.3310,Non_fractured,0.0350,Non_fractured
train,IMG0000257.jpg,Non_fractured,0.0448,Non_fractured,0.0031,Non_fractured,0.1301,Non_fractured,0.0490,Non_fractured
train,IMG0000263.jpg,Non_fractured,0.1454,Non_fractured,0.0006,Non_fractured,0.5653,Fractured,0.2070,Non_fractured
train,IMG0000264.jpg,Non_fractured,0.0345,Non_fractured,0.0010,Non_fractured,0.3161,Non_fractured,0.0933,Non_fractured
train,IMG0000265.jpg,Non_fractured,0.0940,Non_fractured,0.0016,Non_fractured,0.2420,Non_fractured,0.0927,Non_fractured
train,IMG0000266.jpg,Non_fractured,0.0287,Non_fractured,0.0002,Non_fractured,0.0072,Non_fractured,0.0108,Non_fractured
train,IMG0000267.jpg,Non_fractured,0.0058,Non_fractured,0.0003,Non_fractured,0.0167,Non_fractured,0.0063,Non_fractured
train,IMG0000268.jpg,Non_fractured,0.0281,Non_fractured,0.0015,Non_fractured,0.1777,Non_fractured,0.0555,Non_fractured
train,IMG0000271.jpg,Non_fractured,0.0422,Non_fractured,0.0017,Non_fractured,0.0287,Non_fractured,0.0212,Non_fractured
train,IMG0000272.jpg,Non_fractured,0.5109,Non_fractured,0.0085,Non_fractured,0.4380,Non_fractured,0.4446,Fractured
train,IMG0000273.jpg,Non_fractured,0.0411,Non_fractured,0.0941,Non_fractured,0.7306,Fractured,0.1831,Non_fractured
train,IMG0000274.jpg,Non_fractured,0.0101,Non_fractured,0.0011,Non_fractured,0.1416,Non_fractured,0.0404,Non_fractured
train,IMG0000275.jpg,Non_fractured,0.0045,Non_fractured,0.0004,Non_fractured,0.0071,Non_fractured,0.0034,Non_fractured
train,IMG0000276.jpg,Non_fractured,0.0002,Non_fractured,0.0000,Non_fractured,0.0162,Non_fractured,0.0043,Non_fractured
train,IMG0000277.jpg,Non_fractured,0.0315,Non_fractured,0.0114,Non_fractured,0.2692,Non_fractured,0.0847,Non_fractured
train,IMG0000278.jpg,Non_fractured,0.0163,Non_fractured,0.0004,Non_fractured,0.0188,Non_fractured,0.0101,Non_fractured
train,IMG0000279.jpg,Non_fractured,0.0572,Non_fractured,0.0001,Non_fractured,0.3729,Non_fractured,0.0573,Non_fractured
train,IMG0000280.jpg,Non_fractured,0.0015,Non_fractured,0.0024,Non_fractured,0.2830,Non_fractured,0.0751,Non_fractured
train,IMG0000282.jpg,Non_fractured,0.3082,Non_fractured,0.0347,Non_fractured,0.7340,Fractured,0.3580,Non_fractured
train,IMG0000285.jpg,Non_fractured,0.0343,Non_fractured,0.0003,Non_fractured,0.0948,Non_fractured,0.0354,Non_fractured
train,IMG0000286.jpg,Non_fractured,0.0197,Non_fractured,0.0002,Non_fractured,0.0073,Non_fractured,0.0080,Non_fractured
train,IMG0000287.jpg,Non_fractured,0.0307,Non_fractured,0.0000,Non_fractured,0.0621,Non_fractured,0.0256,Non_fractured
train,IMG0000288.jpg,Non_fractured,0.0025,Non_fractured,0.0053,Non_fractured,0.0557,Non_fractured,0.0175,Non_fractured
train,IMG0000289.jpg,Non_fractured,0.0118,Non_fractured,0.0054,Non_fractured,0.6027,Fractured,0.0648,Non_fractured
train,IMG0000290.jpg,Non_fractured,0.0908,Non_fractured,0.0130,Non_fractured,0.4261,Non_fractured,0.0818,Non_fractured
train,IMG0000291.jpg,Non_fractured,0.0009,Non_fractured,0.0001,Non_fractured,0.0266,Non_fractured,0.0072,Non_fractured
train,IMG0000292.jpg,Non_fractured,0.0003,Non_fractured,0.0004,Non_fractured,0.0149,Non_fractured,0.0041,Non_fractured
train,IMG0000294.jpg,Non_fractured,0.0055,Non_fractured,0.0000,Non_fractured,0.1146,Non_fractured,0.0315,Non_fractured
train,IMG0000295.jpg,Non_fractured,0.0149,Non_fractured,0.0001,Non_fractured,0.1370,Non_fractured,0.0403,Non_fractured
train,IMG0000296.jpg,Non_fractured,0.0185,Non_fractured,0.0002,Non_fractured,0.1713,Non_fractured,0.0504,Non_fractured
train,IMG0000297.jpg,Non_fractured,0.0021,Non_fractured,0.0003,Non_fractured,0.0153,Non_fractured,0.0047,Non_fractured
train,IMG0000299.jpg,Non_fractured,0.0005,Non_fractured,0.0000,Non_fractured,0.0025,Non_fractured,0.0008,Non_fractured
train,IMG0000301.jpg,Non_fractured,0.5174,Non_fractured,0.0362,Non_fractured,0.0864,Non_fractured,0.1098,Non_fractured
train,IMG0000304.jpg,Non_fractured,0.0007,Non_fractured,0.0000,Non_fractured,0.0902,Non_fractured,0.0237,Non_fractured
train,IMG0000308.jpg,Non_fractured,0.0108,Non_fractured,0.0000,Non_fractured,0.0435,Non_fractured,0.0147,Non_fractured
train,IMG0000310.jpg,Non_fractured,0.0100,Non_fractured,0.0006,Non_fractured,0.0620,Non_fractured,0.0195,Non_fractured
train,IMG0000311.jpg,Non_fractured,0.0014,Non_fractured,0.0034,Non_fractured,0.0078,Non_fractured,0.0039,Non_fractured
train,IMG0000312.jpg,Non_fractured,0.0000,Non_fractured,0.0000,Non_fractured,0.0101,Non_fractured,0.0026,Non_fractured
train,IMG0000314.jpg,Non_fractured,0.0744,Non_fractured,0.0003,Non_fractured,0.0233,Non_fractured,0.0292,Non_fractured
train,IMG0000316.jpg,Non_fractured,0.0022,Non_fractured,0.0009,Non_fractured,0.0151,Non_fractured,0.0050,Non_fractured
train,IMG0000317.jpg,Non_fractured,0.0192,Non_fractured,0.0054,Non_fractured,0.3914,Non_fractured,0.0474,Non_fractured
train,IMG0000318.jpg,Non_fractured,0.2596,Non_fractured,0.0181,Non_fractured,0.1132,Non_fractured,0.1175,Non_fractured
train,IMG0000320.jpg,Non_fractured,0.5091,Non_fractured,0.4991,Fractured,0.4256,Non_fractured,0.4831,Fractured
train,IMG0000323.jpg,Non_fractured,0.0034,Non_fractured,0.0169,Non_fractured,0.4232,Non_fractured,0.0505,Non_fractured
train,IMG0000325.jpg,Non_fractured,0.0193,Non_fractured,0.0005,Non_fractured,0.0812,Non_fractured,0.0273,Non_fractured
train,IMG0000326.jpg,Non_fractured,0.0025,Non_fractured,0.0009,Non_fractured,0.0998,Non_fractured,0.0271,Non_fractured
train,IMG0000327.jpg,Non_fractured,0.0887,Non_fractured,0.0070,Non_fractured,0.1543,Non_fractured,0.0706,Non_fractured
train,IMG0000328.jpg,Non_fractured,0.0000,Non_fractured,0.0017,Non_fractured,0.0333,Non_fractured,0.0094,Non_fractured
train,IMG0000329.jpg,Non_fractured,0.0038,Non_fractured,0.0004,Non_fractured,0.0263,Non_fractured,0.0082,Non_fractured
train,IMG0000330.jpg,Non_fractured,0.0000,Non_fractured,0.0006,Non_fractured,0.0033,Non_fractured,0.0011,Non_fractured
train,IMG0000331.jpg,Non_fractured,0.0064,Non_fractured,0.0011,Non_fractured,0.0525,Non_fractured,0.0161,Non_fractured
train,IMG0000333.jpg,Non_fractured,0.0042,Non_fractured,0.0005,Non_fractured,0.1332,Non_fractured,0.0361,Non_fractured
train,IMG0000334.jpg,Non_fractured,0.0007,Non_fractured,0.0020,Non_fractured,0.0023,Non_fractured,0.0017,Non_fractured
train,IMG0000335.jpg,Non_fractured,0.0443,Non_fractured,0.0096,Non_fractured,0.0016,Non_fractured,0.0182,Non_fractured
train,IMG0000336.jpg,Non_fractured,0.0116,Non_fractured,0.0004,Non_fractured,0.2038,Non_fractured,0.0567,Non_fractured
train,IMG0000337.jpg,Non_fractured,0.0368,Non_fractured,0.0041,Non_fractured,0.0125,Non_fractured,0.0164,Non_fractured
train,IMG0000338.jpg,Non_fractured,0.0408,Non_fractured,0.0035,Non_fractured,0.2504,Non_fractured,0.0792,Non_fractured
train,IMG0000339.jpg,Non_fractured,0.0524,Non_fractured,0.0096,Non_fractured,0.3280,Non_fractured,0.1056,Non_fractured
train,IMG0000340.jpg,Non_fractured,0.0001,Non_fractured,0.0000,Non_fractured,0.0123,Non_fractured,0.0033,Non_fractured
train,IMG0000342.jpg,Non_fractured,0.0110,Non_fractured,0.0007,Non_fractured,0.0027,Non_fractured,0.0044,Non_fractured
train,IMG0000343.jpg,Non_fractured,0.0012,Non_fractured,0.0026,Non_fractured,0.0010,Non_fractured,0.0018,Non_fractured
train,IMG0000344.jpg,Non_fractured,0.0053,Non_fractured,0.0007,Non_fractured,0.0356,Non_fractured,0.0112,Non_fractured
train,IMG0000345.jpg,Non_fractured,0.0007,Non_fractured,0.0001,Non_fractured,0.0065,Non_fractured,0.0019,Non_fractured
train,IMG0000346.jpg,Non_fractured,0.0063,Non_fractured,0.0000,Non_fractured,0.0641,Non_fractured,0.0186,Non_fractured
train,IMG0000348.jpg,Non_fractured,0.0000,Non_fractured,0.0012,Non_fractured,0.0014,Non_fractured,0.0009,Non_fractured
train,IMG0000349.jpg,Non_fractured,0.0029,Non_fractured,0.0015,Non_fractured,0.0008,Non_fractured,0.0017,Non_fractured
train,IMG0000350.jpg,Non_fractured,0.0050,Non_fractured,0.0060,Non_fractured,0.0009,Non_fractured,0.0044,Non_fractured
train,IMG0000354.jpg,Non_fractured,0.0012,Non_fractured,0.0006,Non_fractured,0.0120,Non_fractured,0.0038,Non_fractured
train,IMG0000356.jpg,Non_fractured,0.0005,Non_fractured,0.0139,Non_fractured,0.0044,Non_fractured,0.0073,Non_fractured
train,IMG0000357.jpg,Non_fractured,0.3312,Non_fractured,0.0047,Non_fractured,0.1208,Non_fractured,0.1359,Non_fractured
train,IMG0000358.jpg,Non_fractured,0.0116,Non_fractured,0.0048,Non_fractured,0.0328,Non_fractured,0.0142,Non_fractured
train,IMG0000359.jpg,Non_fractured,0.0202,Non_fractured,0.0001,Non_fractured,0.0639,Non_fractured,0.0229,Non_fractured
train,IMG0000360.jpg,Non_fractured,0.0462,Non_fractured,0.0006,Non_fractured,0.0134,Non_fractured,0.0180,Non_fractured
train,IMG0000361.jpg,Non_fractured,0.0029,Non_fractured,0.0000,Non_fractured,0.0181,Non_fractured,0.0056,Non_fractured
train,IMG0000363.jpg,Non_fractured,0.0156,Non_fractured,0.0015,Non_fractured,0.0853,Non_fractured,0.0276,Non_fractured
train,IMG0000364.jpg,Non_fractured,0.0296,Non_fractured,0.0023,Non_fractured,0.2462,Non_fractured,0.0742,Non_fractured
train,IMG0000365.jpg,Non_fractured,0.0052,Non_fractured,0.0029,Non_fractured,0.2416,Non_fractured,0.0657,Non_fractured
train,IMG0000366.jpg,Non_fractured,0.0000,Non_fractured,0.0004,Non_fractured,0.2312,Non_fractured,0.0603,Non_fractured
train,IMG0000367.jpg,Non_fractured,0.0046,Non_fractured,0.0016,Non_fractured,0.2285,Non_fractured,0.0616,Non_fractured
train,IMG0000368.jpg,Non_fractured,0.0310,Non_fractured,0.0019,Non_fractured,0.1057,Non_fractured,0.0379,Non_fractured
train,IMG0000369.jpg,Non_fractured,0.0803,Non_fractured,0.0032,Non_fractured,0.1080,Non_fractured,0.0543,Non_fractured
train,IMG0000370.jpg,Non_fractured,0.0019,Non_fractured,0.0054,Non_fractured,0.0082,Non_fractured,0.0050,Non_fractured
train,IMG0000371.jpg,Non_fractured,0.1772,Non_fractured,0.0101,Non_fractured,0.3058,Non_fractured,0.1387,Non_fractured
train,IMG0000372.jpg,Non_fractured,0.0001,Non_fractured,0.0001,Non_fractured,0.0080,Non_fractured,0.0022,Non_fractured
train,IMG0000373.jpg,Non_fractured,0.0736,Non_fractured,0.0043,Non_fractured,0.3225,Non_fractured,0.1084,Non_fractured
train,IMG0000375.jpg,Non_fractured,0.0384,Non_fractured,0.0004,Non_fractured,0.2529,Non_fractured,0.0778,Non_fractured
train,IMG0000376.jpg,Non_fractured,0.0149,Non_fractured,0.0001,Non_fractured,0.0568,Non_fractured,0.0194,Non_fractured
train,IMG0000378.jpg,Non_fractured,0.0011,Non_fractured,0.0028,Non_fractured,0.0302,Non_fractured,0.0094,Non_fractured
train,IMG0000379.jpg,Non_fractured,0.0830,Non_fractured,0.0002,Non_fractured,0.1482,Non_fractured,0.0643,Non_fractured
train,IMG0000380.jpg,Non_fractured,0.0564,Non_fractured,0.0510,Non_fractured,0.2792,Non_fractured,0.1120,Non_fractured
train,IMG0000381.jpg,Non_fractured,0.0833,Non_fractured,0.0220,Non_fractured,0.5975,Fractured,0.1703,Non_fractured
train,IMG0000382.jpg,Non_fractured,0.4426,Non_fractured,0.3074,Fractured,0.9415,Fractured,0.5195,Fractured
train,IMG0000384.jpg,Non_fractured,0.0728,Non_fractured,0.0087,Non_fractured,0.2221,Non_fractured,0.0840,Non_fractured
train,IMG0000385.jpg,Non_fractured,0.0959,Non_fractured,0.0007,Non_fractured,0.0264,Non_fractured,0.0369,Non_fractured
train,IMG0000386.jpg,Non_fractured,0.1590,Non_fractured,0.0183,Non_fractured,0.1377,Non_fractured,0.0928,Non_fractured
train,IMG0000387.jpg,Non_fractured,0.0146,Non_fractured,0.0395,Non_fractured,0.0264,Non_fractured,0.0284,Non_fractured
train,IMG0000388.jpg,Non_fractured,0.0470,Non_fractured,0.0208,Non_fractured,0.2200,Non_fractured,0.0807,Non_fractured
train,IMG0000389.jpg,Non_fractured,0.0118,Non_fractured,0.0001,Non_fractured,0.0225,Non_fractured,0.0095,Non_fractured
train,IMG0000390.jpg,Non_fractured,0.0024,Non_fractured,0.0002,Non_fractured,0.0141,Non_fractured,0.0045,Non_fractured
train,IMG0000391.jpg,Non_fractured,0.0753,Non_fractured,0.0030,Non_fractured,0.0204,Non_fractured,0.0298,Non_fractured
train,IMG0000392.jpg,Non_fractured,0.0185,Non_fractured,0.0112,Non_fractured,0.1438,Non_fractured,0.0479,Non_fractured
train,IMG0000393.jpg,Non_fractured,0.0009,Non_fractured,0.0010,Non_fractured,0.0022,Non_fractured,0.0013,Non_fractured
train,IMG0000394.jpg,Non_fractured,0.0002,Non_fractured,0.0002,Non_fractured,0.0065,Non_fractured,0.0018,Non_fractured
train,IMG0000395.jpg,Non_fractured,0.0045,Non_fractured,0.0002,Non_fractured,0.0090,Non_fractured,0.0038,Non_fractured
train,IMG0000396.jpg,Non_fractured,0.0012,Non_fractured,0.0000,Non_fractured,0.0138,Non_fractured,0.0040,Non_fractured
train,IMG0000397.jpg,Non_fractured,0.0004,Non_fractured,0.0001,Non_fractured,0.0412,Non_fractured,0.0109,Non_fractured
train,IMG0000398.jpg,Non_fractured,0.0245,Non_fractured,0.0008,Non_fractured,0.0004,Non_fractured,0.0081,Non_fractured
train,IMG0000400.jpg,Non_fractured,0.5577,Fractured,0.1780,Fractured,0.2560,Non_fractured,0.2488,Non_fractured
train,IMG0000401.jpg,Non_fractured,0.4669,Non_fractured,0.0779,Non_fractured,0.3498,Non_fractured,0.3898,Non_fractured
train,IMG0000402.jpg,Non_fractured,0.0796,Non_fractured,0.0602,Non_fractured,0.6106,Fractured,0.1200,Non_fractured
train,IMG0000403.jpg,Non_fractured,0.0031,Non_fractured,0.0330,Non_fractured,0.1551,Non_fractured,0.0555,Non_fractured
train,IMG0000404.jpg,Non_fractured,0.0176,Non_fractured,0.0006,Non_fractured,0.0246,Non_fractured,0.0121,Non_fractured
train,IMG0000407.jpg,Non_fractured,0.1354,Non_fractured,0.0010,Non_fractured,0.3816,Non_fractured,0.1415,Non_fractured
train,IMG0000408.jpg,Non_fractured,0.0840,Non_fractured,0.0255,Non_fractured,0.0415,Non_fractured,0.0478,Non_fractured
train,IMG0000411.jpg,Non_fractured,0.0001,Non_fractured,0.0010,Non_fractured,0.0011,Non_fractured,0.0008,Non_fractured
train,IMG0000412.jpg,Non_fractured,0.0775,Non_fractured,0.0120,Non_fractured,0.0553,Non_fractured,0.0435,Non_fractured
train,IMG0000414.jpg,Non_fractured,0.0174,Non_fractured,0.0000,Non_fractured,0.0016,Non_fractured,0.0058,Non_fractured
train,IMG0000415.jpg,Non_fractured,0.0290,Non_fractured,0.0004,Non_fractured,0.1846,Non_fractured,0.0572,Non_fractured
train,IMG0000416.jpg,Non_fractured,0.0539,Non_fractured,0.2530,Fractured,0.3308,Non_fractured,0.2116,Non_fractured
train,IMG0000417.jpg,Non_fractured,0.7991,Fractured,0.0779,Non_fractured,0.4690,Non_fractured,0.5038,Fractured
train,IMG0000418.jpg,Non_fractured,0.0027,Non_fractured,0.0007,Non_fractured,0.0034,Non_fractured,0.0020,Non_fractured
train,IMG0000419.jpg,Non_fractured,0.0031,Non_fractured,0.0003,Non_fractured,0.0082,Non_fractured,0.0032,Non_fractured
train,IMG0000420.jpg,Non_fractured,0.0309,Non_fractured,0.0027,Non_fractured,0.2831,Non_fractured,0.0843,Non_fractured
train,IMG0000421.jpg,Non_fractured,0.4695,Non_fractured,0.5449,Fractured,0.1946,Non_fractured,0.4305,Fractured
train,IMG0000422.jpg,Non_fractured,0.0765,Non_fractured,0.0468,Non_fractured,0.0690,Non_fractured,0.0618,Non_fractured
train,IMG0000425.jpg,Non_fractured,0.0043,Non_fractured,0.0062,Non_fractured,0.0029,Non_fractured,0.0048,Non_fractured
train,IMG0000426.jpg,Non_fractured,0.0026,Non_fractured,0.0002,Non_fractured,0.0076,Non_fractured,0.0028,Non_fractured
train,IMG0000427.jpg,Non_fractured,0.0009,Non_fractured,0.0002,Non_fractured,0.0001,Non_fractured,0.0004,Non_fractured
train,IMG0000429.jpg,Non_fractured,0.0136,Non_fractured,0.0019,Non_fractured,0.2866,Non_fractured,0.0796,Non_fractured
train,IMG0000431.jpg,Non_fractured,0.1437,Non_fractured,0.0092,Non_fractured,0.4178,Non_fractured,0.0990,Non_fractured
train,IMG0000432.jpg,Non_fractured,0.0628,Non_fractured,0.0099,Non_fractured,0.3082,Non_fractured,0.1038,Non_fractured
train,IMG0000433.jpg,Non_fractured,0.0203,Non_fractured,0.0000,Non_fractured,0.0130,Non_fractured,0.0097,Non_fractured
train,IMG0000434.jpg,Non_fractured,0.0155,Non_fractured,0.0022,Non_fractured,0.2826,Non_fractured,0.0792,Non_fractured
train,IMG0000435.jpg,Non_fractured,0.0002,Non_fractured,0.0111,Non_fractured,0.3513,Non_fractured,0.0394,Non_fractured
train,IMG0000437.jpg,Non_fractured,0.0002,Non_fractured,0.0003,Non_fractured,0.0095,Non_fractured,0.0026,Non_fractured
train,IMG0000438.jpg,Non_fractured,0.0005,Non_fractured,0.0000,Non_fractured,0.0152,Non_fractured,0.0041,Non_fractured
train,IMG0000439.jpg,Non_fractured,0.1071,Non_fractured,0.0143,Non_fractured,0.5242,Non_fractured,0.0980,Non_fractured
train,IMG0000441.jpg,Non_fractured,0.1298,Non_fractured,0.0001,Non_fractured,0.1159,Non_fractured,0.0703,Non_fractured
train,IMG0000445.jpg,Non_fractured,0.0004,Non_fractured,0.0029,Non_fractured,0.0080,Non_fractured,0.0034,Non_fractured
train,IMG0000446.jpg,Non_fractured,0.0006,Non_fractured,0.0017,Non_fractured,0.0021,Non_fractured,0.0014,Non_fractured
train,IMG0000447.jpg,Non_fractured,0.1323,Non_fractured,0.0110,Non_fractured,0.2096,Non_fractured,0.1002,Non_fractured
train,IMG0000450.jpg,Non_fractured,0.0422,Non_fractured,0.0064,Non_fractured,0.2401,Non_fractured,0.0782,Non_fractured
train,IMG0000452.jpg,Non_fractured,0.0029,Non_fractured,0.0005,Non_fractured,0.2177,Non_fractured,0.0577,Non_fractured
train,IMG0000457.jpg,Non_fractured,0.1789,Non_fractured,0.0001,Non_fractured,0.0754,Non_fractured,0.0750,Non_fractured
train,IMG0000459.jpg,Non_fractured,0.0014,Non_fractured,0.0013,Non_fractured,0.0072,Non_fractured,0.0029,Non_fractured
train,IMG0000460.jpg,Non_fractured,0.0017,Non_fractured,0.0084,Non_fractured,0.0084,Non_fractured,0.0063,Non_fractured
train,IMG0000461.jpg,Non_fractured,0.0002,Non_fractured,0.0029,Non_fractured,0.0052,Non_fractured,0.0027,Non_fractured
train,IMG0000462.jpg,Non_fractured,0.0009,Non_fractured,0.0002,Non_fractured,0.0066,Non_fractured,0.0021,Non_fractured
train,IMG0000463.jpg,Non_fractured,0.0000,Non_fractured,0.0000,Non_fractured,0.0021,Non_fractured,0.0006,Non_fractured
train,IMG0000464.jpg,Non_fractured,0.0029,Non_fractured,0.0002,Non_fractured,0.0127,Non_fractured,0.0043,Non_fractured
train,IMG0000465.jpg,Non_fractured,0.0028,Non_fractured,0.0039,Non_fractured,0.0228,Non_fractured,0.0085,Non_fractured
train,IMG0000473.jpg,Non_fractured,0.0817,Non_fractured,0.0001,Non_fractured,0.0194,Non_fractured,0.0304,Non_fractured
train,IMG0000474.jpg,Non_fractured,0.0077,Non_fractured,0.0033,Non_fractured,0.0096,Non_fractured,0.0063,Non_fractured
train,IMG0000475.jpg,Non_fractured,0.0331,Non_fractured,0.0001,Non_fractured,0.0071,Non_fractured,0.0121,Non_fractured
train,IMG0000478.jpg,Non_fractured,0.0434,Non_fractured,0.0200,Non_fractured,0.1893,Non_fractured,0.0712,Non_fractured
train,IMG0000482.jpg,Non_fractured,0.0019,Non_fractured,0.0111,Non_fractured,0.0014,Non_fractured,0.0058,Non_fractured
train,IMG0000483.jpg,Non_fractured,0.0027,Non_fractured,0.0002,Non_fractured,0.0026,Non_fractured,0.0016,Non_fractured
train,IMG0000484.jpg,Non_fractured,0.0175,Non_fractured,0.0010,Non_fractured,0.0262,Non_fractured,0.0127,Non_fractured
train,IMG0000488.jpg,Non_fractured,0.0020,Non_fractured,0.0005,Non_fractured,0.0058,Non_fractured,0.0024,Non_fractured
train,IMG0000490.jpg,Non_fractured,0.0036,Non_fractured,0.0259,Non_fractured,0.0641,Non_fractured,0.0289,Non_fractured
train,IMG0000491.jpg,Non_fractured,0.0265,Non_fractured,0.0365,Non_fractured,0.0011,Non_fractured,0.0242,Non_fractured
train,IMG0000493.jpg,Non_fractured,0.0000,Non_fractured,0.0003,Non_fractured,0.0174,Non_fractured,0.0047,Non_fractured
train,IMG0000495.jpg,Non_fractured,0.0219,Non_fractured,0.0001,Non_fractured,0.0361,Non_fractured,0.0162,Non_fractured
train,IMG0000496.jpg,Non_fractured,0.0092,Non_fractured,0.0053,Non_fractured,0.2353,Non_fractured,0.0663,Non_fractured
train,IMG0000497.jpg,Non_fractured,0.0007,Non_fractured,0.0003,Non_fractured,0.0028,Non_fractured,0.0011,Non_fractured
train,IMG0000498.jpg,Non_fractured,0.0029,Non_fractured,0.0022,Non_fractured,0.0045,Non_fractured,0.0030,Non_fractured
train,IMG0000499.jpg,Non_fractured,0.0538,Non_fractured,0.0065,Non_fractured,0.1791,Non_fractured,0.0660,Non_fractured
train,IMG0000500.jpg,Non_fractured,0.0058,Non_fractured,0.0025,Non_fractured,0.0663,Non_fractured,0.0201,Non_fractured
train,IMG0000503.jpg,Non_fractured,0.0229,Non_fractured,0.0038,Non_fractured,0.0033,Non_fractured,0.0096,Non_fractured
train,IMG0000505.jpg,Non_fractured,0.1152,Non_fractured,0.0003,Non_fractured,0.0643,Non_fractured,0.0525,Non_fractured
train,IMG0000506.jpg,Non_fractured,0.1503,Non_fractured,0.0002,Non_fractured,0.0507,Non_fractured,0.0597,Non_fractured
train,IMG0000507.jpg,Non_fractured,0.1264,Non_fractured,0.0010,Non_fractured,0.0064,Non_fractured,0.0412,Non_fractured
train,IMG0000508.jpg,Non_fractured,0.0030,Non_fractured,0.0008,Non_fractured,0.0004,Non_fractured,0.0014,Non_fractured
train,IMG0000509.jpg,Non_fractured,0.0564,Non_fractured,0.0003,Non_fractured,0.0204,Non_fractured,0.0229,Non_fractured
train,IMG0000510.jpg,Non_fractured,0.0159,Non_fractured,0.0002,Non_fractured,0.0313,Non_fractured,0.0132,Non_fractured
train,IMG0000511.jpg,Non_fractured,0.0873,Non_fractured,0.1121,Non_fractured,0.2266,Non_fractured,0.1342,Non_fractured
train,IMG0000512.jpg,Non_fractured,0.6954,Fractured,0.1984,Fractured,0.4399,Non_fractured,0.4735,Fractured
train,IMG0000513.jpg,Non_fractured,0.0118,Non_fractured,0.0155,Non_fractured,0.2144,Non_fractured,0.0661,Non_fractured
train,IMG0000514.jpg,Non_fractured,0.0239,Non_fractured,0.0095,Non_fractured,0.7343,Fractured,0.3844,Non_fractured
train,IMG0000516.jpg,Non_fractured,0.0089,Non_fractured,0.0001,Non_fractured,0.0162,Non_fractured,0.0070,Non_fractured
train,IMG0000517.jpg,Non_fractured,0.0018,Non_fractured,0.0009,Non_fractured,0.0086,Non_fractured,0.0032,Non_fractured
train,IMG0000520.jpg,Non_fractured,0.1706,Non_fractured,0.0093,Non_fractured,0.1068,Non_fractured,0.0845,Non_fractured
train,IMG0000521.jpg,Non_fractured,0.0007,Non_fractured,0.0002,Non_fractured,0.0068,Non_fractured,0.0021,Non_fractured
train,IMG0000522.jpg,Non_fractured,0.0005,Non_fractured,0.0003,Non_fractured,0.0068,Non_fractured,0.0020,Non_fractured
train,IMG0000523.jpg,Non_fractured,0.0289,Non_fractured,0.0018,Non_fractured,0.0813,Non_fractured,0.0309,Non_fractured
train,IMG0000524.jpg,Non_fractured,0.4241,Non_fractured,0.0263,Non_fractured,0.3198,Non_fractured,0.3519,Non_fractured
train,IMG0000525.jpg,Non_fractured,0.0131,Non_fractured,0.0002,Non_fractured,0.2160,Non_fractured,0.0603,Non_fractured
train,IMG0000526.jpg,Non_fractured,0.0027,Non_fractured,0.0014,Non_fractured,0.2077,Non_fractured,0.0554,Non_fractured
train,IMG0000527.jpg,Non_fractured,0.0049,Non_fractured,0.0004,Non_fractured,0.0007,Non_fractured,0.0019,Non_fractured
train,IMG0000528.jpg,Non_fractured,0.0372,Non_fractured,0.0010,Non_fractured,0.0236,Non_fractured,0.0181,Non_fractured
train,IMG0000529.jpg,Non_fractured,0.0226,Non_fractured,0.0034,Non_fractured,0.0589,Non_fractured,0.0237,Non_fractured
train,IMG0000530.jpg,Non_fractured,0.0050,Non_fractured,0.0003,Non_fractured,0.0149,Non_fractured,0.0055,Non_fractured
train,IMG0000531.jpg,Non_fractured,0.0650,Non_fractured,0.0100,Non_fractured,0.0223,Non_fractured,0.0302,Non_fractured
train,IMG0000532.jpg,Non_fractured,0.0130,Non_fractured,0.0018,Non_fractured,0.0610,Non_fractured,0.0206,Non_fractured
train,IMG0000533.jpg,Non_fractured,0.0539,Non_fractured,0.0004,Non_fractured,0.1827,Non_fractured,0.0643,Non_fractured
train,IMG0000534.jpg,Non_fractured,0.0543,Non_fractured,0.0007,Non_fractured,0.1184,Non_fractured,0.0479,Non_fractured
train,IMG0000535.jpg,Non_fractured,0.1886,Non_fractured,0.0023,Non_fractured,0.1521,Non_fractured,0.0989,Non_fractured
train,IMG0000536.jpg,Non_fractured,0.0143,Non_fractured,0.0001,Non_fractured,0.2864,Non_fractured,0.0789,Non_fractured
train,IMG0000538.jpg,Non_fractured,0.0381,Non_fractured,0.0398,Non_fractured,0.0544,Non_fractured,0.0431,Non_fractured
train,IMG0000539.jpg,Non_fractured,0.0749,Non_fractured,0.2494,Fractured,0.1971,Non_fractured,0.1818,Non_fractured
train,IMG0000540.jpg,Non_fractured,0.0290,Non_fractured,0.2012,Fractured,0.1024,Non_fractured,0.1222,Non_fractured
train,IMG0000542.jpg,Non_fractured,0.0158,Non_fractured,0.0183,Non_fractured,0.0415,Non_fractured,0.0235,Non_fractured
train,IMG0000544.jpg,Non_fractured,0.0451,Non_fractured,0.0059,Non_fractured,0.0169,Non_fractured,0.0209,Non_fractured
train,IMG0000545.jpg,Non_fractured,0.0006,Non_fractured,0.0002,Non_fractured,0.1617,Non_fractured,0.0423,Non_fractured
train,IMG0000546.jpg,Non_fractured,0.0002,Non_fractured,0.0002,Non_fractured,0.0749,Non_fractured,0.0196,Non_fractured
train,IMG0000547.jpg,Non_fractured,0.0522,Non_fractured,0.0005,Non_fractured,0.0645,Non_fractured,0.0331,Non_fractured
train,IMG0000548.jpg,Non_fractured,0.1469,Non_fractured,0.0017,Non_fractured,0.0553,Non_fractured,0.0606,Non_fractured
train,IMG0000549.jpg,Non_fractured,0.0042,Non_fractured,0.0005,Non_fractured,0.6764,Fractured,0.3481,Non_fractured
train,IMG0000550.jpg,Non_fractured,0.0070,Non_fractured,0.0016,Non_fractured,0.0198,Non_fractured,0.0080,Non_fractured
train,IMG0000551.jpg,Non_fractured,0.0005,Non_fractured,0.0004,Non_fractured,0.0120,Non_fractured,0.0034,Non_fractured
train,IMG0000552.jpg,Non_fractured,0.1811,Non_fractured,0.0097,Non_fractured,0.6541,Fractured,0.2496,Non_fractured
train,IMG0000553.jpg,Non_fractured,0.1697,Non_fractured,0.0007,Non_fractured,0.0327,Non_fractured,0.0613,Non_fractured
train,IMG0000554.jpg,Non_fractured,0.0105,Non_fractured,0.0121,Non_fractured,0.0056,Non_fractured,0.0099,Non_fractured
train,IMG0000555.jpg,Non_fractured,0.0012,Non_fractured,0.0001,Non_fractured,0.5133,Non_fractured,0.0494,Non_fractured
train,IMG0000558.jpg,Non_fractured,0.0135,Non_fractured,0.0043,Non_fractured,0.0981,Non_fractured,0.0315,Non_fractured
train,IMG0000559.jpg,Non_fractured,0.0271,Non_fractured,0.0009,Non_fractured,0.0210,Non_fractured,0.0143,Non_fractured
train,IMG0000560.jpg,Non_fractured,0.0657,Non_fractured,0.0025,Non_fractured,0.1061,Non_fractured,0.0490,Non_fractured
train,IMG0000562.jpg,Non_fractured,0.0641,Non_fractured,0.0142,Non_fractured,0.0533,Non_fractured,0.0398,Non_fractured
train,IMG0000563.jpg,Non_fractured,0.0611,Non_fractured,0.0267,Non_fractured,0.3909,Non_fractured,0.0745,Non_fractured
train,IMG0000564.jpg,Non_fractured,0.1854,Non_fractured,0.0039,Non_fractured,0.2315,Non_fractured,0.1193,Non_fractured
train,IMG0000565.jpg,Non_fractured,0.0242,Non_fractured,0.0001,Non_fractured,0.0078,Non_fractured,0.0096,Non_fractured
train,IMG0000566.jpg,Non_fractured,0.0757,Non_fractured,0.0038,Non_fractured,0.0399,Non_fractured,0.0354,Non_fractured
train,IMG0000569.jpg,Non_fractured,0.1459,Non_fractured,0.0333,Non_fractured,0.1203,Non_fractured,0.0908,Non_fractured
train,IMG0000570.jpg,Non_fractured,0.0111,Non_fractured,0.0326,Non_fractured,0.0049,Non_fractured,0.0188,Non_fractured
train,IMG0000572.jpg,Non_fractured,0.2673,Non_fractured,0.0032,Non_fractured,0.2742,Non_fractured,0.1554,Non_fractured
train,IMG0000573.jpg,Non_fractured,0.0192,Non_fractured,0.0253,Non_fractured,0.0012,Non_fractured,0.0171,Non_fractured
train,IMG0000574.jpg,Non_fractured,0.0070,Non_fractured,0.0066,Non_fractured,0.0417,Non_fractured,0.0158,Non_fractured
train,IMG0000575.jpg,Non_fractured,0.0005,Non_fractured,0.0015,Non_fractured,0.0125,Non_fractured,0.0041,Non_fractured
train,IMG0000576.jpg,Non_fractured,0.0043,Non_fractured,0.0001,Non_fractured,0.0032,Non_fractured,0.0022,Non_fractured
train,IMG0000577.jpg,Non_fractured,0.0090,Non_fractured,0.0124,Non_fractured,0.0327,Non_fractured,0.0166,Non_fractured
train,IMG0000578.jpg,Non_fractured,0.4075,Non_fractured,0.0973,Non_fractured,0.1856,Non_fractured,0.2162,Non_fractured
train,IMG0000579.jpg,Non_fractured,0.0657,Non_fractured,0.0012,Non_fractured,0.1972,Non_fractured,0.0721,Non_fractured
train,IMG0000580.jpg,Non_fractured,0.2268,Non_fractured,0.0994,Non_fractured,0.2665,Non_fractured,0.1823,Non_fractured
train,IMG0000583.jpg,Non_fractured,0.0026,Non_fractured,0.0094,Non_fractured,0.0007,Non_fractured,0.0050,Non_fractured
train,IMG0000584.jpg,Non_fractured,0.0008,Non_fractured,0.0006,Non_fractured,0.0040,Non_fractured,0.0016,Non_fractured
train,IMG0000585.jpg,Non_fractured,0.0016,Non_fractured,0.0015,Non_fractured,0.0004,Non_fractured,0.0012,Non_fractured
train,IMG0000586.jpg,Non_fractured,0.0004,Non_fractured,0.0030,Non_fractured,0.0035,Non_fractured,0.0023,Non_fractured
train,IMG0000589.jpg,Non_fractured,0.0562,Non_fractured,0.0736,Non_fractured,0.0780,Non_fractured,0.0694,Non_fractured
train,IMG0000590.jpg,Non_fractured,0.1423,Non_fractured,0.0190,Non_fractured,0.1052,Non_fractured,0.0796,Non_fractured
train,IMG0000591.jpg,Non_fractured,0.0253,Non_fractured,0.0020,Non_fractured,0.0033,Non_fractured,0.0096,Non_fractured
train,IMG0000593.jpg,Non_fractured,0.0019,Non_fractured,0.0005,Non_fractured,0.0023,Non_fractured,0.0014,Non_fractured
train,IMG0000594.jpg,Non_fractured,0.0034,Non_fractured,0.0021,Non_fractured,0.0058,Non_fractured,0.0035,Non_fractured
train,IMG0000595.jpg,Non_fractured,0.0002,Non_fractured,0.0017,Non_fractured,0.0336,Non_fractured,0.0096,Non_fractured
train,IMG0000597.jpg,Non_fractured,0.4350,Non_fractured,0.0329,Non_fractured,0.2276,Non_fractured,0.2079,Non_fractured
train,IMG0000598.jpg,Non_fractured,0.4185,Non_fractured,0.1007,Non_fractured,0.4607,Non_fractured,0.4141,Fractured
train,IMG0000601.jpg,Non_fractured,0.2458,Non_fractured,0.0030,Non_fractured,0.3320,Non_fractured,0.1637,Non_fractured
train,IMG0000602.jpg,Non_fractured,0.6068,Fractured,0.0104,Non_fractured,0.5510,Fractured,0.5052,Fractured
train,IMG0000603.jpg,Non_fractured,0.0118,Non_fractured,0.0039,Non_fractured,0.0409,Non_fractured,0.0160,Non_fractured
train,IMG0000604.jpg,Non_fractured,0.6946,Fractured,0.0043,Non_fractured,0.4945,Non_fractured,0.4881,Fractured
train,IMG0000605.jpg,Non_fractured,0.0638,Non_fractured,0.0005,Non_fractured,0.5491,Fractured,0.0767,Non_fractured
train,IMG0000606.jpg,Non_fractured,0.1177,Non_fractured,0.0178,Non_fractured,0.1810,Non_fractured,0.0911,Non_fractured
train,IMG0000607.jpg,Non_fractured,0.0041,Non_fractured,0.0000,Non_fractured,0.1120,Non_fractured,0.0304,Non_fractured
train,IMG0000608.jpg,Non_fractured,0.0192,Non_fractured,0.0002,Non_fractured,0.0078,Non_fractured,0.0081,Non_fractured
train,IMG0000610.jpg,Non_fractured,0.1314,Non_fractured,0.0046,Non_fractured,0.3848,Non_fractured,0.0888,Non_fractured
train,IMG0000611.jpg,Non_fractured,0.1370,Non_fractured,0.0066,Non_fractured,0.0788,Non_fractured,0.0657,Non_fractured
train,IMG0000612.jpg,Non_fractured,0.0422,Non_fractured,0.0000,Non_fractured,0.0814,Non_fractured,0.0342,Non_fractured
train,IMG0000613.jpg,Non_fractured,0.0071,Non_fractured,0.0005,Non_fractured,0.0075,Non_fractured,0.0044,Non_fractured
train,IMG0000614.jpg,Non_fractured,0.1357,Non_fractured,0.0029,Non_fractured,0.0059,Non_fractured,0.0447,Non_fractured
train,IMG0000616.jpg,Non_fractured,0.0255,Non_fractured,0.0007,Non_fractured,0.0358,Non_fractured,0.0175,Non_fractured
train,IMG0000617.jpg,Non_fractured,0.0002,Non_fractured,0.0002,Non_fractured,0.0285,Non_fractured,0.0075,Non_fractured
train,IMG0000618.jpg,Non_fractured,0.0648,Non_fractured,0.0057,Non_fractured,0.1355,Non_fractured,0.0577,Non_fractured
train,IMG0000619.jpg,Non_fractured,0.0631,Non_fractured,0.0106,Non_fractured,0.2206,Non_fractured,0.0814,Non_fractured
train,IMG0000621.jpg,Non_fractured,0.6317,Fractured,0.0226,Non_fractured,0.6723,Fractured,0.5781,Fractured
train,IMG0000622.jpg,Non_fractured,0.0035,Non_fractured,0.0012,Non_fractured,0.0165,Non_fractured,0.0059,Non_fractured
train,IMG0000624.jpg,Non_fractured,0.0433,Non_fractured,0.0000,Non_fractured,0.0955,Non_fractured,0.0383,Non_fractured
train,IMG0000625.jpg,Non_fractured,0.0942,Non_fractured,0.0073,Non_fractured,0.5882,Fractured,0.1750,Non_fractured
train,IMG0000626.jpg,Non_fractured,0.2096,Non_fractured,0.0281,Non_fractured,0.0483,Non_fractured,0.0895,Non_fractured
train,IMG0000627.jpg,Non_fractured,0.0095,Non_fractured,0.0019,Non_fractured,0.0192,Non_fractured,0.0088,Non_fractured
train,IMG0000628.jpg,Non_fractured,0.0233,Non_fractured,0.0018,Non_fractured,0.0079,Non_fractured,0.0101,Non_fractured
train,IMG0000629.jpg,Non_fractured,0.0377,Non_fractured,0.0016,Non_fractured,0.0446,Non_fractured,0.0239,Non_fractured
train,IMG0000630.jpg,Non_fractured,0.0109,Non_fractured,0.0539,Non_fractured,0.0579,Non_fractured,0.0416,Non_fractured
train,IMG0000631.jpg,Non_fractured,0.0007,Non_fractured,0.0001,Non_fractured,0.0138,Non_fractured,0.0039,Non_fractured
train,IMG0000632.jpg,Non_fractured,0.0018,Non_fractured,0.0007,Non_fractured,0.0042,Non_fractured,0.0019,Non_fractured
train,IMG0000633.jpg,Non_fractured,0.0050,Non_fractured,0.0017,Non_fractured,0.0017,Non_fractured,0.0027,Non_fractured
train,IMG0000635.jpg,Non_fractured,0.0006,Non_fractured,0.0001,Non_fractured,0.0077,Non_fractured,0.0022,Non_fractured
train,IMG0000636.jpg,Non_fractured,0.0115,Non_fractured,0.0042,Non_fractured,0.0013,Non_fractured,0.0057,Non_fractured
train,IMG0000637.jpg,Non_fractured,0.0346,Non_fractured,0.0003,Non_fractured,0.0233,Non_fractured,0.0169,Non_fractured
train,IMG0000638.jpg,Non_fractured,0.0241,Non_fractured,0.0017,Non_fractured,0.0032,Non_fractured,0.0090,Non_fractured
train,IMG0000639.jpg,Non_fractured,0.1105,Non_fractured,0.0045,Non_fractured,0.1332,Non_fractured,0.0708,Non_fractured
train,IMG0000640.jpg,Non_fractured,0.0550,Non_fractured,0.0011,Non_fractured,0.0829,Non_fractured,0.0390,Non_fractured
train,IMG0000641.jpg,Non_fractured,0.0218,Non_fractured,0.0049,Non_fractured,0.2553,Non_fractured,0.0753,Non_fractured
train,IMG0000642.jpg,Non_fractured,0.0851,Non_fractured,0.0029,Non_fractured,0.0621,Non_fractured,0.0437,Non_fractured
train,IMG0000643.jpg,Non_fractured,0.0978,Non_fractured,0.0033,Non_fractured,0.0241,Non_fractured,0.0380,Non_fractured
train,IMG0000644.jpg,Non_fractured,0.1102,Non_fractured,0.0137,Non_fractured,0.4500,Non_fractured,0.0918,Non_fractured
train,IMG0000645.jpg,Non_fractured,0.4483,Non_fractured,0.0435,Non_fractured,0.1099,Non_fractured,0.1135,Non_fractured
train,IMG0000646.jpg,Non_fractured,0.0043,Non_fractured,0.0003,Non_fractured,0.0025,Non_fractured,0.0021,Non_fractured
train,IMG0000647.jpg,Non_fractured,0.0030,Non_fractured,0.0001,Non_fractured,0.0908,Non_fractured,0.0246,Non_fractured
train,IMG0000648.jpg,Non_fractured,0.0350,Non_fractured,0.0010,Non_fractured,0.0542,Non_fractured,0.0254,Non_fractured
train,IMG0000649.jpg,Non_fractured,0.0054,Non_fractured,0.0074,Non_fractured,0.0013,Non_fractured,0.0052,Non_fractured
train,IMG0000650.jpg,Non_fractured,0.0023,Non_fractured,0.0002,Non_fractured,0.0049,Non_fractured,0.0021,Non_fractured
train,IMG0000651.jpg,Non_fractured,0.0182,Non_fractured,0.0002,Non_fractured,0.0002,Non_fractured,0.0058,Non_fractured
train,IMG0000654.jpg,Non_fractured,0.0511,Non_fractured,0.0010,Non_fractured,0.0019,Non_fractured,0.0167,Non_fractured
train,IMG0000656.jpg,Non_fractured,0.0024,Non_fractured,0.0002,Non_fractured,0.0085,Non_fractured,0.0030,Non_fractured
train,IMG0000657.jpg,Non_fractured,0.1023,Non_fractured,0.0008,Non_fractured,0.1837,Non_fractured,0.0798,Non_fractured
train,IMG0000658.jpg,Non_fractured,0.0570,Non_fractured,0.0019,Non_fractured,0.0922,Non_fractured,0.0424,Non_fractured
train,IMG0000660.jpg,Non_fractured,0.1216,Non_fractured,0.0002,Non_fractured,0.0429,Non_fractured,0.0489,Non_fractured
train,IMG0000661.jpg,Non_fractured,0.7442,Fractured,0.0062,Non_fractured,0.5589,Fractured,0.5422,Fractured
train,IMG0000662.jpg,Non_fractured,0.4088,Non_fractured,0.1719,Non_fractured,0.4276,Non_fractured,0.3117,Non_fractured
train,IMG0000663.jpg,Non_fractured,0.2479,Non_fractured,0.0054,Non_fractured,0.5769,Fractured,0.2833,Non_fractured
train,IMG0000664.jpg,Non_fractured,0.0046,Non_fractured,0.0002,Non_fractured,0.0024,Non_fractured,0.0021,Non_fractured
train,IMG0000665.jpg,Non_fractured,0.0113,Non_fractured,0.0006,Non_fractured,0.0071,Non_fractured,0.0056,Non_fractured
train,IMG0000666.jpg,Non_fractured,0.5592,Fractured,0.0007,Non_fractured,0.1765,Non_fractured,0.2471,Non_fractured
train,IMG0000667.jpg,Non_fractured,0.0185,Non_fractured,0.0295,Non_fractured,0.0481,Non_fractured,0.0309,Non_fractured
train,IMG0000668.jpg,Non_fractured,0.0072,Non_fractured,0.0040,Non_fractured,0.0028,Non_fractured,0.0047,Non_fractured
train,IMG0000669.jpg,Non_fractured,0.1192,Non_fractured,0.0000,Non_fractured,0.2092,Non_fractured,0.0913,Non_fractured
train,IMG0000670.jpg,Non_fractured,0.1518,Non_fractured,0.0030,Non_fractured,0.1350,Non_fractured,0.0833,Non_fractured
train,IMG0000672.jpg,Non_fractured,0.0000,Non_fractured,0.0021,Non_fractured,0.0549,Non_fractured,0.0152,Non_fractured
train,IMG0000673.jpg,Non_fractured,0.0037,Non_fractured,0.0000,Non_fractured,0.1010,Non_fractured,0.0274,Non_fractured
train,IMG0000674.jpg,Non_fractured,0.0238,Non_fractured,0.0021,Non_fractured,0.0652,Non_fractured,0.0252,Non_fractured
train,IMG0000675.jpg,Non_fractured,0.6645,Fractured,0.0092,Non_fractured,0.2304,Non_fractured,0.3081,Non_fractured
train,IMG0000677.jpg,Non_fractured,0.1251,Non_fractured,0.1035,Non_fractured,0.3979,Non_fractured,0.1867,Non_fractured
train,IMG0000678.jpg,Non_fractured,0.3943,Non_fractured,0.0130,Non_fractured,0.5362,Fractured,0.3819,Non_fractured
train,IMG0000679.jpg,Non_fractured,0.0022,Non_fractured,0.0009,Non_fractured,0.1684,Non_fractured,0.0449,Non_fractured
train,IMG0000680.jpg,Non_fractured,0.0009,Non_fractured,0.0004,Non_fractured,0.1846,Non_fractured,0.0484,Non_fractured
train,IMG0000681.jpg,Non_fractured,0.0000,Non_fractured,0.0001,Non_fractured,0.0398,Non_fractured,0.0104,Non_fractured
train,IMG0000682.jpg,Non_fractured,0.0094,Non_fractured,0.0010,Non_fractured,0.0139,Non_fractured,0.0069,Non_fractured
train,IMG0000685.jpg,Non_fractured,0.0011,Non_fractured,0.0002,Non_fractured,0.0038,Non_fractured,0.0014,Non_fractured
train,IMG0000687.jpg,Non_fractured,0.0052,Non_fractured,0.0069,Non_fractured,0.0001,Non_fractured,0.0046,Non_fractured
train,IMG0000688.jpg,Non_fractured,0.0020,Non_fractured,0.0004,Non_fractured,0.0025,Non_fractured,0.0015,Non_fractured
train,IMG0000689.jpg,Non_fractured,0.0110,Non_fractured,0.0123,Non_fractured,0.0009,Non_fractured,0.0089,Non_fractured
train,IMG0000690.jpg,Non_fractured,0.4319,Non_fractured,0.0037,Non_fractured,0.1326,Non_fractured,0.0972,Non_fractured
train,IMG0000691.jpg,Non_fractured,0.1816,Non_fractured,0.0033,Non_fractured,0.2183,Non_fractured,0.1144,Non_fractured
train,IMG0000693.jpg,Non_fractured,0.1044,Non_fractured,0.0001,Non_fractured,0.0639,Non_fractured,0.0489,Non_fractured
train,IMG0000694.jpg,Non_fractured,0.0076,Non_fractured,0.0004,Non_fractured,0.0606,Non_fractured,0.0183,Non_fractured
train,IMG0000696.jpg,Non_fractured,0.1537,Non_fractured,0.0136,Non_fractured,0.4877,Non_fractured,0.1118,Non_fractured
train,IMG0000699.jpg,Non_fractured,0.1413,Non_fractured,0.0038,Non_fractured,0.2407,Non_fractured,0.1079,Non_fractured
train,IMG0000700.jpg,Non_fractured,0.0129,Non_fractured,0.0010,Non_fractured,0.1814,Non_fractured,0.0516,Non_fractured
train,IMG0000701.jpg,Non_fractured,0.5597,Fractured,0.1190,Non_fractured,0.8616,Fractured,0.5703,Fractured
train,IMG0000706.jpg,Non_fractured,0.0090,Non_fractured,0.0001,Non_fractured,0.0736,Non_fractured,0.0220,Non_fractured
train,IMG0000708.jpg,Non_fractured,0.0279,Non_fractured,0.0021,Non_fractured,0.0144,Non_fractured,0.0133,Non_fractured
train,IMG0000709.jpg,Non_fractured,0.0209,Non_fractured,0.0011,Non_fractured,0.0008,Non_fractured,0.0071,Non_fractured
train,IMG0000710.jpg,Non_fractured,0.0055,Non_fractured,0.0007,Non_fractured,0.0599,Non_fractured,0.0176,Non_fractured
train,IMG0000711.jpg,Non_fractured,0.0172,Non_fractured,0.0004,Non_fractured,0.0433,Non_fractured,0.0167,Non_fractured
train,IMG0000712.jpg,Non_fractured,0.0020,Non_fractured,0.0006,Non_fractured,0.0116,Non_fractured,0.0039,Non_fractured
train,IMG0000714.jpg,Non_fractured,0.0459,Non_fractured,0.0654,Non_fractured,0.5299,Fractured,0.1023,Non_fractured
train,IMG0000715.jpg,Non_fractured,0.0189,Non_fractured,0.0024,Non_fractured,0.0295,Non_fractured,0.0146,Non_fractured
train,IMG0000716.jpg,Non_fractured,0.0125,Non_fractured,0.0043,Non_fractured,0.0429,Non_fractured,0.0169,Non_fractured
train,IMG0000719.jpg,Non_fractured,0.4219,Non_fractured,0.0744,Non_fractured,0.5152,Non_fractured,0.4370,Fractured
train,IMG0000720.jpg,Non_fractured,0.0269,Non_fractured,0.0303,Non_fractured,0.0691,Non_fractured,0.0393,Non_fractured
train,IMG0000722.jpg,Non_fractured,0.0013,Non_fractured,0.0016,Non_fractured,0.0033,Non_fractured,0.0020,Non_fractured
train,IMG0000723.jpg,Non_fractured,0.0044,Non_fractured,0.0003,Non_fractured,0.0841,Non_fractured,0.0233,Non_fractured
train,IMG0000724.jpg,Non_fractured,0.0511,Non_fractured,0.1472,Non_fractured,0.3958,Non_fractured,0.1821,Non_fractured
train,IMG0000725.jpg,Non_fractured,0.0211,Non_fractured,0.0019,Non_fractured,0.0836,Non_fractured,0.0291,Non_fractured
train,IMG0000727.jpg,Non_fractured,0.0032,Non_fractured,0.0005,Non_fractured,0.0254,Non_fractured,0.0078,Non_fractured
train,IMG0000729.jpg,Non_fractured,0.0247,Non_fractured,0.0005,Non_fractured,0.0325,Non_fractured,0.0163,Non_fractured
train,IMG0000730.jpg,Non_fractured,0.0073,Non_fractured,0.0006,Non_fractured,0.0036,Non_fractured,0.0035,Non_fractured
train,IMG0000731.jpg,Non_fractured,0.0125,Non_fractured,0.0011,Non_fractured,0.0014,Non_fractured,0.0047,Non_fractured
train,IMG0000732.jpg,Non_fractured,0.0023,Non_fractured,0.0067,Non_fractured,0.0622,Non_fractured,0.0198,Non_fractured
train,IMG0000734.jpg,Non_fractured,0.0003,Non_fractured,0.0002,Non_fractured,0.0005,Non_fractured,0.0003,Non_fractured
train,IMG0000735.jpg,Non_fractured,0.0093,Non_fractured,0.0021,Non_fractured,0.0015,Non_fractured,0.0042,Non_fractured
train,IMG0000736.jpg,Non_fractured,0.0577,Non_fractured,0.0033,Non_fractured,0.0564,Non_fractured,0.0339,Non_fractured
train,IMG0000737.jpg,Non_fractured,0.0533,Non_fractured,0.0024,Non_fractured,0.0631,Non_fractured,0.0339,Non_fractured
train,IMG0000738.jpg,Non_fractured,0.0082,Non_fractured,0.0002,Non_fractured,0.0017,Non_fractured,0.0031,Non_fractured
train,IMG0000739.jpg,Non_fractured,0.0125,Non_fractured,0.0000,Non_fractured,0.0403,Non_fractured,0.0144,Non_fractured
train,IMG0000740.jpg,Non_fractured,0.0313,Non_fractured,0.0007,Non_fractured,0.1221,Non_fractured,0.0417,Non_fractured
train,IMG0000741.jpg,Non_fractured,0.0431,Non_fractured,0.0018,Non_fractured,0.1554,Non_fractured,0.0545,Non_fractured
train,IMG0000742.jpg,Non_fractured,0.0315,Non_fractured,0.0001,Non_fractured,0.0175,Non_fractured,0.0143,Non_fractured
train,IMG0000743.jpg,Non_fractured,0.0699,Non_fractured,0.0005,Non_fractured,0.0691,Non_fractured,0.0398,Non_fractured
train,IMG0000744.jpg,Non_fractured,0.0067,Non_fractured,0.0001,Non_fractured,0.0471,Non_fractured,0.0143,Non_fractured
train,IMG0000745.jpg,Non_fractured,0.0009,Non_fractured,0.0005,Non_fractured,0.0035,Non_fractured,0.0014,Non_fractured
train,IMG0000746.jpg,Non_fractured,0.0057,Non_fractured,0.0043,Non_fractured,0.0001,Non_fractured,0.0036,Non_fractured
train,IMG0000748.jpg,Non_fractured,0.0606,Non_fractured,0.0009,Non_fractured,0.0269,Non_fractured,0.0261,Non_fractured
train,IMG0000749.jpg,Non_fractured,0.1782,Non_fractured,0.0025,Non_fractured,0.5778,Fractured,0.2331,Non_fractured
train,IMG0000752.jpg,Non_fractured,0.0243,Non_fractured,0.0010,Non_fractured,0.0076,Non_fractured,0.0099,Non_fractured
train,IMG0000753.jpg,Non_fractured,0.0096,Non_fractured,0.0035,Non_fractured,0.0039,Non_fractured,0.0055,Non_fractured
train,IMG0000755.jpg,Non_fractured,0.8866,Fractured,0.0142,Non_fractured,0.3091,Non_fractured,0.4124,Fractured
train,IMG0000756.jpg,Non_fractured,0.0008,Non_fractured,0.0012,Non_fractured,0.0564,Non_fractured,0.0154,Non_fractured
train,IMG0000757.jpg,Non_fractured,0.0011,Non_fractured,0.0004,Non_fractured,0.0024,Non_fractured,0.0012,Non_fractured
train,IMG0000759.jpg,Non_fractured,0.3340,Non_fractured,0.0099,Non_fractured,0.5598,Fractured,0.3425,Non_fractured
train,IMG0000760.jpg,Non_fractured,0.2741,Non_fractured,0.0046,Non_fractured,0.4468,Non_fractured,0.3285,Non_fractured
train,IMG0000761.jpg,Non_fractured,0.8776,Fractured,0.1886,Fractured,0.9048,Fractured,0.7488,Fractured
train,IMG0000764.jpg,Non_fractured,0.0022,Non_fractured,0.0000,Non_fractured,0.0051,Non_fractured,0.0020,Non_fractured
train,IMG0000765.jpg,Non_fractured,0.1291,Non_fractured,0.0111,Non_fractured,0.0131,Non_fractured,0.0481,Non_fractured
train,IMG0000766.jpg,Non_fractured,0.0261,Non_fractured,0.0217,Non_fractured,0.0091,Non_fractured,0.0198,Non_fractured
train,IMG0000767.jpg,Non_fractured,0.0451,Non_fractured,0.0090,Non_fractured,0.0399,Non_fractured,0.0282,Non_fractured
train,IMG0000768.jpg,Non_fractured,0.1015,Non_fractured,0.0207,Non_fractured,0.0923,Non_fractured,0.0643,Non_fractured
train,IMG0000770.jpg,Non_fractured,0.0038,Non_fractured,0.0003,Non_fractured,0.0306,Non_fractured,0.0093,Non_fractured
train,IMG0000771.jpg,Non_fractured,0.4561,Non_fractured,0.0794,Non_fractured,0.7014,Fractured,0.4629,Fractured
train,IMG0000772.jpg,Non_fractured,0.0126,Non_fractured,0.0018,Non_fractured,0.0005,Non_fractured,0.0048,Non_fractured
train,IMG0000773.jpg,Non_fractured,0.0017,Non_fractured,0.0112,Non_fractured,0.0288,Non_fractured,0.0129,Non_fractured
train,IMG0000774.jpg,Non_fractured,0.0184,Non_fractured,0.0026,Non_fractured,0.0213,Non_fractured,0.0124,Non_fractured
train,IMG0000775.jpg,Non_fractured,0.0007,Non_fractured,0.0004,Non_fractured,0.0052,Non_fractured,0.0018,Non_fractured
train,IMG0000778.jpg,Non_fractured,0.0001,Non_fractured,0.0002,Non_fractured,0.0140,Non_fractured,0.0038,Non_fractured
train,IMG0000780.jpg,Non_fractured,0.0085,Non_fractured,0.0008,Non_fractured,0.0700,Non_fractured,0.0212,Non_fractured
train,IMG0000781.jpg,Non_fractured,0.0001,Non_fractured,0.0010,Non_fractured,0.0072,Non_fractured,0.0023,Non_fractured
train,IMG0000782.jpg,Non_fractured,0.0252,Non_fractured,0.0000,Non_fractured,0.3165,Non_fractured,0.0901,Non_fractured
train,IMG0000783.jpg,Non_fractured,0.1322,Non_fractured,0.0061,Non_fractured,0.0761,Non_fractured,0.0633,Non_fractured
train,IMG0000785.jpg,Non_fractured,0.0019,Non_fractured,0.0003,Non_fractured,0.0073,Non_fractured,0.0026,Non_fractured
train,IMG0000786.jpg,Non_fractured,0.0127,Non_fractured,0.0014,Non_fractured,0.0159,Non_fractured,0.0087,Non_fractured
train,IMG0000787.jpg,Non_fractured,0.0586,Non_fractured,0.0006,Non_fractured,0.0099,Non_fractured,0.0210,Non_fractured
train,IMG0000788.jpg,Non_fractured,0.0013,Non_fractured,0.0014,Non_fractured,0.0288,Non_fractured,0.0085,Non_fractured
train,IMG0000789.jpg,Non_fractured,0.0981,Non_fractured,0.0080,Non_fractured,0.0601,Non_fractured,0.0494,Non_fractured
train,IMG0000791.jpg,Non_fractured,0.2404,Non_fractured,0.0003,Non_fractured,0.2506,Non_fractured,0.1396,Non_fractured
train,IMG0000792.jpg,Non_fractured,0.1199,Non_fractured,0.0040,Non_fractured,0.0783,Non_fractured,0.0592,Non_fractured
train,IMG0000794.jpg,Non_fractured,0.0949,Non_fractured,0.0684,Non_fractured,0.0933,Non_fractured,0.0831,Non_fractured
train,IMG0000795.jpg,Non_fractured,0.1380,Non_fractured,0.0018,Non_fractured,0.0918,Non_fractured,0.0673,Non_fractured
train,IMG0000796.jpg,Non_fractured,0.0056,Non_fractured,0.0011,Non_fractured,0.0284,Non_fractured,0.0096,Non_fractured
train,IMG0000797.jpg,Non_fractured,0.1045,Non_fractured,0.0009,Non_fractured,0.1444,Non_fractured,0.0703,Non_fractured
train,IMG0000798.jpg,Non_fractured,0.3695,Non_fractured,0.0024,Non_fractured,0.1518,Non_fractured,0.1548,Non_fractured
train,IMG0000799.jpg,Non_fractured,0.2753,Non_fractured,0.0037,Non_fractured,0.5318,Fractured,0.2946,Non_fractured
train,IMG0000800.jpg,Non_fractured,0.0660,Non_fractured,0.0024,Non_fractured,0.5383,Fractured,0.0776,Non_fractured
train,IMG0000802.jpg,Non_fractured,0.1002,Non_fractured,0.0004,Non_fractured,0.0340,Non_fractured,0.0400,Non_fractured
train,IMG0000803.jpg,Non_fractured,0.2813,Non_fractured,0.0010,Non_fractured,0.0784,Non_fractured,0.1078,Non_fractured
train,IMG0000806.jpg,Non_fractured,0.0560,Non_fractured,0.0007,Non_fractured,0.4572,Non_fractured,0.0651,Non_fractured
train,IMG0000807.jpg,Non_fractured,0.0355,Non_fractured,0.0204,Non_fractured,0.1378,Non_fractured,0.0556,Non_fractured
train,IMG0000808.jpg,Non_fractured,0.0107,Non_fractured,0.0003,Non_fractured,0.0360,Non_fractured,0.0128,Non_fractured
train,IMG0000809.jpg,Non_fractured,0.0227,Non_fractured,0.0022,Non_fractured,0.0633,Non_fractured,0.0244,Non_fractured
train,IMG0000810.jpg,Non_fractured,0.0071,Non_fractured,0.0027,Non_fractured,0.0928,Non_fractured,0.0275,Non_fractured
train,IMG0000811.jpg,Non_fractured,0.1065,Non_fractured,0.0006,Non_fractured,0.1124,Non_fractured,0.0624,Non_fractured
train,IMG0000812.jpg,Non_fractured,0.0079,Non_fractured,0.0001,Non_fractured,0.2249,Non_fractured,0.0609,Non_fractured
train,IMG0000814.jpg,Non_fractured,0.1149,Non_fractured,0.0032,Non_fractured,0.0751,Non_fractured,0.0564,Non_fractured
train,IMG0000815.jpg,Non_fractured,0.0263,Non_fractured,0.0001,Non_fractured,0.0809,Non_fractured,0.0292,Non_fractured
train,IMG0000816.jpg,Non_fractured,0.6112,Fractured,0.0004,Non_fractured,0.0179,Non_fractured,0.0786,Non_fractured
train,IMG0000817.jpg,Non_fractured,0.0237,Non_fractured,0.0001,Non_fractured,0.0201,Non_fractured,0.0126,Non_fractured
train,IMG0000818.jpg,Non_fractured,0.3120,Non_fractured,0.5142,Fractured,0.4833,Non_fractured,0.4436,Fractured
train,IMG0000819.jpg,Non_fractured,0.3319,Non_fractured,0.0192,Non_fractured,0.1413,Non_fractured,0.1477,Non_fractured
train,IMG0000820.jpg,Non_fractured,0.0346,Non_fractured,0.0009,Non_fractured,0.0095,Non_fractured,0.0135,Non_fractured
train,IMG0000821.jpg,Non_fractured,0.0003,Non_fractured,0.0002,Non_fractured,0.0020,Non_fractured,0.0007,Non_fractured
train,IMG0000823.jpg,Non_fractured,0.0722,Non_fractured,0.0004,Non_fractured,0.0627,Non_fractured,0.0388,Non_fractured
train,IMG0000825.jpg,Non_fractured,0.0130,Non_fractured,0.0029,Non_fractured,0.0115,Non_fractured,0.0083,Non_fractured
train,IMG0000826.jpg,Non_fractured,0.0042,Non_fractured,0.0013,Non_fractured,0.1016,Non_fractured,0.0283,Non_fractured
train,IMG0000827.jpg,Non_fractured,0.0119,Non_fractured,0.0011,Non_fractured,0.0207,Non_fractured,0.0095,Non_fractured
train,IMG0000828.jpg,Non_fractured,0.0234,Non_fractured,0.0042,Non_fractured,0.0214,Non_fractured,0.0146,Non_fractured
train,IMG0000829.jpg,Non_fractured,0.1575,Non_fractured,0.0194,Non_fractured,0.0113,Non_fractured,0.0600,Non_fractured
train,IMG0000830.jpg,Non_fractured,0.0062,Non_fractured,0.0014,Non_fractured,0.0034,Non_fractured,0.0034,Non_fractured
train,IMG0000831.jpg,Non_fractured,0.0244,Non_fractured,0.0052,Non_fractured,0.2665,Non_fractured,0.0791,Non_fractured
train,IMG0000832.jpg,Non_fractured,0.0074,Non_fractured,0.0016,Non_fractured,0.0461,Non_fractured,0.0150,Non_fractured
train,IMG0000833.jpg,Non_fractured,0.0352,Non_fractured,0.0048,Non_fractured,0.0197,Non_fractured,0.0181,Non_fractured
train,IMG0000834.jpg,Non_fractured,0.1566,Non_fractured,0.2034,Fractured,0.3864,Non_fractured,0.2365,Non_fractured
train,IMG0000835.jpg,Non_fractured,0.0621,Non_fractured,0.0210,Non_fractured,0.5316,Fractured,0.0852,Non_fractured
train,IMG0000836.jpg,Non_fractured,0.1329,Non_fractured,0.0198,Non_fractured,0.0059,Non_fractured,0.0512,Non_fractured
train,IMG0000837.jpg,Non_fractured,0.0385,Non_fractured,0.0012,Non_fractured,0.2152,Non_fractured,0.0684,Non_fractured
train,IMG0000838.jpg,Non_fractured,0.5048,Non_fractured,0.0003,Non_fractured,0.3557,Non_fractured,0.3520,Non_fractured
train,IMG0000839.jpg,Non_fractured,0.4368,Non_fractured,0.0006,Non_fractured,0.1817,Non_fractured,0.1124,Non_fractured
train,IMG0000843.jpg,Non_fractured,0.0048,Non_fractured,0.0030,Non_fractured,0.0062,Non_fractured,0.0044,Non_fractured
train,IMG0000846.jpg,Non_fractured,0.4064,Non_fractured,0.0203,Non_fractured,0.3116,Non_fractured,0.3390,Non_fractured
train,IMG0000847.jpg,Non_fractured,0.8384,Fractured,0.2669,Fractured,0.8634,Fractured,0.8088,Fractured
train,IMG0000848.jpg,Non_fractured,0.0494,Non_fractured,0.0004,Non_fractured,0.0594,Non_fractured,0.0309,Non_fractured
train,IMG0000853.jpg,Non_fractured,0.0349,Non_fractured,0.0009,Non_fractured,0.0114,Non_fractured,0.0141,Non_fractured
train,IMG0000855.jpg,Non_fractured,0.0104,Non_fractured,0.0079,Non_fractured,0.0003,Non_fractured,0.0067,Non_fractured
train,IMG0000856.jpg,Non_fractured,0.0016,Non_fractured,0.0011,Non_fractured,0.0040,Non_fractured,0.0020,Non_fractured
train,IMG0000857.jpg,Non_fractured,0.0009,Non_fractured,0.0002,Non_fractured,0.0063,Non_fractured,0.0020,Non_fractured
train,IMG0000859.jpg,Non_fractured,0.0453,Non_fractured,0.0004,Non_fractured,0.4445,Non_fractured,0.0597,Non_fractured
train,IMG0000860.jpg,Non_fractured,0.0007,Non_fractured,0.0006,Non_fractured,0.0119,Non_fractured,0.0036,Non_fractured
train,IMG0000861.jpg,Non_fractured,0.0054,Non_fractured,0.0010,Non_fractured,0.0141,Non_fractured,0.0058,Non_fractured
train,IMG0000862.jpg,Non_fractured,0.0218,Non_fractured,0.0000,Non_fractured,0.0312,Non_fractured,0.0149,Non_fractured
train,IMG0000864.jpg,Non_fractured,0.1569,Non_fractured,0.0329,Non_fractured,0.0840,Non_fractured,0.0845,Non_fractured
train,IMG0000865.jpg,Non_fractured,0.0059,Non_fractured,0.0002,Non_fractured,0.0596,Non_fractured,0.0174,Non_fractured
train,IMG0000866.jpg,Non_fractured,0.0575,Non_fractured,0.0001,Non_fractured,0.0308,Non_fractured,0.0258,Non_fractured
train,IMG0000867.jpg,Non_fractured,0.0049,Non_fractured,0.0001,Non_fractured,0.0043,Non_fractured,0.0026,Non_fractured
train,IMG0000868.jpg,Non_fractured,0.1042,Non_fractured,0.0010,Non_fractured,0.0185,Non_fractured,0.0375,Non_fractured
train,IMG0000869.jpg,Non_fractured,0.0035,Non_fractured,0.0000,Non_fractured,0.0103,Non_fractured,0.0038,Non_fractured
train,IMG0000870.jpg,Non_fractured,0.0197,Non_fractured,0.0005,Non_fractured,0.0273,Non_fractured,0.0134,Non_fractured
train,IMG0000871.jpg,Non_fractured,0.0022,Non_fractured,0.0039,Non_fractured,0.0074,Non_fractured,0.0043,Non_fractured
train,IMG0000872.jpg,Non_fractured,0.0002,Non_fractured,0.0056,Non_fractured,0.0027,Non_fractured,0.0032,Non_fractured
train,IMG0000873.jpg,Non_fractured,0.0234,Non_fractured,0.0003,Non_fractured,0.1461,Non_fractured,0.0454,Non_fractured
train,IMG0000875.jpg,Non_fractured,0.0411,Non_fractured,0.0004,Non_fractured,0.6577,Fractured,0.1487,Non_fractured
train,IMG0000876.jpg,Non_fractured,0.0015,Non_fractured,0.0000,Non_fractured,0.0025,Non_fractured,0.0011,Non_fractured
train,IMG0000877.jpg,Non_fractured,0.3267,Non_fractured,0.0148,Non_fractured,0.0023,Non_fractured,0.0476,Non_fractured
train,IMG0000878.jpg,Non_fractured,0.0011,Non_fractured,0.0293,Non_fractured,0.0374,Non_fractured,0.0227,Non_fractured
train,IMG0000879.jpg,Non_fractured,0.0078,Non_fractured,0.0011,Non_fractured,0.0292,Non_fractured,0.0105,Non_fractured
train,IMG0000880.jpg,Non_fractured,0.0051,Non_fractured,0.0219,Non_fractured,0.0011,Non_fractured,0.0113,Non_fractured
train,IMG0000883.jpg,Non_fractured,0.0947,Non_fractured,0.0027,Non_fractured,0.5156,Non_fractured,0.0864,Non_fractured
train,IMG0000885.jpg,Non_fractured,0.0116,Non_fractured,0.0006,Non_fractured,0.0015,Non_fractured,0.0042,Non_fractured
train,IMG0000886.jpg,Non_fractured,0.0040,Non_fractured,0.0078,Non_fractured,0.0040,Non_fractured,0.0056,Non_fractured
train,IMG0000887.jpg,Non_fractured,0.0116,Non_fractured,0.0004,Non_fractured,0.1074,Non_fractured,0.0317,Non_fractured
train,IMG0000888.jpg,Non_fractured,0.2151,Non_fractured,0.0120,Non_fractured,0.5019,Non_fractured,0.2468,Non_fractured
train,IMG0000889.jpg,Non_fractured,0.0156,Non_fractured,0.0004,Non_fractured,0.0588,Non_fractured,0.0203,Non_fractured
train,IMG0000891.jpg,Non_fractured,0.0349,Non_fractured,0.0436,Non_fractured,0.3108,Non_fractured,0.1104,Non_fractured
train,IMG0000892.jpg,Non_fractured,0.0353,Non_fractured,0.0073,Non_fractured,0.0137,Non_fractured,0.0176,Non_fractured
train,IMG0000893.jpg,Non_fractured,0.0063,Non_fractured,0.0000,Non_fractured,0.0373,Non_fractured,0.0117,Non_fractured
train,IMG0000894.jpg,Non_fractured,0.0001,Non_fractured,0.0007,Non_fractured,0.0346,Non_fractured,0.0093,Non_fractured
train,IMG0000895.jpg,Non_fractured,0.0205,Non_fractured,0.0056,Non_fractured,0.0305,Non_fractured,0.0167,Non_fractured
train,IMG0000896.jpg,Non_fractured,0.0194,Non_fractured,0.0149,Non_fractured,0.0006,Non_fractured,0.0126,Non_fractured
train,IMG0000897.jpg,Non_fractured,0.0399,Non_fractured,0.0005,Non_fractured,0.6455,Fractured,0.1457,Non_fractured
train,IMG0000898.jpg,Non_fractured,0.0001,Non_fractured,0.0006,Non_fractured,0.0128,Non_fractured,0.0036,Non_fractured
train,IMG0000899.jpg,Non_fractured,0.0887,Non_fractured,0.0143,Non_fractured,0.1581,Non_fractured,0.0747,Non_fractured
train,IMG0000901.jpg,Non_fractured,0.0028,Non_fractured,0.0015,Non_fractured,0.0737,Non_fractured,0.0207,Non_fractured
train,IMG0000902.jpg,Non_fractured,0.0110,Non_fractured,0.0009,Non_fractured,0.0935,Non_fractured,0.0281,Non_fractured
train,IMG0000904.jpg,Non_fractured,0.2527,Non_fractured,0.1939,Fractured,0.2379,Non_fractured,0.2235,Non_fractured
train,IMG0000905.jpg,Non_fractured,0.0209,Non_fractured,0.0001,Non_fractured,0.1506,Non_fractured,0.0457,Non_fractured
train,IMG0000906.jpg,Non_fractured,0.2974,Non_fractured,0.0048,Non_fractured,0.1486,Non_fractured,0.1327,Non_fractured
train,IMG0000907.jpg,Non_fractured,0.0007,Non_fractured,0.0001,Non_fractured,0.0034,Non_fractured,0.0011,Non_fractured
train,IMG0000908.jpg,Non_fractured,0.0053,Non_fractured,0.0031,Non_fractured,0.1552,Non_fractured,0.0433,Non_fractured
train,IMG0000909.jpg,Non_fractured,0.0026,Non_fractured,0.0024,Non_fractured,0.0126,Non_fractured,0.0051,Non_fractured
train,IMG0000910.jpg,Non_fractured,0.0793,Non_fractured,0.0004,Non_fractured,0.0011,Non_fractured,0.0250,Non_fractured
train,IMG0000912.jpg,Non_fractured,0.0162,Non_fractured,0.0010,Non_fractured,0.0133,Non_fractured,0.0089,Non_fractured
train,IMG0000913.jpg,Non_fractured,0.0003,Non_fractured,0.0002,Non_fractured,0.0528,Non_fractured,0.0139,Non_fractured
train,IMG0000914.jpg,Non_fractured,0.0019,Non_fractured,0.0001,Non_fractured,0.0414,Non_fractured,0.0114,Non_fractured
train,IMG0000915.jpg,Non_fractured,0.0271,Non_fractured,0.0004,Non_fractured,0.0269,Non_fractured,0.0156,Non_fractured
train,IMG0000916.jpg,Non_fractured,0.0025,Non_fractured,0.0029,Non_fractured,0.0253,Non_fractured,0.0086,Non_fractured
train,IMG0000917.jpg,Non_fractured,0.0021,Non_fractured,0.0005,Non_fractured,0.0005,Non_fractured,0.0010,Non_fractured
train,IMG0000918.jpg,Non_fractured,0.0020,Non_fractured,0.0016,Non_fractured,0.0101,Non_fractured,0.0039,Non_fractured
train,IMG0000919.jpg,Non_fractured,0.0090,Non_fractured,0.0031,Non_fractured,0.0243,Non_fractured,0.0104,Non_fractured
train,IMG0000920.jpg,Non_fractured,0.0030,Non_fractured,0.0027,Non_fractured,0.0097,Non_fractured,0.0046,Non_fractured
train,IMG0000921.jpg,Non_fractured,0.1137,Non_fractured,0.0118,Non_fractured,0.7065,Fractured,0.2109,Non_fractured
train,IMG0000922.jpg,Non_fractured,0.0742,Non_fractured,0.0158,Non_fractured,0.3230,Non_fractured,0.1137,Non_fractured
train,IMG0000923.jpg,Non_fractured,0.5100,Non_fractured,0.0327,Non_fractured,0.3788,Non_fractured,0.4207,Fractured
train,IMG0000924.jpg,Non_fractured,0.0072,Non_fractured,0.0172,Non_fractured,0.1631,Non_fractured,0.0520,Non_fractured
train,IMG0000925.jpg,Non_fractured,0.0110,Non_fractured,0.0220,Non_fractured,0.1164,Non_fractured,0.0431,Non_fractured
train,IMG0000927.jpg,Non_fractured,0.2162,Non_fractured,0.2013,Fractured,0.4454,Non_fractured,0.2694,Non_fractured
train,IMG0000929.jpg,Non_fractured,0.0201,Non_fractured,0.0062,Non_fractured,0.2912,Non_fractured,0.0846,Non_fractured
train,IMG0000931.jpg,Non_fractured,0.0279,Non_fractured,0.0016,Non_fractured,0.1025,Non_fractured,0.0360,Non_fractured
train,IMG0000933.jpg,Non_fractured,0.0400,Non_fractured,0.0021,Non_fractured,0.0199,Non_fractured,0.0184,Non_fractured
train,IMG0000934.jpg,Non_fractured,0.0004,Non_fractured,0.0032,Non_fractured,0.0092,Non_fractured,0.0039,Non_fractured
train,IMG0000936.jpg,Non_fractured,0.0297,Non_fractured,0.0019,Non_fractured,0.0057,Non_fractured,0.0115,Non_fractured
train,IMG0000937.jpg,Non_fractured,0.0019,Non_fractured,0.0035,Non_fractured,0.0196,Non_fractured,0.0072,Non_fractured
train,IMG0000939.jpg,Non_fractured,0.0563,Non_fractured,0.0013,Non_fractured,0.0981,Non_fractured,0.0435,Non_fractured
train,IMG0000940.jpg,Non_fractured,0.1157,Non_fractured,0.0000,Non_fractured,0.0030,Non_fractured,0.0366,Non_fractured
train,IMG0000942.jpg,Non_fractured,0.0002,Non_fractured,0.0079,Non_fractured,0.0020,Non_fractured,0.0040,Non_fractured
train,IMG0000944.jpg,Non_fractured,0.0006,Non_fractured,0.0002,Non_fractured,0.0193,Non_fractured,0.0053,Non_fractured
train,IMG0000946.jpg,Non_fractured,0.1119,Non_fractured,0.0015,Non_fractured,0.0446,Non_fractured,0.0468,Non_fractured
train,IMG0000947.jpg,Non_fractured,0.0158,Non_fractured,0.0111,Non_fractured,0.0029,Non_fractured,0.0104,Non_fractured
train,IMG0000948.jpg,Non_fractured,0.0064,Non_fractured,0.0002,Non_fractured,0.0157,Non_fractured,0.0061,Non_fractured
train,IMG0000950.jpg,Non_fractured,0.0019,Non_fractured,0.0004,Non_fractured,0.0787,Non_fractured,0.0212,Non_fractured
train,IMG0000951.jpg,Non_fractured,0.1300,Non_fractured,0.0000,Non_fractured,0.0044,Non_fractured,0.0414,Non_fractured
train,IMG0000952.jpg,Non_fractured,0.0008,Non_fractured,0.0033,Non_fractured,0.0004,Non_fractured,0.0018,Non_fractured
train,IMG0000953.jpg,Non_fractured,0.0031,Non_fractured,0.0023,Non_fractured,0.0009,Non_fractured,0.0022,Non_fractured
train,IMG0000954.jpg,Non_fractured,0.0042,Non_fractured,0.0010,Non_fractured,0.0197,Non_fractured,0.0068,Non_fractured
train,IMG0000955.jpg,Non_fractured,0.1819,Non_fractured,0.0006,Non_fractured,0.2295,Non_fractured,0.1162,Non_fractured
train,IMG0000956.jpg,Non_fractured,0.0018,Non_fractured,0.0085,Non_fractured,0.0548,Non_fractured,0.0185,Non_fractured
train,IMG0000957.jpg,Non_fractured,0.0021,Non_fractured,0.0051,Non_fractured,0.0041,Non_fractured,0.0039,Non_fractured
train,IMG0000958.jpg,Non_fractured,0.0053,Non_fractured,0.0028,Non_fractured,0.0898,Non_fractured,0.0262,Non_fractured
train,IMG0000960.jpg,Non_fractured,0.0165,Non_fractured,0.0016,Non_fractured,0.0153,Non_fractured,0.0098,Non_fractured
train,IMG0000961.jpg,Non_fractured,0.0114,Non_fractured,0.0047,Non_fractured,0.0164,Non_fractured,0.0098,Non_fractured
train,IMG0000962.jpg,Non_fractured,0.0001,Non_fractured,0.0000,Non_fractured,0.0889,Non_fractured,0.0231,Non_fractured
train,IMG0000965.jpg,Non_fractured,0.0016,Non_fractured,0.0004,Non_fractured,0.0198,Non_fractured,0.0058,Non_fractured
train,IMG0000968.jpg,Non_fractured,0.3067,Non_fractured,0.0036,Non_fractured,0.4853,Non_fractured,0.3087,Non_fractured
train,IMG0000969.jpg,Non_fractured,0.0013,Non_fractured,0.0063,Non_fractured,0.5457,Fractured,0.0558,Non_fractured
train,IMG0000971.jpg,Non_fractured,0.0477,Non_fractured,0.0070,Non_fractured,0.1783,Non_fractured,0.0641,Non_fractured
train,IMG0000972.jpg,Non_fractured,0.0067,Non_fractured,0.0201,Non_fractured,0.0004,Non_fractured,0.0108,Non_fractured
train,IMG0000973.jpg,Non_fractured,0.0026,Non_fractured,0.0008,Non_fractured,0.0126,Non_fractured,0.0044,Non_fractured
train,IMG0000974.jpg,Non_fractured,0.0018,Non_fractured,0.0028,Non_fractured,0.0056,Non_fractured,0.0032,Non_fractured
train,IMG0000975.jpg,Non_fractured,0.0176,Non_fractured,0.0032,Non_fractured,0.0327,Non_fractured,0.0153,Non_fractured
train,IMG0000976.jpg,Non_fractured,0.0457,Non_fractured,0.0009,Non_fractured,0.0125,Non_fractured,0.0178,Non_fractured
train,IMG0000978.jpg,Non_fractured,0.0066,Non_fractured,0.0000,Non_fractured,0.0199,Non_fractured,0.0072,Non_fractured
train,IMG0000979.jpg,Non_fractured,0.0833,Non_fractured,0.0003,Non_fractured,0.0503,Non_fractured,0.0390,Non_fractured
train,IMG0000981.jpg,Non_fractured,0.0076,Non_fractured,0.0004,Non_fractured,0.0051,Non_fractured,0.0038,Non_fractured
train,IMG0000984.jpg,Non_fractured,0.1280,Non_fractured,0.0000,Non_fractured,0.0239,Non_fractured,0.0458,Non_fractured
train,IMG0000985.jpg,Non_fractured,0.1098,Non_fractured,0.0011,Non_fractured,0.0076,Non_fractured,0.0364,Non_fractured
train,IMG0000986.jpg,Non_fractured,0.0752,Non_fractured,0.0003,Non_fractured,0.0393,Non_fractured,0.0336,Non_fractured
train,IMG0000987.jpg,Non_fractured,0.0050,Non_fractured,0.0001,Non_fractured,0.0651,Non_fractured,0.0185,Non_fractured
train,IMG0000988.jpg,Non_fractured,0.0209,Non_fractured,0.0002,Non_fractured,0.0192,Non_fractured,0.0116,Non_fractured
train,IMG0000990.jpg,Non_fractured,0.0068,Non_fractured,0.0006,Non_fractured,0.1162,Non_fractured,0.0325,Non_fractured
train,IMG0000991.jpg,Non_fractured,0.6344,Fractured,0.0354,Non_fractured,0.6173,Fractured,0.5850,Fractured
train,IMG0000992.jpg,Non_fractured,0.0015,Non_fractured,0.0005,Non_fractured,0.0042,Non_fractured,0.0018,Non_fractured
train,IMG0000993.jpg,Non_fractured,0.0005,Non_fractured,0.0029,Non_fractured,0.0008,Non_fractured,0.0016,Non_fractured
train,IMG0000994.jpg,Non_fractured,0.0075,Non_fractured,0.0015,Non_fractured,0.0213,Non_fractured,0.0085,Non_fractured
train,IMG0000995.jpg,Non_fractured,0.0010,Non_fractured,0.0031,Non_fractured,0.0020,Non_fractured,0.0022,Non_fractured
train,IMG0000996.jpg,Non_fractured,0.0586,Non_fractured,0.0003,Non_fractured,0.0107,Non_fractured,0.0210,Non_fractured
train,IMG0000997.jpg,Non_fractured,0.0026,Non_fractured,0.0074,Non_fractured,0.0653,Non_fractured,0.0210,Non_fractured
train,IMG0000998.jpg,Non_fractured,0.0000,Non_fractured,0.0000,Non_fractured,0.0035,Non_fractured,0.0009,Non_fractured
train,IMG0000999.jpg,Non_fractured,0.0288,Non_fractured,0.0014,Non_fractured,0.0251,Non_fractured,0.0161,Non_fractured
train,IMG0001000.jpg,Non_fractured,0.0577,Non_fractured,0.0196,Non_fractured,0.1065,Non_fractured,0.0540,Non_fractured
train,IMG0001003.jpg,Non_fractured,0.0649,Non_fractured,0.0028,Non_fractured,0.0373,Non_fractured,0.0309,Non_fractured
train,IMG0001004.jpg,Non_fractured,0.3147,Non_fractured,0.0004,Non_fractured,0.0106,Non_fractured,0.1003,Non_fractured
train,IMG0001005.jpg,Non_fractured,0.0742,Non_fractured,0.0010,Non_fractured,0.5387,Fractured,0.0800,Non_fractured
train,IMG0001010.jpg,Non_fractured,0.0052,Non_fractured,0.0070,Non_fractured,0.0163,Non_fractured,0.0089,Non_fractured
train,IMG0001011.jpg,Non_fractured,0.0041,Non_fractured,0.0002,Non_fractured,0.0037,Non_fractured,0.0023,Non_fractured
train,IMG0001012.jpg,Non_fractured,0.0526,Non_fractured,0.0015,Non_fractured,0.0170,Non_fractured,0.0213,Non_fractured
train,IMG0001014.jpg,Non_fractured,0.0077,Non_fractured,0.0017,Non_fractured,0.6708,Fractured,0.3463,Non_fractured
train,IMG0001015.jpg,Non_fractured,0.0005,Non_fractured,0.0007,Non_fractured,0.0016,Non_fractured,0.0009,Non_fractured
train,IMG0001016.jpg,Non_fractured,0.0356,Non_fractured,0.0006,Non_fractured,0.0321,Non_fractured,0.0196,Non_fractured
train,IMG0001017.jpg,Non_fractured,0.0178,Non_fractured,0.0003,Non_fractured,0.0495,Non_fractured,0.0185,Non_fractured
train,IMG0001018.jpg,Non_fractured,0.0010,Non_fractured,0.0009,Non_fractured,0.0064,Non_fractured,0.0023,Non_fractured
train,IMG0001019.jpg,Non_fractured,0.0295,Non_fractured,0.0036,Non_fractured,0.0124,Non_fractured,0.0139,Non_fractured
train,IMG0001020.jpg,Non_fractured,0.0927,Non_fractured,0.0031,Non_fractured,0.5438,Fractured,0.1655,Non_fractured
train,IMG0001021.jpg,Non_fractured,0.0027,Non_fractured,0.0009,Non_fractured,0.0021,Non_fractured,0.0018,Non_fractured
train,IMG0001022.jpg,Non_fractured,0.0035,Non_fractured,0.0006,Non_fractured,0.0038,Non_fractured,0.0023,Non_fractured
train,IMG0001027.jpg,Non_fractured,0.0004,Non_fractured,0.0003,Non_fractured,0.0024,Non_fractured,0.0008,Non_fractured
train,IMG0001028.jpg,Non_fractured,0.0016,Non_fractured,0.0046,Non_fractured,0.0005,Non_fractured,0.0026,Non_fractured
train,IMG0001029.jpg,Non_fractured,0.0577,Non_fractured,0.0036,Non_fractured,0.1587,Non_fractured,0.0607,Non_fractured
train,IMG0001030.jpg,Non_fractured,0.0211,Non_fractured,0.0038,Non_fractured,0.0342,Non_fractured,0.0170,Non_fractured
train,IMG0001031.jpg,Non_fractured,0.0131,Non_fractured,0.0041,Non_fractured,0.0064,Non_fractured,0.0075,Non_fractured
train,IMG0001032.jpg,Non_fractured,0.0007,Non_fractured,0.0012,Non_fractured,0.0006,Non_fractured,0.0009,Non_fractured
train,IMG0001033.jpg,Non_fractured,0.0005,Non_fractured,0.0036,Non_fractured,0.0015,Non_fractured,0.0021,Non_fractured
train,IMG0001034.jpg,Non_fractured,0.0007,Non_fractured,0.0005,Non_fractured,0.0061,Non_fractured,0.0020,Non_fractured
train,IMG0001037.jpg,Non_fractured,0.0005,Non_fractured,0.0000,Non_fractured,0.0015,Non_fractured,0.0006,Non_fractured
train,IMG0001038.jpg,Non_fractured,0.0002,Non_fractured,0.0022,Non_fractured,0.0004,Non_fractured,0.0011,Non_fractured
train,IMG0001039.jpg,Non_fractured,0.2369,Non_fractured,0.0001,Non_fractured,0.1081,Non_fractured,0.1015,Non_fractured
train,IMG0001040.jpg,Non_fractured,0.0090,Non_fractured,0.0003,Non_fractured,0.7131,Fractured,0.3678,Non_fractured
train,IMG0001044.jpg,Non_fractured,0.0023,Non_fractured,0.0014,Non_fractured,0.0372,Non_fractured,0.0110,Non_fractured
train,IMG0001045.jpg,Non_fractured,0.0061,Non_fractured,0.0001,Non_fractured,0.0100,Non_fractured,0.0045,Non_fractured
train,IMG0001046.jpg,Non_fractured,0.0123,Non_fractured,0.0002,Non_fractured,0.0730,Non_fractured,0.0229,Non_fractured
train,IMG0001047.jpg,Non_fractured,0.0046,Non_fractured,0.0022,Non_fractured,0.0273,Non_fractured,0.0095,Non_fractured
train,IMG0001049.jpg,Non_fractured,0.0050,Non_fractured,0.0020,Non_fractured,0.1179,Non_fractured,0.0330,Non_fractured
train,IMG0001050.jpg,Non_fractured,0.0280,Non_fractured,0.0012,Non_fractured,0.0158,Non_fractured,0.0133,Non_fractured
train,IMG0001052.jpg,Non_fractured,0.0001,Non_fractured,0.0001,Non_fractured,0.1610,Non_fractured,0.0419,Non_fractured
train,IMG0001055.jpg,Non_fractured,0.0888,Non_fractured,0.0086,Non_fractured,0.2665,Non_fractured,0.1005,Non_fractured
train,IMG0001056.jpg,Non_fractured,0.1550,Non_fractured,0.0035,Non_fractured,0.0440,Non_fractured,0.0609,Non_fractured
train,IMG0001057.jpg,Non_fractured,0.0004,Non_fractured,0.0016,Non_fractured,0.1431,Non_fractured,0.0380,Non_fractured
train,IMG0001058.jpg,Non_fractured,0.0014,Non_fractured,0.0004,Non_fractured,0.3830,Non_fractured,0.0373,Non_fractured
train,IMG0001059.jpg,Non_fractured,0.0020,Non_fractured,0.0004,Non_fractured,0.0035,Non_fractured,0.0017,Non_fractured
train,IMG0001061.jpg,Non_fractured,0.1119,Non_fractured,0.0007,Non_fractured,0.1170,Non_fractured,0.0653,Non_fractured
train,IMG0001062.jpg,Non_fractured,0.0493,Non_fractured,0.0003,Non_fractured,0.6586,Fractured,0.1548,Non_fractured
train,IMG0001063.jpg,Non_fractured,0.1961,Non_fractured,0.0036,Non_fractured,0.1426,Non_fractured,0.0993,Non_fractured
train,IMG0001064.jpg,Non_fractured,0.2649,Non_fractured,0.0060,Non_fractured,0.0285,Non_fractured,0.0920,Non_fractured
train,IMG0001065.jpg,Non_fractured,0.2938,Non_fractured,0.0013,Non_fractured,0.3113,Non_fractured,0.1724,Non_fractured
train,IMG0001066.jpg,Non_fractured,0.1471,Non_fractured,0.1404,Non_fractured,0.1205,Non_fractured,0.1373,Non_fractured
train,IMG0001067.jpg,Non_fractured,0.0031,Non_fractured,0.0001,Non_fractured,0.0958,Non_fractured,0.0259,Non_fractured
train,IMG0001068.jpg,Non_fractured,0.0083,Non_fractured,0.0021,Non_fractured,0.1069,Non_fractured,0.0312,Non_fractured
train,IMG0001071.jpg,Non_fractured,0.0045,Non_fractured,0.0003,Non_fractured,0.0305,Non_fractured,0.0094,Non_fractured
train,IMG0001072.jpg,Non_fractured,0.0219,Non_fractured,0.0007,Non_fractured,0.0060,Non_fractured,0.0086,Non_fractured
train,IMG0001074.jpg,Non_fractured,0.0442,Non_fractured,0.0035,Non_fractured,0.0916,Non_fractured,0.0390,Non_fractured
train,IMG0001077.jpg,Non_fractured,0.0536,Non_fractured,0.0063,Non_fractured,0.1519,Non_fractured,0.0588,Non_fractured
train,IMG0001080.jpg,Non_fractured,0.0240,Non_fractured,0.0026,Non_fractured,0.1612,Non_fractured,0.0505,Non_fractured
train,IMG0001081.jpg,Non_fractured,0.0009,Non_fractured,0.0009,Non_fractured,0.0361,Non_fractured,0.0100,Non_fractured
train,IMG0001082.jpg,Non_fractured,0.0170,Non_fractured,0.0153,Non_fractured,0.1906,Non_fractured,0.0614,Non_fractured
train,IMG0001083.jpg,Non_fractured,0.0660,Non_fractured,0.0031,Non_fractured,0.0402,Non_fractured,0.0322,Non_fractured
train,IMG0001085.jpg,Non_fractured,0.0038,Non_fractured,0.0034,Non_fractured,0.1449,Non_fractured,0.0403,Non_fractured
train,IMG0001087.jpg,Non_fractured,0.0862,Non_fractured,0.0003,Non_fractured,0.0174,Non_fractured,0.0313,Non_fractured
train,IMG0001089.jpg,Non_fractured,0.0386,Non_fractured,0.0018,Non_fractured,0.1021,Non_fractured,0.0393,Non_fractured
train,IMG0001090.jpg,Non_fractured,0.1233,Non_fractured,0.0011,Non_fractured,0.0167,Non_fractured,0.0430,Non_fractured
train,IMG0001093.jpg,Non_fractured,0.0000,Non_fractured,0.0002,Non_fractured,0.0132,Non_fractured,0.0035,Non_fractured
train,IMG0001095.jpg,Non_fractured,0.0903,Non_fractured,0.0023,Non_fractured,0.0286,Non_fractured,0.0364,Non_fractured
train,IMG0001097.jpg,Non_fractured,0.0002,Non_fractured,0.0010,Non_fractured,0.0011,Non_fractured,0.0008,Non_fractured
train,IMG0001100.jpg,Non_fractured,0.0183,Non_fractured,0.0014,Non_fractured,0.0054,Non_fractured,0.0077,Non_fractured
train,IMG0001101.jpg,Non_fractured,0.0010,Non_fractured,0.0018,Non_fractured,0.0173,Non_fractured,0.0056,Non_fractured
train,IMG0001102.jpg,Non_fractured,0.0063,Non_fractured,0.0012,Non_fractured,0.1238,Non_fractured,0.0346,Non_fractured
train,IMG0001103.jpg,Non_fractured,0.0518,Non_fractured,0.0014,Non_fractured,0.2679,Non_fractured,0.0863,Non_fractured
train,IMG0001106.jpg,Non_fractured,0.0702,Non_fractured,0.0002,Non_fractured,0.0324,Non_fractured,0.0302,Non_fractured
train,IMG0001107.jpg,Non_fractured,0.0011,Non_fractured,0.0025,Non_fractured,0.0162,Non_fractured,0.0056,Non_fractured
train,IMG0001108.jpg,Non_fractured,0.0011,Non_fractured,0.0019,Non_fractured,0.0009,Non_fractured,0.0014,Non_fractured
train,IMG0001109.jpg,Non_fractured,0.0158,Non_fractured,0.0004,Non_fractured,0.0479,Non_fractured,0.0175,Non_fractured
train,IMG0001110.jpg,Non_fractured,0.0246,Non_fractured,0.0003,Non_fractured,0.0024,Non_fractured,0.0084,Non_fractured
train,IMG0001111.jpg,Non_fractured,0.0016,Non_fractured,0.0051,Non_fractured,0.0042,Non_fractured,0.0038,Non_fractured
train,IMG0001112.jpg,Non_fractured,0.0041,Non_fractured,0.0059,Non_fractured,0.0028,Non_fractured,0.0046,Non_fractured
train,IMG0001113.jpg,Non_fractured,0.0042,Non_fractured,0.0067,Non_fractured,0.0543,Non_fractured,0.0183,Non_fractured
train,IMG0001114.jpg,Non_fractured,0.0018,Non_fractured,0.0043,Non_fractured,0.0006,Non_fractured,0.0026,Non_fractured
train,IMG0001115.jpg,Non_fractured,0.0600,Non_fractured,0.0007,Non_fractured,0.0028,Non_fractured,0.0195,Non_fractured
train,IMG0001116.jpg,Non_fractured,0.0070,Non_fractured,0.0004,Non_fractured,0.3220,Non_fractured,0.0335,Non_fractured
train,IMG0001117.jpg,Non_fractured,0.1479,Non_fractured,0.0350,Non_fractured,0.7200,Fractured,0.2403,Non_fractured
train,IMG0001118.jpg,Non_fractured,0.0037,Non_fractured,0.0101,Non_fractured,0.0035,Non_fractured,0.0064,Non_fractured
train,IMG0001120.jpg,Non_fractured,0.0682,Non_fractured,0.0000,Non_fractured,0.5446,Fractured,0.0777,Non_fractured
train,IMG0001121.jpg,Non_fractured,0.0059,Non_fractured,0.0010,Non_fractured,0.0048,Non_fractured,0.0035,Non_fractured
train,IMG0001122.jpg,Non_fractured,0.0015,Non_fractured,0.0033,Non_fractured,0.0029,Non_fractured,0.0026,Non_fractured
train,IMG0001124.jpg,Non_fractured,0.0274,Non_fractured,0.0007,Non_fractured,0.0889,Non_fractured,0.0319,Non_fractured
train,IMG0001125.jpg,Non_fractured,0.2949,Non_fractured,0.0842,Non_fractured,0.0215,Non_fractured,0.1331,Non_fractured
train,IMG0001126.jpg,Non_fractured,0.0079,Non_fractured,0.0032,Non_fractured,0.0044,Non_fractured,0.0050,Non_fractured
train,IMG0001127.jpg,Non_fractured,0.0058,Non_fractured,0.0020,Non_fractured,0.0018,Non_fractured,0.0032,Non_fractured
train,IMG0001128.jpg,Non_fractured,0.0254,Non_fractured,0.0005,Non_fractured,0.0026,Non_fractured,0.0088,Non_fractured
train,IMG0001129.jpg,Non_fractured,0.0050,Non_fractured,0.0109,Non_fractured,0.0070,Non_fractured,0.0080,Non_fractured
train,IMG0001130.jpg,Non_fractured,0.0462,Non_fractured,0.0047,Non_fractured,0.3107,Non_fractured,0.0971,Non_fractured
train,IMG0001131.jpg,Non_fractured,0.0479,Non_fractured,0.0045,Non_fractured,0.2324,Non_fractured,0.0772,Non_fractured
train,IMG0001132.jpg,Non_fractured,0.0025,Non_fractured,0.0002,Non_fractured,0.0031,Non_fractured,0.0017,Non_fractured
train,IMG0001133.jpg,Non_fractured,0.0041,Non_fractured,0.0014,Non_fractured,0.0015,Non_fractured,0.0022,Non_fractured
train,IMG0001134.jpg,Non_fractured,0.0045,Non_fractured,0.0181,Non_fractured,0.0105,Non_fractured,0.0119,Non_fractured
train,IMG0001135.jpg,Non_fractured,0.0023,Non_fractured,0.0004,Non_fractured,0.0079,Non_fractured,0.0029,Non_fractured
train,IMG0001136.jpg,Non_fractured,0.1592,Non_fractured,0.0086,Non_fractured,0.0508,Non_fractured,0.0662,Non_fractured
train,IMG0001137.jpg,Non_fractured,0.3821,Non_fractured,0.0029,Non_fractured,0.3988,Non_fractured,0.3625,Non_fractured
train,IMG0001139.jpg,Non_fractured,0.3843,Non_fractured,0.0118,Non_fractured,0.3059,Non_fractured,0.3248,Non_fractured
train,IMG0001140.jpg,Non_fractured,0.1309,Non_fractured,0.3414,Fractured,0.1595,Non_fractured,0.2290,Non_fractured
train,IMG0001141.jpg,Non_fractured,0.4056,Non_fractured,0.2817,Fractured,0.0771,Non_fractured,0.2668,Non_fractured
train,IMG0001142.jpg,Non_fractured,0.0000,Non_fractured,0.0000,Non_fractured,0.0366,Non_fractured,0.0095,Non_fractured
train,IMG0001143.jpg,Non_fractured,0.0094,Non_fractured,0.0000,Non_fractured,0.0332,Non_fractured,0.0115,Non_fractured
train,IMG0001144.jpg,Non_fractured,0.0363,Non_fractured,0.0007,Non_fractured,0.0149,Non_fractured,0.0154,Non_fractured
train,IMG0001149.jpg,Non_fractured,0.0047,Non_fractured,0.0027,Non_fractured,0.0022,Non_fractured,0.0032,Non_fractured
train,IMG0001150.jpg,Non_fractured,0.0011,Non_fractured,0.0046,Non_fractured,0.0071,Non_fractured,0.0041,Non_fractured
train,IMG0001154.jpg,Non_fractured,0.0063,Non_fractured,0.0057,Non_fractured,0.0074,Non_fractured,0.0063,Non_fractured
train,IMG0001155.jpg,Non_fractured,0.0045,Non_fractured,0.0002,Non_fractured,0.0253,Non_fractured,0.0081,Non_fractured
train,IMG0001156.jpg,Non_fractured,0.0011,Non_fractured,0.0002,Non_fractured,0.2231,Non_fractured,0.0584,Non_fractured
train,IMG0001158.jpg,Non_fractured,0.0004,Non_fractured,0.0010,Non_fractured,0.0009,Non_fractured,0.0008,Non_fractured
train,IMG0001160.jpg,Non_fractured,0.0026,Non_fractured,0.0008,Non_fractured,0.1004,Non_fractured,0.0273,Non_fractured
train,IMG0001161.jpg,Non_fractured,0.1082,Non_fractured,0.0167,Non_fractured,0.4130,Non_fractured,0.0891,Non_fractured
train,IMG0001163.jpg,Non_fractured,0.0037,Non_fractured,0.0003,Non_fractured,0.0500,Non_fractured,0.0143,Non_fractured
train,IMG0001169.jpg,Non_fractured,0.0018,Non_fractured,0.0005,Non_fractured,0.0349,Non_fractured,0.0099,Non_fractured
train,IMG0001170.jpg,Non_fractured,0.0000,Non_fractured,0.0001,Non_fractured,0.0193,Non_fractured,0.0050,Non_fractured
train,IMG0001171.jpg,Non_fractured,0.1492,Non_fractured,0.0459,Non_fractured,0.7853,Fractured,0.2541,Non_fractured
train,IMG0001172.jpg,Non_fractured,0.4635,Non_fractured,0.2841,Fractured,0.5836,Fractured,0.4174,Fractured
train,IMG0001175.jpg,Non_fractured,0.0012,Non_fractured,0.0008,Non_fractured,0.0057,Non_fractured,0.0022,Non_fractured
train,IMG0001176.jpg,Non_fractured,0.0001,Non_fractured,0.0070,Non_fractured,0.0002,Non_fractured,0.0031,Non_fractured
train,IMG0001178.jpg,Non_fractured,0.0063,Non_fractured,0.0013,Non_fractured,0.0362,Non_fractured,0.0119,Non_fractured
train,IMG0001179.jpg,Non_fractured,0.0731,Non_fractured,0.0014,Non_fractured,0.2222,Non_fractured,0.0810,Non_fractured
train,IMG0001180.jpg,Non_fractured,0.2966,Non_fractured,0.0012,Non_fractured,0.4801,Non_fractured,0.3003,Non_fractured
train,IMG0001181.jpg,Non_fractured,0.0011,Non_fractured,0.0008,Non_fractured,0.1331,Non_fractured,0.0353,Non_fractured
train,IMG0001182.jpg,Non_fractured,0.0022,Non_fractured,0.0015,Non_fractured,0.0012,Non_fractured,0.0016,Non_fractured
train,IMG0001183.jpg,Non_fractured,0.0061,Non_fractured,0.0023,Non_fractured,0.0075,Non_fractured,0.0049,Non_fractured
train,IMG0001184.jpg,Non_fractured,0.0175,Non_fractured,0.0000,Non_fractured,0.0141,Non_fractured,0.0091,Non_fractured
train,IMG0001185.jpg,Non_fractured,0.0507,Non_fractured,0.0010,Non_fractured,0.0524,Non_fractured,0.0297,Non_fractured
train,IMG0001187.jpg,Non_fractured,0.0072,Non_fractured,0.0054,Non_fractured,0.0344,Non_fractured,0.0135,Non_fractured
train,IMG0001188.jpg,Non_fractured,0.0000,Non_fractured,0.0006,Non_fractured,0.0087,Non_fractured,0.0025,Non_fractured
train,IMG0001189.jpg,Non_fractured,0.0171,Non_fractured,0.0024,Non_fractured,0.0233,Non_fractured,0.0124,Non_fractured
train,IMG0001190.jpg,Non_fractured,0.0028,Non_fractured,0.0004,Non_fractured,0.0291,Non_fractured,0.0086,Non_fractured
train,IMG0001193.jpg,Non_fractured,0.0317,Non_fractured,0.0003,Non_fractured,0.0131,Non_fractured,0.0133,Non_fractured
train,IMG0001194.jpg,Non_fractured,0.1080,Non_fractured,0.0009,Non_fractured,0.0542,Non_fractured,0.0479,Non_fractured
train,IMG0001195.jpg,Non_fractured,0.0104,Non_fractured,0.0001,Non_fractured,0.0275,Non_fractured,0.0104,Non_fractured
train,IMG0001196.jpg,Non_fractured,0.0044,Non_fractured,0.0136,Non_fractured,0.0016,Non_fractured,0.0076,Non_fractured
train,IMG0001197.jpg,Non_fractured,0.0120,Non_fractured,0.0001,Non_fractured,0.0995,Non_fractured,0.0296,Non_fractured
train,IMG0001202.jpg,Non_fractured,0.0537,Non_fractured,0.0107,Non_fractured,0.0226,Non_fractured,0.0271,Non_fractured
train,IMG0001203.jpg,Non_fractured,0.0030,Non_fractured,0.0066,Non_fractured,0.0006,Non_fractured,0.0039,Non_fractured
train,IMG0001204.jpg,Non_fractured,0.0352,Non_fractured,0.0006,Non_fractured,0.0655,Non_fractured,0.0282,Non_fractured
train,IMG0001205.jpg,Non_fractured,0.1830,Non_fractured,0.0043,Non_fractured,0.1814,Non_fractured,0.1056,Non_fractured
train,IMG0001206.jpg,Non_fractured,0.0956,Non_fractured,0.0102,Non_fractured,0.0225,Non_fractured,0.0398,Non_fractured
train,IMG0001207.jpg,Non_fractured,0.0804,Non_fractured,0.0746,Non_fractured,0.1379,Non_fractured,0.0928,Non_fractured
train,IMG0001208.jpg,Non_fractured,0.0050,Non_fractured,0.0001,Non_fractured,0.0165,Non_fractured,0.0059,Non_fractured
train,IMG0001209.jpg,Non_fractured,0.2847,Non_fractured,0.0006,Non_fractured,0.8200,Fractured,0.3533,Non_fractured
train,IMG0001211.jpg,Non_fractured,0.5779,Fractured,0.0001,Non_fractured,0.4466,Non_fractured,0.4288,Fractured
train,IMG0001213.jpg,Non_fractured,0.0199,Non_fractured,0.0107,Non_fractured,0.0070,Non_fractured,0.0126,Non_fractured
train,IMG0001214.jpg,Non_fractured,0.0155,Non_fractured,0.0004,Non_fractured,0.0143,Non_fractured,0.0087,Non_fractured
train,IMG0001215.jpg,Non_fractured,0.0044,Non_fractured,0.0004,Non_fractured,0.0008,Non_fractured,0.0017,Non_fractured
train,IMG0001216.jpg,Non_fractured,0.0000,Non_fractured,0.0002,Non_fractured,0.0160,Non_fractured,0.0042,Non_fractured
train,IMG0001217.jpg,Non_fractured,0.0180,Non_fractured,0.0006,Non_fractured,0.0167,Non_fractured,0.0101,Non_fractured
train,IMG0001218.jpg,Non_fractured,0.0087,Non_fractured,0.0002,Non_fractured,0.0275,Non_fractured,0.0099,Non_fractured
train,IMG0001220.jpg,Non_fractured,0.0002,Non_fractured,0.0048,Non_fractured,0.0015,Non_fractured,0.0025,Non_fractured
train,IMG0001222.jpg,Non_fractured,0.0007,Non_fractured,0.0008,Non_fractured,0.0037,Non_fractured,0.0015,Non_fractured
train,IMG0001223.jpg,Non_fractured,0.2913,Non_fractured,0.0133,Non_fractured,0.3478,Non_fractured,0.1863,Non_fractured
train,IMG0001228.jpg,Non_fractured,0.0027,Non_fractured,0.0010,Non_fractured,0.0074,Non_fractured,0.0032,Non_fractured
train,IMG0001230.jpg,Non_fractured,0.0000,Non_fractured,0.0005,Non_fractured,0.0075,Non_fractured,0.0022,Non_fractured
train,IMG0001231.jpg,Non_fractured,0.0001,Non_fractured,0.0007,Non_fractured,0.0020,Non_fractured,0.0009,Non_fractured
train,IMG0001232.jpg,Non_fractured,0.0003,Non_fractured,0.0001,Non_fractured,0.0030,Non_fractured,0.0009,Non_fractured
train,IMG0001233.jpg,Non_fractured,0.0000,Non_fractured,0.0000,Non_fractured,0.0095,Non_fractured,0.0025,Non_fractured
train,IMG0001234.jpg,Non_fractured,0.0000,Non_fractured,0.0009,Non_fractured,0.0205,Non_fractured,0.0057,Non_fractured
train,IMG0001235.jpg,Non_fractured,0.1139,Non_fractured,0.0032,Non_fractured,0.3039,Non_fractured,0.1157,Non_fractured
train,IMG0001237.jpg,Non_fractured,0.0330,Non_fractured,0.0210,Non_fractured,0.3280,Non_fractured,0.1045,Non_fractured
train,IMG0001238.jpg,Non_fractured,0.0050,Non_fractured,0.0145,Non_fractured,0.0426,Non_fractured,0.0189,Non_fractured
train,IMG0001239.jpg,Non_fractured,0.0007,Non_fractured,0.0007,Non_fractured,0.0146,Non_fractured,0.0043,Non_fractured
train,IMG0001240.jpg,Non_fractured,0.0187,Non_fractured,0.0043,Non_fractured,0.0003,Non_fractured,0.0077,Non_fractured
train,IMG0001242.jpg,Non_fractured,0.0029,Non_fractured,0.0016,Non_fractured,0.0013,Non_fractured,0.0019,Non_fractured
train,IMG0001243.jpg,Non_fractured,0.0044,Non_fractured,0.0089,Non_fractured,0.0033,Non_fractured,0.0060,Non_fractured
train,IMG0001244.jpg,Non_fractured,0.0039,Non_fractured,0.0002,Non_fractured,0.0136,Non_fractured,0.0048,Non_fractured
train,IMG0001245.jpg,Non_fractured,0.0177,Non_fractured,0.0012,Non_fractured,0.0296,Non_fractured,0.0137,Non_fractured
train,IMG0001246.jpg,Non_fractured,0.0107,Non_fractured,0.0306,Non_fractured,0.0282,Non_fractured,0.0238,Non_fractured
train,IMG0001247.jpg,Non_fractured,0.3744,Non_fractured,0.2316,Fractured,0.6017,Fractured,0.3720,Non_fractured
train,IMG0001248.jpg,Non_fractured,0.1653,Non_fractured,0.0378,Non_fractured,0.0556,Non_fractured,0.0819,Non_fractured
train,IMG0001250.jpg,Non_fractured,0.0294,Non_fractured,0.0002,Non_fractured,0.0002,Non_fractured,0.0093,Non_fractured
train,IMG0001251.jpg,Non_fractured,0.0011,Non_fractured,0.0012,Non_fractured,0.0043,Non_fractured,0.0020,Non_fractured
train,IMG0001252.jpg,Non_fractured,0.0623,Non_fractured,0.0003,Non_fractured,0.0807,Non_fractured,0.0404,Non_fractured
train,IMG0001253.jpg,Non_fractured,0.0555,Non_fractured,0.0001,Non_fractured,0.0359,Non_fractured,0.0265,Non_fractured
train,IMG0001256.jpg,Non_fractured,0.0066,Non_fractured,0.0029,Non_fractured,0.0624,Non_fractured,0.0195,Non_fractured
train,IMG0001257.jpg,Non_fractured,0.0220,Non_fractured,0.0429,Non_fractured,0.1626,Non_fractured,0.0676,Non_fractured
train,IMG0001258.jpg,Non_fractured,0.1214,Non_fractured,0.0229,Non_fractured,0.1056,Non_fractured,0.0749,Non_fractured
train,IMG0001259.jpg,Non_fractured,0.3484,Non_fractured,0.0013,Non_fractured,0.3393,Non_fractured,0.3201,Non_fractured
train,IMG0001260.jpg,Non_fractured,0.2685,Non_fractured,0.0000,Non_fractured,0.0142,Non_fractured,0.0868,Non_fractured
train,IMG0001261.jpg,Non_fractured,0.0069,Non_fractured,0.0026,Non_fractured,0.0870,Non_fractured,0.0259,Non_fractured
train,IMG0001263.jpg,Non_fractured,0.0024,Non_fractured,0.0000,Non_fractured,0.0933,Non_fractured,0.0250,Non_fractured
train,IMG0001264.jpg,Non_fractured,0.0091,Non_fractured,0.0122,Non_fractured,0.0776,Non_fractured,0.0282,Non_fractured
train,IMG0001265.jpg,Non_fractured,0.0183,Non_fractured,0.0008,Non_fractured,0.0188,Non_fractured,0.0109,Non_fractured
train,IMG0001266.jpg,Non_fractured,0.0017,Non_fractured,0.0010,Non_fractured,0.0014,Non_fractured,0.0013,Non_fractured
train,IMG0001267.jpg,Non_fractured,0.0028,Non_fractured,0.0010,Non_fractured,0.0130,Non_fractured,0.0047,Non_fractured
train,IMG0001268.jpg,Non_fractured,0.1870,Non_fractured,0.0053,Non_fractured,0.3065,Non_fractured,0.1398,Non_fractured
train,IMG0001269.jpg,Non_fractured,0.0034,Non_fractured,0.0000,Non_fractured,0.2528,Non_fractured,0.0668,Non_fractured
train,IMG0001270.jpg,Non_fractured,0.0031,Non_fractured,0.0011,Non_fractured,0.6194,Fractured,0.0608,Non_fractured
train,IMG0001271.jpg,Non_fractured,0.0952,Non_fractured,0.0014,Non_fractured,0.0838,Non_fractured,0.0518,Non_fractured
train,IMG0001273.jpg,Non_fractured,0.0071,Non_fractured,0.0003,Non_fractured,0.1861,Non_fractured,0.0507,Non_fractured
train,IMG0001274.jpg,Non_fractured,0.0066,Non_fractured,0.0001,Non_fractured,0.0046,Non_fractured,0.0033,Non_fractured
train,IMG0001275.jpg,Non_fractured,0.0111,Non_fractured,0.0018,Non_fractured,0.0088,Non_fractured,0.0065,Non_fractured
train,IMG0001276.jpg,Non_fractured,0.0023,Non_fractured,0.0000,Non_fractured,0.0166,Non_fractured,0.0051,Non_fractured
train,IMG0001277.jpg,Non_fractured,0.0490,Non_fractured,0.1161,Non_fractured,0.1174,Non_fractured,0.0957,Non_fractured
train,IMG0001278.jpg,Non_fractured,0.2142,Non_fractured,0.0383,Non_fractured,0.2463,Non_fractured,0.1468,Non_fractured
train,IMG0001279.jpg,Non_fractured,0.0610,Non_fractured,0.0013,Non_fractured,0.2057,Non_fractured,0.0729,Non_fractured
train,IMG0001280.jpg,Non_fractured,0.0315,Non_fractured,0.0035,Non_fractured,0.0882,Non_fractured,0.0342,Non_fractured
train,IMG0001281.jpg,Non_fractured,0.0012,Non_fractured,0.0048,Non_fractured,0.0364,Non_fractured,0.0119,Non_fractured
train,IMG0001282.jpg,Non_fractured,0.0002,Non_fractured,0.0015,Non_fractured,0.0240,Non_fractured,0.0069,Non_fractured
train,IMG0001283.jpg,Non_fractured,0.0003,Non_fractured,0.0045,Non_fractured,0.0017,Non_fractured,0.0025,Non_fractured
train,IMG0001285.jpg,Non_fractured,0.0156,Non_fractured,0.0009,Non_fractured,0.3334,Non_fractured,0.0382,Non_fractured
train,IMG0001286.jpg,Non_fractured,0.1570,Non_fractured,0.0019,Non_fractured,0.4353,Non_fractured,0.1019,Non_fractured
train,IMG0001287.jpg,Non_fractured,0.0346,Non_fractured,0.0015,Non_fractured,0.0204,Non_fractured,0.0167,Non_fractured
train,IMG0001289.jpg,Non_fractured,0.1422,Non_fractured,0.0002,Non_fractured,0.0505,Non_fractured,0.0572,Non_fractured
train,IMG0001291.jpg,Non_fractured,0.0067,Non_fractured,0.0020,Non_fractured,0.0464,Non_fractured,0.0150,Non_fractured
train,IMG0001292.jpg,Non_fractured,0.1774,Non_fractured,0.0007,Non_fractured,0.0209,Non_fractured,0.0606,Non_fractured
train,IMG0001293.jpg,Non_fractured,0.3408,Non_fractured,0.0047,Non_fractured,0.1593,Non_fractured,0.1488,Non_fractured
train,IMG0001294.jpg,Non_fractured,0.0155,Non_fractured,0.0162,Non_fractured,0.1127,Non_fractured,0.0411,Non_fractured
train,IMG0001295.jpg,Non_fractured,0.0047,Non_fractured,0.0001,Non_fractured,0.0174,Non_fractured,0.0060,Non_fractured
train,IMG0001296.jpg,Non_fractured,0.0239,Non_fractured,0.0006,Non_fractured,0.0937,Non_fractured,0.0320,Non_fractured
train,IMG0001297.jpg,Non_fractured,0.0061,Non_fractured,0.0137,Non_fractured,0.1405,Non_fractured,0.0443,Non_fractured
train,IMG0001298.jpg,Non_fractured,0.0045,Non_fractured,0.0011,Non_fractured,0.0166,Non_fractured,0.0062,Non_fractured
train,IMG0001300.jpg,Non_fractured,0.0001,Non_fractured,0.0002,Non_fractured,0.0512,Non_fractured,0.0134,Non_fractured
train,IMG0001301.jpg,Non_fractured,0.0789,Non_fractured,0.0006,Non_fractured,0.4388,Non_fractured,0.0720,Non_fractured
train,IMG0001302.jpg,Non_fractured,0.0087,Non_fractured,0.0156,Non_fractured,0.0996,Non_fractured,0.0353,Non_fractured
train,IMG0001304.jpg,Non_fractured,0.0064,Non_fractured,0.0005,Non_fractured,0.0555,Non_fractured,0.0166,Non_fractured
train,IMG0001305.jpg,Non_fractured,0.0333,Non_fractured,0.0193,Non_fractured,0.0040,Non_fractured,0.0197,Non_fractured
train,IMG0001306.jpg,Non_fractured,0.0003,Non_fractured,0.0068,Non_fractured,0.0024,Non_fractured,0.0036,Non_fractured
train,IMG0001307.jpg,Non_fractured,0.1393,Non_fractured,0.0109,Non_fractured,0.0504,Non_fractured,0.0609,Non_fractured
train,IMG0001308.jpg,Non_fractured,0.0126,Non_fractured,0.0061,Non_fractured,0.0608,Non_fractured,0.0223,Non_fractured
train,IMG0001309.jpg,Non_fractured,0.0109,Non_fractured,0.0011,Non_fractured,0.0133,Non_fractured,0.0073,Non_fractured
train,IMG0001311.jpg,Non_fractured,0.0337,Non_fractured,0.0001,Non_fractured,0.0006,Non_fractured,0.0106,Non_fractured
train,IMG0001312.jpg,Non_fractured,0.0118,Non_fractured,0.0028,Non_fractured,0.0585,Non_fractured,0.0200,Non_fractured
train,IMG0001313.jpg,Non_fractured,0.1558,Non_fractured,0.0019,Non_fractured,0.0612,Non_fractured,0.0649,Non_fractured
train,IMG0001315.jpg,Non_fractured,0.1061,Non_fractured,0.1148,Non_fractured,0.2134,Non_fractured,0.1378,Non_fractured
train,IMG0001317.jpg,Non_fractured,0.0246,Non_fractured,0.0037,Non_fractured,0.0976,Non_fractured,0.0346,Non_fractured
train,IMG0001319.jpg,Non_fractured,0.1713,Non_fractured,0.0273,Non_fractured,0.1105,Non_fractured,0.0935,Non_fractured
train,IMG0001321.jpg,Non_fractured,0.0081,Non_fractured,0.0000,Non_fractured,0.0854,Non_fractured,0.0247,Non_fractured
train,IMG0001322.jpg,Non_fractured,0.0211,Non_fractured,0.0019,Non_fractured,0.4557,Non_fractured,0.0524,Non_fractured
train,IMG0001323.jpg,Non_fractured,0.8714,Fractured,0.0776,Non_fractured,0.9272,Fractured,0.7319,Fractured
train,IMG0001324.jpg,Non_fractured,0.4131,Non_fractured,0.1358,Non_fractured,0.4393,Non_fractured,0.3005,Non_fractured
train,IMG0001325.jpg,Non_fractured,0.0011,Non_fractured,0.0002,Non_fractured,0.0047,Non_fractured,0.0017,Non_fractured
train,IMG0001326.jpg,Non_fractured,0.0017,Non_fractured,0.0001,Non_fractured,0.0045,Non_fractured,0.0018,Non_fractured
train,IMG0001328.jpg,Non_fractured,0.1913,Non_fractured,0.0005,Non_fractured,0.0105,Non_fractured,0.0621,Non_fractured
train,IMG0001329.jpg,Non_fractured,0.0617,Non_fractured,0.0006,Non_fractured,0.1522,Non_fractured,0.0589,Non_fractured
train,IMG0001330.jpg,Non_fractured,0.0186,Non_fractured,0.0025,Non_fractured,0.0305,Non_fractured,0.0147,Non_fractured
train,IMG0001331.jpg,Non_fractured,0.0003,Non_fractured,0.0000,Non_fractured,0.0005,Non_fractured,0.0002,Non_fractured
train,IMG0001333.jpg,Non_fractured,0.0011,Non_fractured,0.0055,Non_fractured,0.0251,Non_fractured,0.0093,Non_fractured
train,IMG0001334.jpg,Non_fractured,0.0256,Non_fractured,0.0023,Non_fractured,0.2300,Non_fractured,0.0687,Non_fractured
train,IMG0001335.jpg,Non_fractured,0.2079,Non_fractured,0.0151,Non_fractured,0.4084,Non_fractured,0.1770,Non_fractured
train,IMG0001336.jpg,Non_fractured,0.0610,Non_fractured,0.0007,Non_fractured,0.1956,Non_fractured,0.0700,Non_fractured
train,IMG0001337.jpg,Non_fractured,0.0983,Non_fractured,0.0001,Non_fractured,0.1843,Non_fractured,0.0784,Non_fractured
train,IMG0001339.jpg,Non_fractured,0.0168,Non_fractured,0.0010,Non_fractured,0.0191,Non_fractured,0.0106,Non_fractured
train,IMG0001340.jpg,Non_fractured,0.3278,Non_fractured,0.0026,Non_fractured,0.1665,Non_fractured,0.1458,Non_fractured
train,IMG0001341.jpg,Non_fractured,0.2757,Non_fractured,0.0451,Non_fractured,0.3911,Non_fractured,0.2064,Non_fractured
train,IMG0001342.jpg,Non_fractured,0.1153,Non_fractured,0.0437,Non_fractured,0.5454,Fractured,0.1186,Non_fractured
train,IMG0001343.jpg,Non_fractured,0.1199,Non_fractured,0.2654,Fractured,0.7286,Fractured,0.3240,Non_fractured
train,IMG0001344.jpg,Non_fractured,0.0816,Non_fractured,0.0963,Non_fractured,0.2934,Non_fractured,0.1430,Non_fractured
train,IMG0001345.jpg,Non_fractured,0.0007,Non_fractured,0.0002,Non_fractured,0.0018,Non_fractured,0.0008,Non_fractured
train,IMG0001346.jpg,Non_fractured,0.0679,Non_fractured,0.0001,Non_fractured,0.0579,Non_fractured,0.0361,Non_fractured
train,IMG0001348.jpg,Non_fractured,0.0874,Non_fractured,0.0140,Non_fractured,0.2335,Non_fractured,0.0938,Non_fractured
train,IMG0001349.jpg,Non_fractured,0.4320,Non_fractured,0.0082,Non_fractured,0.1532,Non_fractured,0.1065,Non_fractured
train,IMG0001353.jpg,Non_fractured,0.0070,Non_fractured,0.0019,Non_fractured,0.0061,Non_fractured,0.0045,Non_fractured
train,IMG0001354.jpg,Non_fractured,0.0597,Non_fractured,0.0147,Non_fractured,0.1968,Non_fractured,0.0760,Non_fractured
train,IMG0001355.jpg,Non_fractured,0.0093,Non_fractured,0.0001,Non_fractured,0.0546,Non_fractured,0.0171,Non_fractured
train,IMG0001357.jpg,Non_fractured,0.1134,Non_fractured,0.0025,Non_fractured,0.0174,Non_fractured,0.0407,Non_fractured
train,IMG0001358.jpg,Non_fractured,0.0010,Non_fractured,0.0001,Non_fractured,0.0081,Non_fractured,0.0025,Non_fractured
train,IMG0001359.jpg,Non_fractured,0.0015,Non_fractured,0.0084,Non_fractured,0.0017,Non_fractured,0.0045,Non_fractured
train,IMG0001368.jpg,Non_fractured,0.0206,Non_fractured,0.0016,Non_fractured,0.0711,Non_fractured,0.0255,Non_fractured
train,IMG0001370.jpg,Non_fractured,0.0067,Non_fractured,0.0004,Non_fractured,0.0478,Non_fractured,0.0147,Non_fractured
train,IMG0001371.jpg,Non_fractured,0.0950,Non_fractured,0.0002,Non_fractured,0.2125,Non_fractured,0.0847,Non_fractured
train,IMG0001372.jpg,Non_fractured,0.2666,Non_fractured,0.0076,Non_fractured,0.3846,Non_fractured,0.2985,Non_fractured
train,IMG0001373.jpg,Non_fractured,0.0454,Non_fractured,0.0012,Non_fractured,0.1112,Non_fractured,0.0435,Non_fractured
train,IMG0001375.jpg,Non_fractured,0.0380,Non_fractured,0.0004,Non_fractured,0.0008,Non_fractured,0.0121,Non_fractured
train,IMG0001376.jpg,Non_fractured,0.0499,Non_fractured,0.0006,Non_fractured,0.0667,Non_fractured,0.0331,Non_fractured
train,IMG0001377.jpg,Non_fractured,0.0377,Non_fractured,0.0001,Non_fractured,0.0467,Non_fractured,0.0239,Non_fractured
train,IMG0001378.jpg,Non_fractured,0.0011,Non_fractured,0.0002,Non_fractured,0.0295,Non_fractured,0.0081,Non_fractured
train,IMG0001379.jpg,Non_fractured,0.0019,Non_fractured,0.0010,Non_fractured,0.0118,Non_fractured,0.0041,Non_fractured
train,IMG0001384.jpg,Non_fractured,0.0000,Non_fractured,0.0001,Non_fractured,0.0296,Non_fractured,0.0078,Non_fractured
train,IMG0001385.jpg,Non_fractured,0.0409,Non_fractured,0.0004,Non_fractured,0.0598,Non_fractured,0.0284,Non_fractured
train,IMG0001389.jpg,Non_fractured,0.2955,Non_fractured,0.0409,Non_fractured,0.4967,Non_fractured,0.3065,Non_fractured
train,IMG0001393.jpg,Non_fractured,0.0010,Non_fractured,0.0000,Non_fractured,0.2066,Non_fractured,0.0540,Non_fractured
train,IMG0001394.jpg,Non_fractured,0.1906,Non_fractured,0.0003,Non_fractured,0.0122,Non_fractured,0.0623,Non_fractured
train,IMG0001395.jpg,Non_fractured,0.0256,Non_fractured,0.0182,Non_fractured,0.0003,Non_fractured,0.0159,Non_fractured
train,IMG0001397.jpg,Non_fractured,0.0326,Non_fractured,0.0005,Non_fractured,0.4302,Non_fractured,0.0536,Non_fractured
train,IMG0001398.jpg,Non_fractured,0.0365,Non_fractured,0.0026,Non_fractured,0.0886,Non_fractured,0.0354,Non_fractured
train,IMG0001400.jpg,Non_fractured,0.0027,Non_fractured,0.0069,Non_fractured,0.0002,Non_fractured,0.0039,Non_fractured
train,IMG0001401.jpg,Non_fractured,0.0000,Non_fractured,0.0004,Non_fractured,0.0169,Non_fractured,0.0046,Non_fractured
train,IMG0001402.jpg,Non_fractured,0.0000,Non_fractured,0.0001,Non_fractured,0.0167,Non_fractured,0.0044,Non_fractured
train,IMG0001404.jpg,Non_fractured,0.0201,Non_fractured,0.0025,Non_fractured,0.0098,Non_fractured,0.0099,Non_fractured
train,IMG0001405.jpg,Non_fractured,0.0823,Non_fractured,0.0001,Non_fractured,0.0205,Non_fractured,0.0308,Non_fractured
train,IMG0001406.jpg,Non_fractured,0.1587,Non_fractured,0.0132,Non_fractured,0.1609,Non_fractured,0.0966,Non_fractured
train,IMG0001407.jpg,Non_fractured,0.0066,Non_fractured,0.0001,Non_fractured,0.0297,Non_fractured,0.0098,Non_fractured
train,IMG0001408.jpg,Non_fractured,0.0735,Non_fractured,0.0191,Non_fractured,0.0894,Non_fractured,0.0542,Non_fractured
train,IMG0001409.jpg,Non_fractured,0.0970,Non_fractured,0.0134,Non_fractured,0.0961,Non_fractured,0.0608,Non_fractured
train,IMG0001412.jpg,Non_fractured,0.1077,Non_fractured,0.0018,Non_fractured,0.0237,Non_fractured,0.0402,Non_fractured
train,IMG0001413.jpg,Non_fractured,0.1638,Non_fractured,0.1209,Non_fractured,0.3400,Non_fractured,0.1911,Non_fractured
train,IMG0001414.jpg,Non_fractured,0.0138,Non_fractured,0.0001,Non_fractured,0.0036,Non_fractured,0.0052,Non_fractured
train,IMG0001415.jpg,Non_fractured,0.0001,Non_fractured,0.0045,Non_fractured,0.0698,Non_fractured,0.0201,Non_fractured
train,IMG0001416.jpg,Non_fractured,0.0101,Non_fractured,0.0004,Non_fractured,0.0194,Non_fractured,0.0083,Non_fractured
train,IMG0001417.jpg,Non_fractured,0.0056,Non_fractured,0.0010,Non_fractured,0.0022,Non_fractured,0.0028,Non_fractured
train,IMG0001418.jpg,Non_fractured,0.0052,Non_fractured,0.0112,Non_fractured,0.0037,Non_fractured,0.0074,Non_fractured
train,IMG0001419.jpg,Non_fractured,0.0529,Non_fractured,0.0009,Non_fractured,0.0495,Non_fractured,0.0296,Non_fractured
train,IMG0001420.jpg,Non_fractured,0.0072,Non_fractured,0.0001,Non_fractured,0.0216,Non_fractured,0.0079,Non_fractured
train,IMG0001421.jpg,Non_fractured,0.0444,Non_fractured,0.0047,Non_fractured,0.0096,Non_fractured,0.0182,Non_fractured
train,IMG0001422.jpg,Non_fractured,0.0040,Non_fractured,0.0026,Non_fractured,0.3000,Non_fractured,0.0804,Non_fractured
train,IMG0001423.jpg,Non_fractured,0.3997,Non_fractured,0.0003,Non_fractured,0.1570,Non_fractured,0.0996,Non_fractured
train,IMG0001424.jpg,Non_fractured,0.0077,Non_fractured,0.0005,Non_fractured,0.0026,Non_fractured,0.0033,Non_fractured
train,IMG0001426.jpg,Non_fractured,0.0975,Non_fractured,0.0014,Non_fractured,0.1175,Non_fractured,0.0613,Non_fractured
train,IMG0001427.jpg,Non_fractured,0.1348,Non_fractured,0.0665,Non_fractured,0.3778,Non_fractured,0.1685,Non_fractured
train,IMG0001429.jpg,Non_fractured,0.0163,Non_fractured,0.0006,Non_fractured,0.0189,Non_fractured,0.0102,Non_fractured
train,IMG0001430.jpg,Non_fractured,0.0087,Non_fractured,0.0001,Non_fractured,0.0027,Non_fractured,0.0034,Non_fractured
train,IMG0001431.jpg,Non_fractured,0.0011,Non_fractured,0.0007,Non_fractured,0.1181,Non_fractured,0.0313,Non_fractured
train,IMG0001432.jpg,Non_fractured,0.0055,Non_fractured,0.0006,Non_fractured,0.0232,Non_fractured,0.0080,Non_fractured
train,IMG0001433.jpg,Non_fractured,0.0082,Non_fractured,0.0012,Non_fractured,0.0046,Non_fractured,0.0043,Non_fractured
train,IMG0001436.jpg,Non_fractured,0.0997,Non_fractured,0.0000,Non_fractured,0.0213,Non_fractured,0.0364,Non_fractured
train,IMG0001437.jpg,Non_fractured,0.6906,Fractured,0.0020,Non_fractured,0.5201,Non_fractured,0.5037,Fractured
train,IMG0001438.jpg,Non_fractured,0.0148,Non_fractured,0.0069,Non_fractured,0.1166,Non_fractured,0.0378,Non_fractured
train,IMG0001439.jpg,Non_fractured,0.0111,Non_fractured,0.0002,Non_fractured,0.0291,Non_fractured,0.0111,Non_fractured
train,IMG0001442.jpg,Non_fractured,0.0049,Non_fractured,0.0010,Non_fractured,0.2449,Non_fractured,0.0656,Non_fractured
train,IMG0001443.jpg,Non_fractured,0.0172,Non_fractured,0.0033,Non_fractured,0.0348,Non_fractured,0.0158,Non_fractured
train,IMG0001444.jpg,Non_fractured,0.0013,Non_fractured,0.0047,Non_fractured,0.0028,Non_fractured,0.0031,Non_fractured
train,IMG0001446.jpg,Non_fractured,0.0138,Non_fractured,0.0025,Non_fractured,0.0051,Non_fractured,0.0067,Non_fractured
train,IMG0001447.jpg,Non_fractured,0.0035,Non_fractured,0.0008,Non_fractured,0.1116,Non_fractured,0.0304,Non_fractured
train,IMG0001449.jpg,Non_fractured,0.0031,Non_fractured,0.0000,Non_fractured,0.0303,Non_fractured,0.0089,Non_fractured
train,IMG0001450.jpg,Non_fractured,0.0070,Non_fractured,0.0000,Non_fractured,0.1189,Non_fractured,0.0331,Non_fractured
train,IMG0001451.jpg,Non_fractured,0.0084,Non_fractured,0.0000,Non_fractured,0.1015,Non_fractured,0.0290,Non_fractured
train,IMG0001452.jpg,Non_fractured,0.0793,Non_fractured,0.0007,Non_fractured,0.0302,Non_fractured,0.0327,Non_fractured
train,IMG0001453.jpg,Non_fractured,0.0457,Non_fractured,0.0008,Non_fractured,0.0857,Non_fractured,0.0368,Non_fractured
train,IMG0001455.jpg,Non_fractured,0.0059,Non_fractured,0.0132,Non_fractured,0.0155,Non_fractured,0.0116,Non_fractured
train,IMG0001456.jpg,Non_fractured,0.0383,Non_fractured,0.0097,Non_fractured,0.0660,Non_fractured,0.0332,Non_fractured
train,IMG0001457.jpg,Non_fractured,0.0065,Non_fractured,0.0000,Non_fractured,0.0439,Non_fractured,0.0134,Non_fractured
train,IMG0001458.jpg,Non_fractured,0.0030,Non_fractured,0.0022,Non_fractured,0.0349,Non_fractured,0.0110,Non_fractured
train,IMG0001459.jpg,Non_fractured,0.0000,Non_fractured,0.0003,Non_fractured,0.0097,Non_fractured,0.0027,Non_fractured
train,IMG0001460.jpg,Non_fractured,0.0031,Non_fractured,0.0000,Non_fractured,0.1426,Non_fractured,0.0381,Non_fractured
train,IMG0001461.jpg,Non_fractured,0.0081,Non_fractured,0.0004,Non_fractured,0.1587,Non_fractured,0.0440,Non_fractured
train,IMG0001464.jpg,Non_fractured,0.0428,Non_fractured,0.0143,Non_fractured,0.0289,Non_fractured,0.0269,Non_fractured
train,IMG0001465.jpg,Non_fractured,0.8032,Fractured,0.1022,Non_fractured,0.2408,Non_fractured,0.3576,Non_fractured
train,IMG0001467.jpg,Non_fractured,0.0002,Non_fractured,0.0017,Non_fractured,0.0140,Non_fractured,0.0044,Non_fractured
train,IMG0001468.jpg,Non_fractured,0.0028,Non_fractured,0.0001,Non_fractured,0.0122,Non_fractured,0.0041,Non_fractured
train,IMG0001469.jpg,Non_fractured,0.0001,Non_fractured,0.0000,Non_fractured,0.0139,Non_fractured,0.0037,Non_fractured
train,IMG0001471.jpg,Non_fractured,0.0000,Non_fractured,0.0001,Non_fractured,0.0039,Non_fractured,0.0011,Non_fractured
train,IMG0001472.jpg,Non_fractured,0.0263,Non_fractured,0.0081,Non_fractured,0.0177,Non_fractured,0.0163,Non_fractured
train,IMG0001473.jpg,Non_fractured,0.0002,Non_fractured,0.0004,Non_fractured,0.0030,Non_fractured,0.0010,Non_fractured
train,IMG0001474.jpg,Non_fractured,0.0076,Non_fractured,0.0011,Non_fractured,0.0067,Non_fractured,0.0046,Non_fractured
train,IMG0001475.jpg,Non_fractured,0.0005,Non_fractured,0.0017,Non_fractured,0.0235,Non_fractured,0.0070,Non_fractured
train,IMG0001477.jpg,Non_fractured,0.1482,Non_fractured,0.0000,Non_fractured,0.0501,Non_fractured,0.0589,Non_fractured
train,IMG0001478.jpg,Non_fractured,0.0235,Non_fractured,0.0001,Non_fractured,0.1355,Non_fractured,0.0425,Non_fractured
train,IMG0001479.jpg,Non_fractured,0.0024,Non_fractured,0.0003,Non_fractured,0.0118,Non_fractured,0.0039,Non_fractured
train,IMG0001480.jpg,Non_fractured,0.0140,Non_fractured,0.0101,Non_fractured,0.0144,Non_fractured,0.0124,Non_fractured
train,IMG0001481.jpg,Non_fractured,0.0029,Non_fractured,0.0001,Non_fractured,0.0004,Non_fractured,0.0010,Non_fractured
train,IMG0001483.jpg,Non_fractured,0.0002,Non_fractured,0.0002,Non_fractured,0.0241,Non_fractured,0.0064,Non_fractured
train,IMG0001484.jpg,Non_fractured,0.0135,Non_fractured,0.0038,Non_fractured,0.0166,Non_fractured,0.0101,Non_fractured
train,IMG0001485.jpg,Non_fractured,0.0367,Non_fractured,0.0007,Non_fractured,0.0460,Non_fractured,0.0236,Non_fractured
train,IMG0001486.jpg,Non_fractured,0.1572,Non_fractured,0.4856,Fractured,0.1841,Non_fractured,0.3056,Non_fractured
train,IMG0001487.jpg,Non_fractured,0.0174,Non_fractured,0.0006,Non_fractured,0.0061,Non_fractured,0.0073,Non_fractured
train,IMG0001489.jpg,Non_fractured,0.0007,Non_fractured,0.0010,Non_fractured,0.1036,Non_fractured,0.0276,Non_fractured
train,IMG0001490.jpg,Non_fractured,0.0058,Non_fractured,0.0011,Non_fractured,0.0034,Non_fractured,0.0031,Non_fractured
train,IMG0001491.jpg,Non_fractured,0.2398,Non_fractured,0.0002,Non_fractured,0.5596,Fractured,0.2738,Non_fractured
train,IMG0001492.jpg,Non_fractured,0.1453,Non_fractured,0.0038,Non_fractured,0.1680,Non_fractured,0.0903,Non_fractured
train,IMG0001493.jpg,Non_fractured,0.0648,Non_fractured,0.0004,Non_fractured,0.0134,Non_fractured,0.0237,Non_fractured
train,IMG0001497.jpg,Non_fractured,0.0011,Non_fractured,0.0001,Non_fractured,0.0043,Non_fractured,0.0015,Non_fractured
train,IMG0001498.jpg,Non_fractured,0.0137,Non_fractured,0.0024,Non_fractured,0.0225,Non_fractured,0.0111,Non_fractured
train,IMG0001499.jpg,Non_fractured,0.0000,Non_fractured,0.0000,Non_fractured,0.0017,Non_fractured,0.0005,Non_fractured
train,IMG0001500.jpg,Non_fractured,0.0425,Non_fractured,0.0332,Non_fractured,0.0754,Non_fractured,0.0471,Non_fractured
train,IMG0001502.jpg,Non_fractured,0.0005,Non_fractured,0.0025,Non_fractured,0.0014,Non_fractured,0.0016,Non_fractured
train,IMG0001503.jpg,Non_fractured,0.0017,Non_fractured,0.0158,Non_fractured,0.0027,Non_fractured,0.0080,Non_fractured
train,IMG0001504.jpg,Non_fractured,0.3156,Non_fractured,0.0017,Non_fractured,0.1256,Non_fractured,0.1310,Non_fractured
train,IMG0001506.jpg,Non_fractured,0.0274,Non_fractured,0.0036,Non_fractured,0.1730,Non_fractured,0.0550,Non_fractured
train,IMG0001507.jpg,Non_fractured,0.0253,Non_fractured,0.0000,Non_fractured,0.0476,Non_fractured,0.0202,Non_fractured
train,IMG0001508.jpg,Non_fractured,0.0002,Non_fractured,0.0000,Non_fractured,0.0016,Non_fractured,0.0005,Non_fractured
train,IMG0001509.jpg,Non_fractured,0.0733,Non_fractured,0.0010,Non_fractured,0.1113,Non_fractured,0.0521,Non_fractured
train,IMG0001510.jpg,Non_fractured,0.0427,Non_fractured,0.0068,Non_fractured,0.0975,Non_fractured,0.0415,Non_fractured
train,IMG0001511.jpg,Non_fractured,0.1805,Non_fractured,0.0003,Non_fractured,0.0100,Non_fractured,0.0585,Non_fractured
train,IMG0001512.jpg,Non_fractured,0.0098,Non_fractured,0.0006,Non_fractured,0.0235,Non_fractured,0.0094,Non_fractured
train,IMG0001513.jpg,Non_fractured,0.0045,Non_fractured,0.0005,Non_fractured,0.0039,Non_fractured,0.0026,Non_fractured
train,IMG0001514.jpg,Non_fractured,0.0034,Non_fractured,0.0002,Non_fractured,0.0177,Non_fractured,0.0057,Non_fractured
train,IMG0001515.jpg,Non_fractured,0.0064,Non_fractured,0.0007,Non_fractured,0.2270,Non_fractured,0.0613,Non_fractured
train,IMG0001517.jpg,Non_fractured,0.0105,Non_fractured,0.0002,Non_fractured,0.1864,Non_fractured,0.0518,Non_fractured
train,IMG0001518.jpg,Non_fractured,0.2885,Non_fractured,0.0527,Non_fractured,0.0399,Non_fractured,0.1223,Non_fractured
train,IMG0001519.jpg,Non_fractured,0.0072,Non_fractured,0.0013,Non_fractured,0.1431,Non_fractured,0.0400,Non_fractured
train,IMG0001521.jpg,Non_fractured,0.4972,Non_fractured,0.0284,Non_fractured,0.7451,Fractured,0.4952,Fractured
train,IMG0001522.jpg,Non_fractured,0.0579,Non_fractured,0.0259,Non_fractured,0.2833,Non_fractured,0.1027,Non_fractured
train,IMG0001523.jpg,Non_fractured,0.0114,Non_fractured,0.0172,Non_fractured,0.0844,Non_fractured,0.0329,Non_fractured
train,IMG0001524.jpg,Non_fractured,0.0317,Non_fractured,0.0032,Non_fractured,0.0143,Non_fractured,0.0149,Non_fractured
train,IMG0001525.jpg,Non_fractured,0.0068,Non_fractured,0.0001,Non_fractured,0.0145,Non_fractured,0.0059,Non_fractured
train,IMG0001526.jpg,Non_fractured,0.0032,Non_fractured,0.0002,Non_fractured,0.0815,Non_fractured,0.0222,Non_fractured
train,IMG0001528.jpg,Non_fractured,0.2997,Non_fractured,0.0018,Non_fractured,0.2869,Non_fractured,0.1681,Non_fractured
train,IMG0001529.jpg,Non_fractured,0.4331,Non_fractured,0.0003,Non_fractured,0.1400,Non_fractured,0.0979,Non_fractured
train,IMG0001530.jpg,Non_fractured,0.0019,Non_fractured,0.0010,Non_fractured,0.0150,Non_fractured,0.0049,Non_fractured
train,IMG0001531.jpg,Non_fractured,0.0004,Non_fractured,0.0026,Non_fractured,0.0003,Non_fractured,0.0013,Non_fractured
train,IMG0001532.jpg,Non_fractured,0.0197,Non_fractured,0.0003,Non_fractured,0.0167,Non_fractured,0.0106,Non_fractured
train,IMG0001533.jpg,Non_fractured,0.0500,Non_fractured,0.0138,Non_fractured,0.1745,Non_fractured,0.0668,Non_fractured
train,IMG0001534.jpg,Non_fractured,0.0208,Non_fractured,0.0002,Non_fractured,0.0296,Non_fractured,0.0142,Non_fractured
train,IMG0001535.jpg,Non_fractured,0.0025,Non_fractured,0.0002,Non_fractured,0.0027,Non_fractured,0.0016,Non_fractured
train,IMG0001536.jpg,Non_fractured,0.0008,Non_fractured,0.0000,Non_fractured,0.0134,Non_fractured,0.0037,Non_fractured
train,IMG0001537.jpg,Non_fractured,0.6536,Fractured,0.5913,Fractured,0.5761,Fractured,0.6066,Fractured
train,IMG0001538.jpg,Non_fractured,0.4905,Non_fractured,0.4443,Fractured,0.5286,Fractured,0.4805,Fractured
train,IMG0001539.jpg,Non_fractured,0.0136,Non_fractured,0.0159,Non_fractured,0.0643,Non_fractured,0.0278,Non_fractured
train,IMG0001540.jpg,Non_fractured,0.0108,Non_fractured,0.0069,Non_fractured,0.1534,Non_fractured,0.0462,Non_fractured
train,IMG0001542.jpg,Non_fractured,0.0159,Non_fractured,0.0000,Non_fractured,0.0531,Non_fractured,0.0187,Non_fractured
train,IMG0001543.jpg,Non_fractured,0.0233,Non_fractured,0.0001,Non_fractured,0.0728,Non_fractured,0.0262,Non_fractured
train,IMG0001545.jpg,Non_fractured,0.2762,Non_fractured,0.0878,Non_fractured,0.0168,Non_fractured,0.1276,Non_fractured
train,IMG0001547.jpg,Non_fractured,0.0307,Non_fractured,0.0009,Non_fractured,0.0025,Non_fractured,0.0105,Non_fractured
train,IMG0001548.jpg,Non_fractured,0.0172,Non_fractured,0.0113,Non_fractured,0.0023,Non_fractured,0.0108,Non_fractured
train,IMG0001549.jpg,Non_fractured,0.0042,Non_fractured,0.0006,Non_fractured,0.0138,Non_fractured,0.0051,Non_fractured
train,IMG0001550.jpg,Non_fractured,0.0002,Non_fractured,0.0001,Non_fractured,0.0232,Non_fractured,0.0061,Non_fractured
train,IMG0001552.jpg,Non_fractured,0.0009,Non_fractured,0.0004,Non_fractured,0.1793,Non_fractured,0.0471,Non_fractured
train,IMG0001553.jpg,Non_fractured,0.0793,Non_fractured,0.0015,Non_fractured,0.0425,Non_fractured,0.0363,Non_fractured
train,IMG0001554.jpg,Non_fractured,0.0000,Non_fractured,0.0006,Non_fractured,0.0004,Non_fractured,0.0004,Non_fractured
train,IMG0001555.jpg,Non_fractured,0.0727,Non_fractured,0.0019,Non_fractured,0.0266,Non_fractured,0.0302,Non_fractured
train,IMG0001556.jpg,Non_fractured,0.2014,Non_fractured,0.0016,Non_fractured,0.0068,Non_fractured,0.0648,Non_fractured
train,IMG0001557.jpg,Non_fractured,0.2463,Non_fractured,0.3970,Fractured,0.4802,Non_fractured,0.3720,Non_fractured
train,IMG0001558.jpg,Non_fractured,0.1653,Non_fractured,0.0408,Non_fractured,0.3895,Non_fractured,0.1700,Non_fractured
train,IMG0001559.jpg,Non_fractured,0.0530,Non_fractured,0.0004,Non_fractured,0.2149,Non_fractured,0.0724,Non_fractured
train,IMG0001560.jpg,Non_fractured,0.0200,Non_fractured,0.0001,Non_fractured,0.0028,Non_fractured,0.0070,Non_fractured
train,IMG0001562.jpg,Non_fractured,0.0034,Non_fractured,0.0013,Non_fractured,0.0023,Non_fractured,0.0022,Non_fractured
train,IMG0001563.jpg,Non_fractured,0.0569,Non_fractured,0.0018,Non_fractured,0.1489,Non_fractured,0.0571,Non_fractured
train,IMG0001565.jpg,Non_fractured,0.1661,Non_fractured,0.0089,Non_fractured,0.0035,Non_fractured,0.0561,Non_fractured
train,IMG0001566.jpg,Non_fractured,0.0295,Non_fractured,0.0016,Non_fractured,0.0487,Non_fractured,0.0225,Non_fractured
train,IMG0001567.jpg,Non_fractured,0.1451,Non_fractured,0.0007,Non_fractured,0.0426,Non_fractured,0.0563,Non_fractured
train,IMG0001569.jpg,Non_fractured,0.1462,Non_fractured,0.0006,Non_fractured,0.0050,Non_fractured,0.0468,Non_fractured
train,IMG0001573.jpg,Non_fractured,0.0750,Non_fractured,0.0042,Non_fractured,0.7404,Fractured,0.1885,Non_fractured
train,IMG0001574.jpg,Non_fractured,0.3455,Non_fractured,0.0325,Non_fractured,0.4286,Non_fractured,0.3588,Non_fractured
train,IMG0001575.jpg,Non_fractured,0.4843,Non_fractured,0.0123,Non_fractured,0.4758,Non_fractured,0.4475,Fractured
train,IMG0001576.jpg,Non_fractured,0.0663,Non_fractured,0.0047,Non_fractured,0.0741,Non_fractured,0.0418,Non_fractured
train,IMG0001579.jpg,Non_fractured,0.0034,Non_fractured,0.0010,Non_fractured,0.0130,Non_fractured,0.0048,Non_fractured
train,IMG0001580.jpg,Non_fractured,0.0007,Non_fractured,0.0009,Non_fractured,0.0174,Non_fractured,0.0051,Non_fractured
train,IMG0001581.jpg,Non_fractured,0.0128,Non_fractured,0.0068,Non_fractured,0.0013,Non_fractured,0.0072,Non_fractured
train,IMG0001582.jpg,Non_fractured,0.0017,Non_fractured,0.0002,Non_fractured,0.1690,Non_fractured,0.0445,Non_fractured
train,IMG0001584.jpg,Non_fractured,0.0199,Non_fractured,0.0020,Non_fractured,0.1983,Non_fractured,0.0586,Non_fractured
train,IMG0001585.jpg,Non_fractured,0.0694,Non_fractured,0.0005,Non_fractured,0.0613,Non_fractured,0.0376,Non_fractured
train,IMG0001586.jpg,Non_fractured,0.0819,Non_fractured,0.0827,Non_fractured,0.2142,Non_fractured,0.1166,Non_fractured
train,IMG0001587.jpg,Non_fractured,0.6272,Fractured,0.0393,Non_fractured,0.2626,Non_fractured,0.3238,Non_fractured
train,IMG0001589.jpg,Non_fractured,0.1202,Non_fractured,0.0006,Non_fractured,0.0224,Non_fractured,0.0433,Non_fractured
train,IMG0001590.jpg,Non_fractured,0.0007,Non_fractured,0.0004,Non_fractured,0.0097,Non_fractured,0.0029,Non_fractured
train,IMG0001591.jpg,Non_fractured,0.0126,Non_fractured,0.0002,Non_fractured,0.0176,Non_fractured,0.0086,Non_fractured
train,IMG0001592.jpg,Non_fractured,0.0276,Non_fractured,0.0016,Non_fractured,0.2281,Non_fractured,0.0686,Non_fractured
train,IMG0001593.jpg,Non_fractured,0.0478,Non_fractured,0.0014,Non_fractured,0.0051,Non_fractured,0.0167,Non_fractured
train,IMG0001594.jpg,Non_fractured,0.1311,Non_fractured,0.0001,Non_fractured,0.2009,Non_fractured,0.0928,Non_fractured
train,IMG0001595.jpg,Non_fractured,0.0072,Non_fractured,0.0002,Non_fractured,0.0669,Non_fractured,0.0197,Non_fractured
train,IMG0001596.jpg,Non_fractured,0.8885,Fractured,0.0067,Non_fractured,0.0867,Non_fractured,0.5251,Fractured
train,IMG0001597.jpg,Non_fractured,0.1036,Non_fractured,0.0005,Non_fractured,0.2107,Non_fractured,0.0870,Non_fractured
train,IMG0001598.jpg,Non_fractured,0.2561,Non_fractured,0.0016,Non_fractured,0.0205,Non_fractured,0.0852,Non_fractured
train,IMG0001601.jpg,Non_fractured,0.1192,Non_fractured,0.0044,Non_fractured,0.1109,Non_fractured,0.0676,Non_fractured
train,IMG0001602.jpg,Non_fractured,0.1935,Non_fractured,0.1083,Non_fractured,0.2443,Non_fractured,0.1700,Non_fractured
train,IMG0001603.jpg,Non_fractured,0.0087,Non_fractured,0.0001,Non_fractured,0.1642,Non_fractured,0.0454,Non_fractured
train,IMG0001605.jpg,Non_fractured,0.0387,Non_fractured,0.0006,Non_fractured,0.0114,Non_fractured,0.0152,Non_fractured
train,IMG0001606.jpg,Non_fractured,0.0167,Non_fractured,0.0052,Non_fractured,0.0604,Non_fractured,0.0231,Non_fractured
train,IMG0001607.jpg,Non_fractured,0.0312,Non_fractured,0.0058,Non_fractured,0.2145,Non_fractured,0.0679,Non_fractured
train,IMG0001608.jpg,Non_fractured,0.2612,Non_fractured,0.0022,Non_fractured,0.7118,Fractured,0.3169,Non_fractured
train,IMG0001610.jpg,Non_fractured,0.0176,Non_fractured,0.0062,Non_fractured,0.0216,Non_fractured,0.0137,Non_fractured
train,IMG0001613.jpg,Non_fractured,0.3294,Non_fractured,0.0037,Non_fractured,0.1047,Non_fractured,0.1307,Non_fractured
train,IMG0001614.jpg,Non_fractured,0.0016,Non_fractured,0.0000,Non_fractured,0.0080,Non_fractured,0.0026,Non_fractured
train,IMG0001615.jpg,Non_fractured,0.0565,Non_fractured,0.0002,Non_fractured,0.2024,Non_fractured,0.0702,Non_fractured
train,IMG0001616.jpg,Non_fractured,0.0166,Non_fractured,0.0001,Non_fractured,0.0893,Non_fractured,0.0284,Non_fractured
train,IMG0001617.jpg,Non_fractured,0.1955,Non_fractured,0.0009,Non_fractured,0.0180,Non_fractured,0.0655,Non_fractured
train,IMG0001618.jpg,Non_fractured,0.0030,Non_fractured,0.0030,Non_fractured,0.0218,Non_fractured,0.0079,Non_fractured
train,IMG0001619.jpg,Non_fractured,0.0659,Non_fractured,0.0001,Non_fractured,0.0661,Non_fractured,0.0376,Non_fractured
train,IMG0001620.jpg,Non_fractured,0.0184,Non_fractured,0.0022,Non_fractured,0.0573,Non_fractured,0.0215,Non_fractured
train,IMG0001621.jpg,Non_fractured,0.1187,Non_fractured,0.0223,Non_fractured,0.0706,Non_fractured,0.0647,Non_fractured
train,IMG0001622.jpg,Non_fractured,0.0217,Non_fractured,0.0088,Non_fractured,0.1268,Non_fractured,0.0435,Non_fractured
train,IMG0001623.jpg,Non_fractured,0.1263,Non_fractured,0.0005,Non_fractured,0.3715,Non_fractured,0.1359,Non_fractured
train,IMG0001624.jpg,Non_fractured,0.0055,Non_fractured,0.0004,Non_fractured,0.0113,Non_fractured,0.0048,Non_fractured
train,IMG0001625.jpg,Non_fractured,0.0004,Non_fractured,0.0002,Non_fractured,0.0022,Non_fractured,0.0008,Non_fractured
train,IMG0001626.jpg,Non_fractured,0.0322,Non_fractured,0.0001,Non_fractured,0.0550,Non_fractured,0.0243,Non_fractured
train,IMG0001627.jpg,Non_fractured,0.6784,Fractured,0.0017,Non_fractured,0.4582,Non_fractured,0.4602,Fractured
train,IMG0001628.jpg,Non_fractured,0.0493,Non_fractured,0.0012,Non_fractured,0.2260,Non_fractured,0.0745,Non_fractured
train,IMG0001629.jpg,Non_fractured,0.0641,Non_fractured,0.0005,Non_fractured,0.0104,Non_fractured,0.0227,Non_fractured
train,IMG0001632.jpg,Non_fractured,0.4853,Non_fractured,0.0004,Non_fractured,0.7884,Fractured,0.4917,Fractured
train,IMG0001633.jpg,Non_fractured,0.0392,Non_fractured,0.0338,Non_fractured,0.0585,Non_fractured,0.0419,Non_fractured
train,IMG0001635.jpg,Non_fractured,0.0755,Non_fractured,0.0000,Non_fractured,0.0379,Non_fractured,0.0332,Non_fractured
train,IMG0001636.jpg,Non_fractured,0.0293,Non_fractured,0.0008,Non_fractured,0.0044,Non_fractured,0.0106,Non_fractured
train,IMG0001637.jpg,Non_fractured,0.0051,Non_fractured,0.0054,Non_fractured,0.0289,Non_fractured,0.0114,Non_fractured
train,IMG0001638.jpg,Non_fractured,0.1196,Non_fractured,0.0034,Non_fractured,0.0094,Non_fractured,0.0409,Non_fractured
train,IMG0001641.jpg,Non_fractured,0.0003,Non_fractured,0.0008,Non_fractured,0.0007,Non_fractured,0.0006,Non_fractured
train,IMG0001642.jpg,Non_fractured,0.0030,Non_fractured,0.0065,Non_fractured,0.0006,Non_fractured,0.0039,Non_fractured
train,IMG0001643.jpg,Non_fractured,0.0131,Non_fractured,0.0004,Non_fractured,0.0076,Non_fractured,0.0062,Non_fractured
train,IMG0001644.jpg,Non_fractured,0.0106,Non_fractured,0.0007,Non_fractured,0.0056,Non_fractured,0.0051,Non_fractured
train,IMG0001645.jpg,Non_fractured,0.0067,Non_fractured,0.0001,Non_fractured,0.0285,Non_fractured,0.0095,Non_fractured
train,IMG0001646.jpg,Non_fractured,0.1782,Non_fractured,0.0114,Non_fractured,0.0398,Non_fractured,0.0704,Non_fractured
train,IMG0001647.jpg,Non_fractured,0.0156,Non_fractured,0.0003,Non_fractured,0.0015,Non_fractured,0.0053,Non_fractured
train,IMG0001648.jpg,Non_fractured,0.0012,Non_fractured,0.0042,Non_fractured,0.0008,Non_fractured,0.0024,Non_fractured
train,IMG0001650.jpg,Non_fractured,0.0029,Non_fractured,0.0003,Non_fractured,0.0088,Non_fractured,0.0033,Non_fractured
train,IMG0001652.jpg,Non_fractured,0.1382,Non_fractured,0.0050,Non_fractured,0.0570,Non_fractured,0.0597,Non_fractured
train,IMG0001653.jpg,Non_fractured,0.0003,Non_fractured,0.0014,Non_fractured,0.0011,Non_fractured,0.0010,Non_fractured
train,IMG0001654.jpg,Non_fractured,0.0040,Non_fractured,0.0008,Non_fractured,0.0105,Non_fractured,0.0043,Non_fractured
train,IMG0001655.jpg,Non_fractured,0.0007,Non_fractured,0.0003,Non_fractured,0.0477,Non_fractured,0.0127,Non_fractured
train,IMG0001656.jpg,Non_fractured,0.0428,Non_fractured,0.0003,Non_fractured,0.0438,Non_fractured,0.0248,Non_fractured
train,IMG0001657.jpg,Non_fractured,0.0007,Non_fractured,0.0064,Non_fractured,0.0018,Non_fractured,0.0034,Non_fractured
train,IMG0001658.jpg,Non_fractured,0.0430,Non_fractured,0.0092,Non_fractured,0.0495,Non_fractured,0.0301,Non_fractured
train,IMG0001659.jpg,Non_fractured,0.0046,Non_fractured,0.0040,Non_fractured,0.0010,Non_fractured,0.0034,Non_fractured
train,IMG0001660.jpg,Non_fractured,0.0550,Non_fractured,0.0004,Non_fractured,0.0707,Non_fractured,0.0356,Non_fractured
train,IMG0001661.jpg,Non_fractured,0.0113,Non_fractured,0.0010,Non_fractured,0.1934,Non_fractured,0.0542,Non_fractured
train,IMG0001662.jpg,Non_fractured,0.0964,Non_fractured,0.0081,Non_fractured,0.8774,Fractured,0.4721,Fractured
train,IMG0001663.jpg,Non_fractured,0.6106,Fractured,0.2088,Fractured,0.6415,Fractured,0.5954,Fractured
train,IMG0001664.jpg,Non_fractured,0.0020,Non_fractured,0.0002,Non_fractured,0.0087,Non_fractured,0.0029,Non_fractured
train,IMG0001665.jpg,Non_fractured,0.0013,Non_fractured,0.0040,Non_fractured,0.0004,Non_fractured,0.0022,Non_fractured
train,IMG0001668.jpg,Non_fractured,0.0518,Non_fractured,0.0022,Non_fractured,0.1468,Non_fractured,0.0551,Non_fractured
train,IMG0001669.jpg,Non_fractured,0.0132,Non_fractured,0.0006,Non_fractured,0.0231,Non_fractured,0.0104,Non_fractured
train,IMG0001672.jpg,Non_fractured,0.0072,Non_fractured,0.0001,Non_fractured,0.0031,Non_fractured,0.0031,Non_fractured
train,IMG0001673.jpg,Non_fractured,0.0003,Non_fractured,0.0011,Non_fractured,0.0224,Non_fractured,0.0064,Non_fractured
train,IMG0001675.jpg,Non_fractured,0.0288,Non_fractured,0.0011,Non_fractured,0.0097,Non_fractured,0.0119,Non_fractured
train,IMG0001677.jpg,Non_fractured,0.0016,Non_fractured,0.0000,Non_fractured,0.0378,Non_fractured,0.0103,Non_fractured
train,IMG0001679.jpg,Non_fractured,0.0070,Non_fractured,0.0002,Non_fractured,0.0502,Non_fractured,0.0153,Non_fractured
train,IMG0001681.jpg,Non_fractured,0.0146,Non_fractured,0.0032,Non_fractured,0.0022,Non_fractured,0.0065,Non_fractured
train,IMG0001682.jpg,Non_fractured,0.1125,Non_fractured,0.0012,Non_fractured,0.0561,Non_fractured,0.0499,Non_fractured
train,IMG0001683.jpg,Non_fractured,0.0584,Non_fractured,0.0017,Non_fractured,0.0017,Non_fractured,0.0192,Non_fractured
train,IMG0001684.jpg,Non_fractured,0.1150,Non_fractured,0.0146,Non_fractured,0.0263,Non_fractured,0.0487,Non_fractured
train,IMG0001685.jpg,Non_fractured,0.0224,Non_fractured,0.0078,Non_fractured,0.0140,Non_fractured,0.0139,Non_fractured
train,IMG0001686.jpg,Non_fractured,0.0037,Non_fractured,0.0000,Non_fractured,0.0113,Non_fractured,0.0041,Non_fractured
train,IMG0001688.jpg,Non_fractured,0.0921,Non_fractured,0.0557,Non_fractured,0.1778,Non_fractured,0.0987,Non_fractured
train,IMG0001689.jpg,Non_fractured,0.0026,Non_fractured,0.0005,Non_fractured,0.0035,Non_fractured,0.0019,Non_fractured
train,IMG0001691.jpg,Non_fractured,0.0063,Non_fractured,0.0007,Non_fractured,0.0096,Non_fractured,0.0047,Non_fractured
train,IMG0001692.jpg,Non_fractured,0.1189,Non_fractured,0.0036,Non_fractured,0.0656,Non_fractured,0.0554,Non_fractured
train,IMG0001693.jpg,Non_fractured,0.0001,Non_fractured,0.0005,Non_fractured,0.0105,Non_fractured,0.0030,Non_fractured
train,IMG0001694.jpg,Non_fractured,0.0012,Non_fractured,0.0011,Non_fractured,0.0011,Non_fractured,0.0011,Non_fractured
train,IMG0001695.jpg,Non_fractured,0.0735,Non_fractured,0.0003,Non_fractured,0.1310,Non_fractured,0.0569,Non_fractured
train,IMG0001697.jpg,Non_fractured,0.0000,Non_fractured,0.0004,Non_fractured,0.0047,Non_fractured,0.0014,Non_fractured
train,IMG0001698.jpg,Non_fractured,0.0566,Non_fractured,0.0023,Non_fractured,0.0735,Non_fractured,0.0376,Non_fractured
train,IMG0001699.jpg,Non_fractured,0.0064,Non_fractured,0.0103,Non_fractured,0.0810,Non_fractured,0.0275,Non_fractured
train,IMG0001702.jpg,Non_fractured,0.0098,Non_fractured,0.0046,Non_fractured,0.1811,Non_fractured,0.0521,Non_fractured
train,IMG0001703.jpg,Non_fractured,0.2339,Non_fractured,0.0023,Non_fractured,0.1660,Non_fractured,0.1165,Non_fractured
train,IMG0001704.jpg,Non_fractured,0.2231,Non_fractured,0.0343,Non_fractured,0.1364,Non_fractured,0.1193,Non_fractured
train,IMG0001705.jpg,Non_fractured,0.0889,Non_fractured,0.1978,Fractured,0.1229,Non_fractured,0.1446,Non_fractured
train,IMG0001706.jpg,Non_fractured,0.2638,Non_fractured,0.0050,Non_fractured,0.0699,Non_fractured,0.1019,Non_fractured
train,IMG0001707.jpg,Non_fractured,0.0204,Non_fractured,0.0013,Non_fractured,0.0025,Non_fractured,0.0075,Non_fractured
train,IMG0001708.jpg,Non_fractured,0.0024,Non_fractured,0.0029,Non_fractured,0.0002,Non_fractured,0.0020,Non_fractured
train,IMG0001709.jpg,Non_fractured,0.0003,Non_fractured,0.0002,Non_fractured,0.0088,Non_fractured,0.0025,Non_fractured
train,IMG0001711.jpg,Non_fractured,0.0182,Non_fractured,0.0036,Non_fractured,0.4513,Non_fractured,0.0518,Non_fractured
train,IMG0001712.jpg,Non_fractured,0.0831,Non_fractured,0.0016,Non_fractured,0.7266,Fractured,0.1915,Non_fractured
train,IMG0001714.jpg,Non_fractured,0.1001,Non_fractured,0.0000,Non_fractured,0.1019,Non_fractured,0.0575,Non_fractured
train,IMG0001715.jpg,Non_fractured,0.2276,Non_fractured,0.0013,Non_fractured,0.1581,Non_fractured,0.1121,Non_fractured
train,IMG0001716.jpg,Non_fractured,0.0068,Non_fractured,0.0004,Non_fractured,0.0150,Non_fractured,0.0062,Non_fractured
train,IMG0001717.jpg,Non_fractured,0.0092,Non_fractured,0.0030,Non_fractured,0.0769,Non_fractured,0.0241,Non_fractured
train,IMG0001718.jpg,Non_fractured,0.0326,Non_fractured,0.0005,Non_fractured,0.1085,Non_fractured,0.0385,Non_fractured
train,IMG0001719.jpg,Non_fractured,0.0059,Non_fractured,0.0000,Non_fractured,0.0950,Non_fractured,0.0265,Non_fractured
train,IMG0001720.jpg,Non_fractured,0.0313,Non_fractured,0.0000,Non_fractured,0.2749,Non_fractured,0.0812,Non_fractured
train,IMG0001721.jpg,Non_fractured,0.1421,Non_fractured,0.0125,Non_fractured,0.5334,Fractured,0.2000,Non_fractured
train,IMG0001722.jpg,Non_fractured,0.4198,Non_fractured,0.0165,Non_fractured,0.7360,Fractured,0.4368,Fractured
train,IMG0001723.jpg,Non_fractured,0.6466,Fractured,0.9928,Fractured,0.4420,Non_fractured,0.7315,Fractured
train,IMG0001724.jpg,Non_fractured,0.0080,Non_fractured,0.0001,Non_fractured,0.0327,Non_fractured,0.0110,Non_fractured
train,IMG0001726.jpg,Non_fractured,0.0057,Non_fractured,0.0001,Non_fractured,0.0668,Non_fractured,0.0192,Non_fractured
train,IMG0001727.jpg,Non_fractured,0.0157,Non_fractured,0.0009,Non_fractured,0.0010,Non_fractured,0.0055,Non_fractured
train,IMG0001728.jpg,Non_fractured,0.2199,Non_fractured,0.0008,Non_fractured,0.4408,Non_fractured,0.2380,Non_fractured
train,IMG0001729.jpg,Non_fractured,0.0665,Non_fractured,0.0020,Non_fractured,0.0720,Non_fractured,0.0401,Non_fractured
train,IMG0001733.jpg,Non_fractured,0.0031,Non_fractured,0.0000,Non_fractured,0.0037,Non_fractured,0.0019,Non_fractured
train,IMG0001734.jpg,Non_fractured,0.0153,Non_fractured,0.0002,Non_fractured,0.0352,Non_fractured,0.0140,Non_fractured
train,IMG0001735.jpg,Non_fractured,0.0011,Non_fractured,0.0064,Non_fractured,0.0049,Non_fractured,0.0044,Non_fractured
train,IMG0001736.jpg,Non_fractured,0.0002,Non_fractured,0.0026,Non_fractured,0.0014,Non_fractured,0.0015,Non_fractured
train,IMG0001737.jpg,Non_fractured,0.0022,Non_fractured,0.0005,Non_fractured,0.0002,Non_fractured,0.0010,Non_fractured
train,IMG0001740.jpg,Non_fractured,0.0066,Non_fractured,0.0020,Non_fractured,0.0018,Non_fractured,0.0033,Non_fractured
train,IMG0001741.jpg,Non_fractured,0.0007,Non_fractured,0.0095,Non_fractured,0.0043,Non_fractured,0.0054,Non_fractured
train,IMG0001742.jpg,Non_fractured,0.0454,Non_fractured,0.0027,Non_fractured,0.0327,Non_fractured,0.0237,Non_fractured
train,IMG0001743.jpg,Non_fractured,0.0034,Non_fractured,0.0016,Non_fractured,0.0062,Non_fractured,0.0033,Non_fractured
train,IMG0001744.jpg,Non_fractured,0.0483,Non_fractured,0.0175,Non_fractured,0.3057,Non_fractured,0.1019,Non_fractured
train,IMG0001745.jpg,Non_fractured,0.0037,Non_fractured,0.0028,Non_fractured,0.0310,Non_fractured,0.0104,Non_fractured
train,IMG0001746.jpg,Non_fractured,0.0034,Non_fractured,0.0003,Non_fractured,0.0023,Non_fractured,0.0018,Non_fractured
train,IMG0001747.jpg,Non_fractured,0.0023,Non_fractured,0.0318,Non_fractured,0.0077,Non_fractured,0.0164,Non_fractured
train,IMG0001748.jpg,Non_fractured,0.0005,Non_fractured,0.0003,Non_fractured,0.0017,Non_fractured,0.0007,Non_fractured
train,IMG0001749.jpg,Non_fractured,0.0129,Non_fractured,0.0004,Non_fractured,0.0627,Non_fractured,0.0205,Non_fractured
train,IMG0001750.jpg,Non_fractured,0.0068,Non_fractured,0.0006,Non_fractured,0.2332,Non_fractured,0.0630,Non_fractured
train,IMG0001753.jpg,Non_fractured,0.0012,Non_fractured,0.0008,Non_fractured,0.0151,Non_fractured,0.0047,Non_fractured
train,IMG0001754.jpg,Non_fractured,0.0001,Non_fractured,0.0006,Non_fractured,0.0033,Non_fractured,0.0012,Non_fractured
train,IMG0001755.jpg,Non_fractured,0.0030,Non_fractured,0.0014,Non_fractured,0.0074,Non_fractured,0.0035,Non_fractured
train,IMG0001756.jpg,Non_fractured,0.0013,Non_fractured,0.0006,Non_fractured,0.0031,Non_fractured,0.0015,Non_fractured
train,IMG0001757.jpg,Non_fractured,0.0045,Non_fractured,0.0012,Non_fractured,0.2550,Non_fractured,0.0682,Non_fractured
train,IMG0001758.jpg,Non_fractured,0.0474,Non_fractured,0.0065,Non_fractured,0.0744,Non_fractured,0.0368,Non_fractured
train,IMG0001759.jpg,Non_fractured,0.5802,Fractured,0.0385,Non_fractured,0.7088,Fractured,0.5493,Fractured
train,IMG0001761.jpg,Non_fractured,0.0106,Non_fractured,0.0002,Non_fractured,0.0093,Non_fractured,0.0058,Non_fractured
train,IMG0001764.jpg,Non_fractured,0.0008,Non_fractured,0.0003,Non_fractured,0.0719,Non_fractured,0.0191,Non_fractured
train,IMG0001765.jpg,Non_fractured,0.0379,Non_fractured,0.0869,Non_fractured,0.1578,Non_fractured,0.0902,Non_fractured
train,IMG0001767.jpg,Non_fractured,0.0004,Non_fractured,0.0002,Non_fractured,0.0552,Non_fractured,0.0146,Non_fractured
train,IMG0001772.jpg,Non_fractured,0.0502,Non_fractured,0.0001,Non_fractured,0.0197,Non_fractured,0.0207,Non_fractured
train,IMG0001773.jpg,Non_fractured,0.0635,Non_fractured,0.0012,Non_fractured,0.3697,Non_fractured,0.0599,Non_fractured
train,IMG0001775.jpg,Non_fractured,0.0104,Non_fractured,0.0002,Non_fractured,0.0666,Non_fractured,0.0206,Non_fractured
train,IMG0001776.jpg,Non_fractured,0.0209,Non_fractured,0.0006,Non_fractured,0.1464,Non_fractured,0.0448,Non_fractured
train,IMG0001779.jpg,Non_fractured,0.0128,Non_fractured,0.0046,Non_fractured,0.1094,Non_fractured,0.0344,Non_fractured
train,IMG0001782.jpg,Non_fractured,0.0060,Non_fractured,0.0002,Non_fractured,0.0039,Non_fractured,0.0029,Non_fractured
train,IMG0001783.jpg,Non_fractured,0.0079,Non_fractured,0.0043,Non_fractured,0.1256,Non_fractured,0.0369,Non_fractured
train,IMG0001784.jpg,Non_fractured,0.0000,Non_fractured,0.0001,Non_fractured,0.0289,Non_fractured,0.0075,Non_fractured
train,IMG0001787.jpg,Non_fractured,0.0103,Non_fractured,0.0007,Non_fractured,0.0066,Non_fractured,0.0052,Non_fractured
train,IMG0001788.jpg,Non_fractured,0.0692,Non_fractured,0.0047,Non_fractured,0.1120,Non_fractured,0.0526,Non_fractured
train,IMG0001789.jpg,Non_fractured,0.0974,Non_fractured,0.0390,Non_fractured,0.1880,Non_fractured,0.0958,Non_fractured
train,IMG0001791.jpg,Non_fractured,0.0578,Non_fractured,0.0004,Non_fractured,0.0092,Non_fractured,0.0204,Non_fractured
train,IMG0001792.jpg,Non_fractured,0.0054,Non_fractured,0.0085,Non_fractured,0.0004,Non_fractured,0.0055,Non_fractured
train,IMG0001793.jpg,Non_fractured,0.0444,Non_fractured,0.0062,Non_fractured,0.0632,Non_fractured,0.0328,Non_fractured
train,IMG0001794.jpg,Non_fractured,0.0978,Non_fractured,0.0149,Non_fractured,0.0477,Non_fractured,0.0491,Non_fractured
train,IMG0001795.jpg,Non_fractured,0.0616,Non_fractured,0.0894,Non_fractured,0.0822,Non_fractured,0.0789,Non_fractured
train,IMG0001796.jpg,Non_fractured,0.0474,Non_fractured,0.0053,Non_fractured,0.0209,Non_fractured,0.0224,Non_fractured
train,IMG0001797.jpg,Non_fractured,0.0061,Non_fractured,0.0002,Non_fractured,0.0014,Non_fractured,0.0023,Non_fractured
train,IMG0001798.jpg,Non_fractured,0.0011,Non_fractured,0.0003,Non_fractured,0.0155,Non_fractured,0.0045,Non_fractured
train,IMG0001799.jpg,Non_fractured,0.0184,Non_fractured,0.0004,Non_fractured,0.0084,Non_fractured,0.0081,Non_fractured
train,IMG0001802.jpg,Non_fractured,0.0127,Non_fractured,0.0002,Non_fractured,0.6137,Fractured,0.0634,Non_fractured
train,IMG0001803.jpg,Non_fractured,0.0039,Non_fractured,0.0009,Non_fractured,0.0086,Non_fractured,0.0038,Non_fractured
train,IMG0001807.jpg,Non_fractured,0.0006,Non_fractured,0.0004,Non_fractured,0.0009,Non_fractured,0.0006,Non_fractured
train,IMG0001808.jpg,Non_fractured,0.0108,Non_fractured,0.0127,Non_fractured,0.0004,Non_fractured,0.0089,Non_fractured
train,IMG0001809.jpg,Non_fractured,0.0006,Non_fractured,0.0006,Non_fractured,0.0010,Non_fractured,0.0007,Non_fractured
train,IMG0001810.jpg,Non_fractured,0.0086,Non_fractured,0.0172,Non_fractured,0.0006,Non_fractured,0.0102,Non_fractured
train,IMG0001812.jpg,Non_fractured,0.0017,Non_fractured,0.0123,Non_fractured,0.0072,Non_fractured,0.0077,Non_fractured
train,IMG0001813.jpg,Non_fractured,0.1518,Non_fractured,0.0003,Non_fractured,0.0880,Non_fractured,0.0700,Non_fractured
train,IMG0001814.jpg,Non_fractured,0.0086,Non_fractured,0.0016,Non_fractured,0.0984,Non_fractured,0.0289,Non_fractured
train,IMG0001815.jpg,Non_fractured,0.0170,Non_fractured,0.0007,Non_fractured,0.0759,Non_fractured,0.0253,Non_fractured
train,IMG0001816.jpg,Non_fractured,0.0017,Non_fractured,0.0013,Non_fractured,0.0071,Non_fractured,0.0029,Non_fractured
train,IMG0001817.jpg,Non_fractured,0.0355,Non_fractured,0.0077,Non_fractured,0.0036,Non_fractured,0.0152,Non_fractured
train,IMG0001818.jpg,Non_fractured,0.0067,Non_fractured,0.0051,Non_fractured,0.0027,Non_fractured,0.0050,Non_fractured
train,IMG0001819.jpg,Non_fractured,0.0715,Non_fractured,0.0003,Non_fractured,0.1246,Non_fractured,0.0546,Non_fractured
train,IMG0001820.jpg,Non_fractured,0.0464,Non_fractured,0.0004,Non_fractured,0.0176,Non_fractured,0.0191,Non_fractured
train,IMG0001821.jpg,Non_fractured,0.1608,Non_fractured,0.0006,Non_fractured,0.1928,Non_fractured,0.1002,Non_fractured
train,IMG0001823.jpg,Non_fractured,0.0117,Non_fractured,0.0001,Non_fractured,0.0034,Non_fractured,0.0046,Non_fractured
train,IMG0001824.jpg,Non_fractured,0.0299,Non_fractured,0.0034,Non_fractured,0.0117,Non_fractured,0.0138,Non_fractured
train,IMG0001826.jpg,Non_fractured,0.0000,Non_fractured,0.0001,Non_fractured,0.0196,Non_fractured,0.0051,Non_fractured
train,IMG0001828.jpg,Non_fractured,0.0478,Non_fractured,0.0023,Non_fractured,0.1025,Non_fractured,0.0424,Non_fractured
train,IMG0001829.jpg,Non_fractured,0.0049,Non_fractured,0.0005,Non_fractured,0.0069,Non_fractured,0.0036,Non_fractured
train,IMG0001830.jpg,Non_fractured,0.0034,Non_fractured,0.0051,Non_fractured,0.0024,Non_fractured,0.0039,Non_fractured
train,IMG0001831.jpg,Non_fractured,0.0206,Non_fractured,0.0007,Non_fractured,0.0867,Non_fractured,0.0292,Non_fractured
train,IMG0001832.jpg,Non_fractured,0.0783,Non_fractured,0.0504,Non_fractured,0.0468,Non_fractured,0.0581,Non_fractured
train,IMG0001833.jpg,Non_fractured,0.1040,Non_fractured,0.0000,Non_fractured,0.2966,Non_fractured,0.1093,Non_fractured
train,IMG0001834.jpg,Non_fractured,0.0117,Non_fractured,0.0037,Non_fractured,0.0506,Non_fractured,0.0184,Non_fractured
train,IMG0001835.jpg,Non_fractured,0.0092,Non_fractured,0.0011,Non_fractured,0.0052,Non_fractured,0.0047,Non_fractured
train,IMG0001837.jpg,Non_fractured,0.0595,Non_fractured,0.0300,Non_fractured,0.0337,Non_fractured,0.0401,Non_fractured
train,IMG0001838.jpg,Non_fractured,0.0042,Non_fractured,0.0028,Non_fractured,0.0083,Non_fractured,0.0047,Non_fractured
train,IMG0001839.jpg,Non_fractured,0.4879,Non_fractured,0.0002,Non_fractured,0.2349,Non_fractured,0.2687,Non_fractured
train,IMG0001840.jpg,Non_fractured,0.0003,Non_fractured,0.0051,Non_fractured,0.0019,Non_fractured,0.0028,Non_fractured
train,IMG0001841.jpg,Non_fractured,0.0010,Non_fractured,0.0002,Non_fractured,0.0006,Non_fractured,0.0006,Non_fractured
train,IMG0001842.jpg,Non_fractured,0.0032,Non_fractured,0.0017,Non_fractured,0.0042,Non_fractured,0.0028,Non_fractured
train,IMG0001843.jpg,Non_fractured,0.1630,Non_fractured,0.0090,Non_fractured,0.1504,Non_fractured,0.0934,Non_fractured
train,IMG0001844.jpg,Non_fractured,0.0273,Non_fractured,0.0003,Non_fractured,0.2360,Non_fractured,0.0699,Non_fractured
train,IMG0001845.jpg,Non_fractured,0.0189,Non_fractured,0.0000,Non_fractured,0.0646,Non_fractured,0.0227,Non_fractured
train,IMG0001846.jpg,Non_fractured,0.4476,Non_fractured,0.0026,Non_fractured,0.1603,Non_fractured,0.1077,Non_fractured
train,IMG0001847.jpg,Non_fractured,0.2771,Non_fractured,0.0009,Non_fractured,0.0302,Non_fractured,0.0940,Non_fractured
train,IMG0001848.jpg,Non_fractured,0.0170,Non_fractured,0.0009,Non_fractured,0.0797,Non_fractured,0.0264,Non_fractured
train,IMG0001849.jpg,Non_fractured,0.0455,Non_fractured,0.0077,Non_fractured,0.0307,Non_fractured,0.0254,Non_fractured
train,IMG0001850.jpg,Non_fractured,0.0939,Non_fractured,0.0140,Non_fractured,0.0072,Non_fractured,0.0369,Non_fractured
train,IMG0001851.jpg,Non_fractured,0.0066,Non_fractured,0.0020,Non_fractured,0.0279,Non_fractured,0.0102,Non_fractured
train,IMG0001852.jpg,Non_fractured,0.0281,Non_fractured,0.0007,Non_fractured,0.1522,Non_fractured,0.0486,Non_fractured
train,IMG0001853.jpg,Non_fractured,0.0072,Non_fractured,0.0010,Non_fractured,0.0391,Non_fractured,0.0128,Non_fractured
train,IMG0001854.jpg,Non_fractured,0.0004,Non_fractured,0.0004,Non_fractured,0.0103,Non_fractured,0.0030,Non_fractured
train,IMG0001855.jpg,Non_fractured,0.0001,Non_fractured,0.0012,Non_fractured,0.0219,Non_fractured,0.0062,Non_fractured
train,IMG0001858.jpg,Non_fractured,0.0023,Non_fractured,0.0001,Non_fractured,0.0192,Non_fractured,0.0058,Non_fractured
train,IMG0001859.jpg,Non_fractured,0.0038,Non_fractured,0.0149,Non_fractured,0.0026,Non_fractured,0.0083,Non_fractured
train,IMG0001860.jpg,Non_fractured,0.0078,Non_fractured,0.0001,Non_fractured,0.0160,Non_fractured,0.0066,Non_fractured
train,IMG0001862.jpg,Non_fractured,0.0003,Non_fractured,0.0000,Non_fractured,0.0090,Non_fractured,0.0024,Non_fractured
train,IMG0001863.jpg,Non_fractured,0.0003,Non_fractured,0.0000,Non_fractured,0.0031,Non_fractured,0.0009,Non_fractured
train,IMG0001864.jpg,Non_fractured,0.0071,Non_fractured,0.0024,Non_fractured,0.0617,Non_fractured,0.0193,Non_fractured
train,IMG0001865.jpg,Non_fractured,0.0029,Non_fractured,0.0000,Non_fractured,0.0234,Non_fractured,0.0070,Non_fractured
train,IMG0001866.jpg,Non_fractured,0.1692,Non_fractured,0.0092,Non_fractured,0.0625,Non_fractured,0.0725,Non_fractured
train,IMG0001873.jpg,Non_fractured,0.0000,Non_fractured,0.0002,Non_fractured,0.0036,Non_fractured,0.0010,Non_fractured
train,IMG0001878.jpg,Non_fractured,0.0303,Non_fractured,0.0007,Non_fractured,0.0172,Non_fractured,0.0141,Non_fractured
train,IMG0001879.jpg,Non_fractured,0.0056,Non_fractured,0.0005,Non_fractured,0.0196,Non_fractured,0.0071,Non_fractured
train,IMG0001881.jpg,Non_fractured,0.0207,Non_fractured,0.0015,Non_fractured,0.0065,Non_fractured,0.0087,Non_fractured
train,IMG0001882.jpg,Non_fractured,0.0004,Non_fractured,0.0011,Non_fractured,0.0018,Non_fractured,0.0011,Non_fractured
train,IMG0001883.jpg,Non_fractured,0.0784,Non_fractured,0.0016,Non_fractured,0.1136,Non_fractured,0.0545,Non_fractured
train,IMG0001884.jpg,Non_fractured,0.0244,Non_fractured,0.0112,Non_fractured,0.0816,Non_fractured,0.0336,Non_fractured
train,IMG0001886.jpg,Non_fractured,0.0032,Non_fractured,0.0032,Non_fractured,0.1546,Non_fractured,0.0425,Non_fractured
train,IMG0001887.jpg,Non_fractured,0.0107,Non_fractured,0.0014,Non_fractured,0.0089,Non_fractured,0.0062,Non_fractured
train,IMG0001888.jpg,Non_fractured,0.0055,Non_fractured,0.0028,Non_fractured,0.0040,Non_fractured,0.0039,Non_fractured
train,IMG0001889.jpg,Non_fractured,0.0073,Non_fractured,0.0053,Non_fractured,0.0107,Non_fractured,0.0073,Non_fractured
train,IMG0001890.jpg,Non_fractured,0.0045,Non_fractured,0.0123,Non_fractured,0.0029,Non_fractured,0.0075,Non_fractured
train,IMG0001892.jpg,Non_fractured,0.0108,Non_fractured,0.0053,Non_fractured,0.0873,Non_fractured,0.0283,Non_fractured
train,IMG0001893.jpg,Non_fractured,0.1263,Non_fractured,0.0008,Non_fractured,0.1307,Non_fractured,0.0734,Non_fractured
train,IMG0001894.jpg,Non_fractured,0.0080,Non_fractured,0.0002,Non_fractured,0.0081,Non_fractured,0.0046,Non_fractured
train,IMG0001896.jpg,Non_fractured,0.0000,Non_fractured,0.0001,Non_fractured,0.0088,Non_fractured,0.0023,Non_fractured
train,IMG0001898.jpg,Non_fractured,0.0005,Non_fractured,0.0004,Non_fractured,0.0009,Non_fractured,0.0006,Non_fractured
train,IMG0001900.jpg,Non_fractured,0.0000,Non_fractured,0.0001,Non_fractured,0.0042,Non_fractured,0.0011,Non_fractured
train,IMG0001901.jpg,Non_fractured,0.0313,Non_fractured,0.0004,Non_fractured,0.0572,Non_fractured,0.0247,Non_fractured
train,IMG0001902.jpg,Non_fractured,0.7075,Fractured,0.0433,Non_fractured,0.2490,Non_fractured,0.3341,Non_fractured
train,IMG0001903.jpg,Non_fractured,0.1719,Non_fractured,0.6864,Fractured,0.2464,Non_fractured,0.2948,Non_fractured
train,IMG0001904.jpg,Non_fractured,0.0012,Non_fractured,0.0002,Non_fractured,0.1746,Non_fractured,0.0458,Non_fractured
train,IMG0001906.jpg,Non_fractured,0.1521,Non_fractured,0.0003,Non_fractured,0.1695,Non_fractured,0.0912,Non_fractured
train,IMG0001907.jpg,Non_fractured,0.1632,Non_fractured,0.0054,Non_fractured,0.1869,Non_fractured,0.1014,Non_fractured
train,IMG0001908.jpg,Non_fractured,0.2808,Non_fractured,0.0017,Non_fractured,0.0693,Non_fractured,0.1056,Non_fractured
train,IMG0001909.jpg,Non_fractured,0.0062,Non_fractured,0.0010,Non_fractured,0.0057,Non_fractured,0.0038,Non_fractured
train,IMG0001912.jpg,Non_fractured,0.3510,Non_fractured,0.0003,Non_fractured,0.9115,Fractured,0.4174,Fractured
train,IMG0001913.jpg,Non_fractured,0.0875,Non_fractured,0.0006,Non_fractured,0.4658,Non_fractured,0.0778,Non_fractured
train,IMG0001914.jpg,Non_fractured,0.0007,Non_fractured,0.0001,Non_fractured,0.0798,Non_fractured,0.0210,Non_fractured
train,IMG0001915.jpg,Non_fractured,0.0381,Non_fractured,0.0044,Non_fractured,0.0367,Non_fractured,0.0232,Non_fractured
train,IMG0001917.jpg,Non_fractured,0.0083,Non_fractured,0.0012,Non_fractured,0.0982,Non_fractured,0.0286,Non_fractured
train,IMG0001918.jpg,Non_fractured,0.0197,Non_fractured,0.0008,Non_fractured,0.0390,Non_fractured,0.0166,Non_fractured
train,IMG0001919.jpg,Non_fractured,0.0312,Non_fractured,0.0022,Non_fractured,0.0580,Non_fractured,0.0257,Non_fractured
train,IMG0001920.jpg,Non_fractured,0.0059,Non_fractured,0.0000,Non_fractured,0.0505,Non_fractured,0.0149,Non_fractured
train,IMG0001921.jpg,Non_fractured,0.1965,Non_fractured,0.0017,Non_fractured,0.4402,Non_fractured,0.2211,Non_fractured
train,IMG0001922.jpg,Non_fractured,0.0470,Non_fractured,0.0000,Non_fractured,0.1528,Non_fractured,0.0542,Non_fractured
train,IMG0001923.jpg,Non_fractured,0.0857,Non_fractured,0.0029,Non_fractured,0.2083,Non_fractured,0.0819,Non_fractured
train,IMG0001924.jpg,Non_fractured,0.0299,Non_fractured,0.0016,Non_fractured,0.0304,Non_fractured,0.0179,Non_fractured
train,IMG0001927.jpg,Non_fractured,0.0140,Non_fractured,0.0004,Non_fractured,0.0238,Non_fractured,0.0106,Non_fractured
train,IMG0001928.jpg,Non_fractured,0.0536,Non_fractured,0.0004,Non_fractured,0.0216,Non_fractured,0.0224,Non_fractured
train,IMG0001929.jpg,Non_fractured,0.0028,Non_fractured,0.0008,Non_fractured,0.0777,Non_fractured,0.0214,Non_fractured
train,IMG0001930.jpg,Non_fractured,0.0702,Non_fractured,0.0025,Non_fractured,0.0586,Non_fractured,0.0381,Non_fractured
train,IMG0001931.jpg,Non_fractured,0.8080,Fractured,0.0008,Non_fractured,0.1995,Non_fractured,0.3206,Non_fractured
train,IMG0001936.jpg,Non_fractured,0.2674,Non_fractured,0.0117,Non_fractured,0.3458,Non_fractured,0.1777,Non_fractured
train,IMG0001937.jpg,Non_fractured,0.1450,Non_fractured,0.0037,Non_fractured,0.0434,Non_fractured,0.0577,Non_fractured
train,IMG0001940.jpg,Non_fractured,0.0350,Non_fractured,0.0011,Non_fractured,0.7756,Fractured,0.4054,Fractured
train,IMG0001941.jpg,Non_fractured,0.8306,Fractured,0.0056,Non_fractured,0.9402,Fractured,0.7045,Fractured
train,IMG0001942.jpg,Non_fractured,0.2004,Non_fractured,0.0087,Non_fractured,0.6413,Fractured,0.2611,Non_fractured
train,IMG0001943.jpg,Non_fractured,0.2880,Non_fractured,0.0020,Non_fractured,0.1192,Non_fractured,0.1209,Non_fractured
train,IMG0001945.jpg,Non_fractured,0.0132,Non_fractured,0.0029,Non_fractured,0.0028,Non_fractured,0.0061,Non_fractured
train,IMG0001946.jpg,Non_fractured,0.0357,Non_fractured,0.0055,Non_fractured,0.3938,Non_fractured,0.0539,Non_fractured
train,IMG0001947.jpg,Non_fractured,0.6162,Fractured,0.0375,Non_fractured,0.6264,Fractured,0.5798,Fractured
train,IMG0001949.jpg,Non_fractured,0.0044,Non_fractured,0.0001,Non_fractured,0.0091,Non_fractured,0.0038,Non_fractured
train,IMG0001950.jpg,Non_fractured,0.0535,Non_fractured,0.0031,Non_fractured,0.1335,Non_fractured,0.0526,Non_fractured
train,IMG0001951.jpg,Non_fractured,0.0816,Non_fractured,0.0094,Non_fractured,0.1990,Non_fractured,0.0810,Non_fractured
train,IMG0001953.jpg,Non_fractured,0.1422,Non_fractured,0.0102,Non_fractured,0.2845,Non_fractured,0.1224,Non_fractured
train,IMG0001954.jpg,Non_fractured,0.0888,Non_fractured,0.0024,Non_fractured,0.0892,Non_fractured,0.0517,Non_fractured
train,IMG0001955.jpg,Non_fractured,0.0261,Non_fractured,0.0001,Non_fractured,0.4259,Non_fractured,0.0505,Non_fractured
train,IMG0001956.jpg,Non_fractured,0.1817,Non_fractured,0.0011,Non_fractured,0.3403,Non_fractured,0.1452,Non_fractured
train,IMG0001957.jpg,Non_fractured,0.0113,Non_fractured,0.0006,Non_fractured,0.0552,Non_fractured,0.0181,Non_fractured
train,IMG0001958.jpg,Non_fractured,0.0007,Non_fractured,0.0002,Non_fractured,0.0164,Non_fractured,0.0045,Non_fractured
train,IMG0001959.jpg,Non_fractured,0.0001,Non_fractured,0.0005,Non_fractured,0.0026,Non_fractured,0.0009,Non_fractured
train,IMG0001961.jpg,Non_fractured,0.0216,Non_fractured,0.0022,Non_fractured,0.0130,Non_fractured,0.0110,Non_fractured
train,IMG0001966.jpg,Non_fractured,0.0011,Non_fractured,0.0004,Non_fractured,0.0062,Non_fractured,0.0022,Non_fractured
train,IMG0001967.jpg,Non_fractured,0.0021,Non_fractured,0.0008,Non_fractured,0.0017,Non_fractured,0.0014,Non_fractured
train,IMG0001969.jpg,Non_fractured,0.4547,Non_fractured,0.0012,Non_fractured,0.1828,Non_fractured,0.2268,Non_fractured
train,IMG0001972.jpg,Non_fractured,0.0089,Non_fractured,0.0003,Non_fractured,0.0105,Non_fractured,0.0056,Non_fractured
train,IMG0001973.jpg,Non_fractured,0.0057,Non_fractured,0.0037,Non_fractured,0.0134,Non_fractured,0.0069,Non_fractured
train,IMG0001974.jpg,Non_fractured,0.0002,Non_fractured,0.0001,Non_fractured,0.0337,Non_fractured,0.0089,Non_fractured
train,IMG0001975.jpg,Non_fractured,0.0575,Non_fractured,0.0012,Non_fractured,0.0230,Non_fractured,0.0243,Non_fractured
train,IMG0001976.jpg,Non_fractured,0.0120,Non_fractured,0.0135,Non_fractured,0.0116,Non_fractured,0.0125,Non_fractured
train,IMG0001977.jpg,Non_fractured,0.0500,Non_fractured,0.0043,Non_fractured,0.2213,Non_fractured,0.0749,Non_fractured
train,IMG0001978.jpg,Non_fractured,0.2691,Non_fractured,0.4756,Fractured,0.4280,Non_fractured,0.3993,Non_fractured
train,IMG0001979.jpg,Non_fractured,0.3096,Non_fractured,0.0020,Non_fractured,0.0922,Non_fractured,0.1206,Non_fractured
train,IMG0001982.jpg,Non_fractured,0.0074,Non_fractured,0.0020,Non_fractured,0.0437,Non_fractured,0.0145,Non_fractured
train,IMG0001984.jpg,Non_fractured,0.0002,Non_fractured,0.0016,Non_fractured,0.0121,Non_fractured,0.0039,Non_fractured
train,IMG0001985.jpg,Non_fractured,0.0443,Non_fractured,0.0017,Non_fractured,0.0374,Non_fractured,0.0241,Non_fractured
train,IMG0001986.jpg,Non_fractured,0.0246,Non_fractured,0.0000,Non_fractured,0.0513,Non_fractured,0.0209,Non_fractured
train,IMG0001987.jpg,Non_fractured,0.0165,Non_fractured,0.0002,Non_fractured,0.0167,Non_fractured,0.0095,Non_fractured
train,IMG0001988.jpg,Non_fractured,0.0054,Non_fractured,0.0001,Non_fractured,0.0165,Non_fractured,0.0060,Non_fractured
train,IMG0001989.jpg,Non_fractured,0.0005,Non_fractured,0.0002,Non_fractured,0.0867,Non_fractured,0.0228,Non_fractured
train,IMG0001990.jpg,Non_fractured,0.1822,Non_fractured,0.0002,Non_fractured,0.1587,Non_fractured,0.0977,Non_fractured
train,IMG0001991.jpg,Non_fractured,0.0395,Non_fractured,0.0046,Non_fractured,0.2023,Non_fractured,0.0668,Non_fractured
train,IMG0001992.jpg,Non_fractured,0.0998,Non_fractured,0.0023,Non_fractured,0.0432,Non_fractured,0.0431,Non_fractured
train,IMG0001993.jpg,Non_fractured,0.0761,Non_fractured,0.0016,Non_fractured,0.1195,Non_fractured,0.0553,Non_fractured
train,IMG0001995.jpg,Non_fractured,0.0024,Non_fractured,0.0009,Non_fractured,0.1450,Non_fractured,0.0388,Non_fractured
train,IMG0001997.jpg,Non_fractured,0.0561,Non_fractured,0.0364,Non_fractured,0.0140,Non_fractured,0.0366,Non_fractured
train,IMG0001998.jpg,Non_fractured,0.0411,Non_fractured,0.0007,Non_fractured,0.0396,Non_fractured,0.0233,Non_fractured
train,IMG0001999.jpg,Non_fractured,0.0125,Non_fractured,0.0021,Non_fractured,0.0383,Non_fractured,0.0147,Non_fractured
train,IMG0002001.jpg,Non_fractured,0.0022,Non_fractured,0.0003,Non_fractured,0.0756,Non_fractured,0.0205,Non_fractured
train,IMG0002002.jpg,Non_fractured,0.0938,Non_fractured,0.0137,Non_fractured,0.0596,Non_fractured,0.0504,Non_fractured
train,IMG0002003.jpg,Non_fractured,0.1648,Non_fractured,0.0171,Non_fractured,0.1915,Non_fractured,0.1081,Non_fractured
train,IMG0002004.jpg,Non_fractured,0.3847,Non_fractured,0.3539,Fractured,0.1435,Non_fractured,0.3087,Non_fractured
train,IMG0002005.jpg,Non_fractured,0.0009,Non_fractured,0.0001,Non_fractured,0.0512,Non_fractured,0.0136,Non_fractured
train,IMG0002007.jpg,Non_fractured,0.0587,Non_fractured,0.0022,Non_fractured,0.0147,Non_fractured,0.0229,Non_fractured
train,IMG0002008.jpg,Non_fractured,0.0037,Non_fractured,0.0000,Non_fractured,0.0166,Non_fractured,0.0055,Non_fractured
train,IMG0002010.jpg,Non_fractured,0.1330,Non_fractured,0.0003,Non_fractured,0.8174,Fractured,0.2437,Non_fractured
train,IMG0002011.jpg,Non_fractured,0.0112,Non_fractured,0.0014,Non_fractured,0.3576,Non_fractured,0.0391,Non_fractured
train,IMG0002012.jpg,Non_fractured,0.1765,Non_fractured,0.0046,Non_fractured,0.0327,Non_fractured,0.0651,Non_fractured
train,IMG0002013.jpg,Non_fractured,0.5390,Fractured,0.1840,Fractured,0.4606,Non_fractured,0.4807,Fractured
train,IMG0002014.jpg,Non_fractured,0.0040,Non_fractured,0.0015,Non_fractured,0.4662,Non_fractured,0.0468,Non_fractured
train,IMG0002017.jpg,Non_fractured,0.0055,Non_fractured,0.0341,Non_fractured,0.0091,Non_fractured,0.0188,Non_fractured
train,IMG0002018.jpg,Non_fractured,0.0006,Non_fractured,0.0002,Non_fractured,0.0042,Non_fractured,0.0014,Non_fractured
train,IMG0002019.jpg,Non_fractured,0.0013,Non_fractured,0.0008,Non_fractured,0.0163,Non_fractured,0.0050,Non_fractured
train,IMG0002022.jpg,Non_fractured,0.0875,Non_fractured,0.0021,Non_fractured,0.1086,Non_fractured,0.0562,Non_fractured
train,IMG0002024.jpg,Non_fractured,0.0018,Non_fractured,0.0001,Non_fractured,0.0020,Non_fractured,0.0011,Non_fractured
train,IMG0002026.jpg,Non_fractured,0.0059,Non_fractured,0.0037,Non_fractured,0.1924,Non_fractured,0.0535,Non_fractured
train,IMG0002027.jpg,Non_fractured,0.0014,Non_fractured,0.0008,Non_fractured,0.1283,Non_fractured,0.0341,Non_fractured
train,IMG0002028.jpg,Non_fractured,0.0000,Non_fractured,0.0000,Non_fractured,0.0008,Non_fractured,0.0002,Non_fractured
train,IMG0002030.jpg,Non_fractured,0.0436,Non_fractured,0.0049,Non_fractured,0.0286,Non_fractured,0.0231,Non_fractured
train,IMG0002031.jpg,Non_fractured,0.0031,Non_fractured,0.0059,Non_fractured,0.0145,Non_fractured,0.0073,Non_fractured
train,IMG0002034.jpg,Non_fractured,0.0539,Non_fractured,0.0210,Non_fractured,0.0198,Non_fractured,0.0309,Non_fractured
train,IMG0002035.jpg,Non_fractured,0.1022,Non_fractured,0.0331,Non_fractured,0.0166,Non_fractured,0.0502,Non_fractured
train,IMG0002038.jpg,Non_fractured,0.2284,Non_fractured,0.0012,Non_fractured,0.1936,Non_fractured,0.1215,Non_fractured
train,IMG0002039.jpg,Non_fractured,0.2156,Non_fractured,0.0358,Non_fractured,0.4115,Non_fractured,0.1891,Non_fractured
train,IMG0002041.jpg,Non_fractured,0.0321,Non_fractured,0.0003,Non_fractured,0.0245,Non_fractured,0.0164,Non_fractured
train,IMG0002043.jpg,Non_fractured,0.0013,Non_fractured,0.0013,Non_fractured,0.0030,Non_fractured,0.0017,Non_fractured
train,IMG0002045.jpg,Non_fractured,0.0006,Non_fractured,0.0013,Non_fractured,0.0021,Non_fractured,0.0013,Non_fractured
train,IMG0002046.jpg,Non_fractured,0.0068,Non_fractured,0.0001,Non_fractured,0.0051,Non_fractured,0.0035,Non_fractured
train,IMG0002047.jpg,Non_fractured,0.0513,Non_fractured,0.0015,Non_fractured,0.0520,Non_fractured,0.0300,Non_fractured
train,IMG0002049.jpg,Non_fractured,0.0109,Non_fractured,0.0096,Non_fractured,0.0057,Non_fractured,0.0090,Non_fractured
train,IMG0002050.jpg,Non_fractured,0.0473,Non_fractured,0.0007,Non_fractured,0.0012,Non_fractured,0.0153,Non_fractured
train,IMG0002051.jpg,Non_fractured,0.0029,Non_fractured,0.0150,Non_fractured,0.0054,Non_fractured,0.0088,Non_fractured
train,IMG0002052.jpg,Non_fractured,0.0072,Non_fractured,0.0008,Non_fractured,0.0007,Non_fractured,0.0027,Non_fractured
train,IMG0002053.jpg,Non_fractured,0.0036,Non_fractured,0.0082,Non_fractured,0.0018,Non_fractured,0.0051,Non_fractured
train,IMG0002054.jpg,Non_fractured,0.0028,Non_fractured,0.0005,Non_fractured,0.0076,Non_fractured,0.0030,Non_fractured
train,IMG0002055.jpg,Non_fractured,0.0005,Non_fractured,0.0028,Non_fractured,0.0007,Non_fractured,0.0016,Non_fractured
train,IMG0002058.jpg,Non_fractured,0.2372,Non_fractured,0.0065,Non_fractured,0.0579,Non_fractured,0.0912,Non_fractured
train,IMG0002059.jpg,Non_fractured,0.1563,Non_fractured,0.0018,Non_fractured,0.1147,Non_fractured,0.0790,Non_fractured
train,IMG0002060.jpg,Non_fractured,0.0052,Non_fractured,0.0028,Non_fractured,0.0007,Non_fractured,0.0030,Non_fractured
train,IMG0002061.jpg,Non_fractured,0.0014,Non_fractured,0.0074,Non_fractured,0.0043,Non_fractured,0.0048,Non_fractured
train,IMG0002062.jpg,Non_fractured,0.0177,Non_fractured,0.0108,Non_fractured,0.1018,Non_fractured,0.0366,Non_fractured
train,IMG0002063.jpg,Non_fractured,0.1410,Non_fractured,0.0274,Non_fractured,0.0336,Non_fractured,0.0641,Non_fractured
train,IMG0002064.jpg,Non_fractured,0.5732,Fractured,0.0080,Non_fractured,0.1602,Non_fractured,0.2405,Non_fractured
train,IMG0002068.jpg,Non_fractured,0.1022,Non_fractured,0.0051,Non_fractured,0.0521,Non_fractured,0.0474,Non_fractured
train,IMG0002069.jpg,Non_fractured,0.0243,Non_fractured,0.0002,Non_fractured,0.1485,Non_fractured,0.0462,Non_fractured
train,IMG0002070.jpg,Non_fractured,0.0073,Non_fractured,0.0020,Non_fractured,0.0917,Non_fractured,0.0269,Non_fractured
train,IMG0002071.jpg,Non_fractured,0.0001,Non_fractured,0.0001,Non_fractured,0.1739,Non_fractured,0.0453,Non_fractured
train,IMG0002072.jpg,Non_fractured,0.0186,Non_fractured,0.0601,Non_fractured,0.6719,Fractured,0.1461,Non_fractured
train,IMG0002073.jpg,Non_fractured,0.0077,Non_fractured,0.0039,Non_fractured,0.0082,Non_fractured,0.0062,Non_fractured
train,IMG0002074.jpg,Non_fractured,0.0199,Non_fractured,0.0040,Non_fractured,0.0067,Non_fractured,0.0096,Non_fractured
train,IMG0002076.jpg,Non_fractured,0.2845,Non_fractured,0.0005,Non_fractured,0.6161,Fractured,0.3161,Non_fractured
train,IMG0002077.jpg,Non_fractured,0.0020,Non_fractured,0.0001,Non_fractured,0.0335,Non_fractured,0.0094,Non_fractured
train,IMG0002078.jpg,Non_fractured,0.0114,Non_fractured,0.0011,Non_fractured,0.0664,Non_fractured,0.0212,Non_fractured
train,IMG0002079.jpg,Non_fractured,0.0054,Non_fractured,0.0011,Non_fractured,0.1462,Non_fractured,0.0402,Non_fractured
train,IMG0002081.jpg,Non_fractured,0.0044,Non_fractured,0.0002,Non_fractured,0.0512,Non_fractured,0.0147,Non_fractured
train,IMG0002082.jpg,Non_fractured,0.0008,Non_fractured,0.0068,Non_fractured,0.0067,Non_fractured,0.0049,Non_fractured
train,IMG0002083.jpg,Non_fractured,0.0009,Non_fractured,0.0009,Non_fractured,0.0138,Non_fractured,0.0043,Non_fractured
train,IMG0002084.jpg,Non_fractured,0.0000,Non_fractured,0.0002,Non_fractured,0.0323,Non_fractured,0.0085,Non_fractured
train,IMG0002087.jpg,Non_fractured,0.0615,Non_fractured,0.0018,Non_fractured,0.0921,Non_fractured,0.0437,Non_fractured
train,IMG0002088.jpg,Non_fractured,0.0104,Non_fractured,0.0026,Non_fractured,0.0882,Non_fractured,0.0273,Non_fractured
train,IMG0002089.jpg,Non_fractured,0.0131,Non_fractured,0.0006,Non_fractured,0.0119,Non_fractured,0.0074,Non_fractured
train,IMG0002090.jpg,Non_fractured,0.0032,Non_fractured,0.0033,Non_fractured,0.0033,Non_fractured,0.0033,Non_fractured
train,IMG0002091.jpg,Non_fractured,0.0356,Non_fractured,0.0053,Non_fractured,0.0050,Non_fractured,0.0146,Non_fractured
train,IMG0002095.jpg,Non_fractured,0.0125,Non_fractured,0.0155,Non_fractured,0.0053,Non_fractured,0.0119,Non_fractured
train,IMG0002096.jpg,Non_fractured,0.0010,Non_fractured,0.0146,Non_fractured,0.0073,Non_fractured,0.0085,Non_fractured
train,IMG0002097.jpg,Non_fractured,0.0192,Non_fractured,0.0007,Non_fractured,0.0163,Non_fractured,0.0105,Non_fractured
train,IMG0002098.jpg,Non_fractured,0.0078,Non_fractured,0.0002,Non_fractured,0.0019,Non_fractured,0.0030,Non_fractured
train,IMG0002099.jpg,Non_fractured,0.0091,Non_fractured,0.0002,Non_fractured,0.0342,Non_fractured,0.0118,Non_fractured
train,IMG0002100.jpg,Non_fractured,0.0342,Non_fractured,0.0002,Non_fractured,0.0130,Non_fractured,0.0140,Non_fractured
train,IMG0002101.jpg,Non_fractured,0.3241,Non_fractured,0.0315,Non_fractured,0.3292,Non_fractured,0.1994,Non_fractured
train,IMG0002102.jpg,Non_fractured,0.6308,Fractured,0.5531,Fractured,0.3224,Non_fractured,0.5171,Fractured
train,IMG0002108.jpg,Non_fractured,0.0072,Non_fractured,0.0066,Non_fractured,0.0053,Non_fractured,0.0065,Non_fractured
train,IMG0002109.jpg,Non_fractured,0.0152,Non_fractured,0.0023,Non_fractured,0.4215,Non_fractured,0.0471,Non_fractured
train,IMG0002110.jpg,Non_fractured,0.0500,Non_fractured,0.0039,Non_fractured,0.4282,Non_fractured,0.0618,Non_fractured
train,IMG0002111.jpg,Non_fractured,0.0051,Non_fractured,0.0148,Non_fractured,0.0263,Non_fractured,0.0148,Non_fractured
train,IMG0002112.jpg,Non_fractured,0.1907,Non_fractured,0.0001,Non_fractured,0.0987,Non_fractured,0.0847,Non_fractured
train,IMG0002114.jpg,Non_fractured,0.0900,Non_fractured,0.0005,Non_fractured,0.0082,Non_fractured,0.0302,Non_fractured
train,IMG0002116.jpg,Non_fractured,0.2293,Non_fractured,0.0003,Non_fractured,0.3709,Non_fractured,0.1675,Non_fractured
train,IMG0002117.jpg,Non_fractured,0.0974,Non_fractured,0.0008,Non_fractured,0.7967,Fractured,0.2145,Non_fractured
train,IMG0002118.jpg,Non_fractured,0.0754,Non_fractured,0.0002,Non_fractured,0.0241,Non_fractured,0.0297,Non_fractured
train,IMG0002119.jpg,Non_fractured,0.0029,Non_fractured,0.0009,Non_fractured,0.0015,Non_fractured,0.0017,Non_fractured
train,IMG0002120.jpg,Non_fractured,0.0207,Non_fractured,0.0097,Non_fractured,0.0006,Non_fractured,0.0107,Non_fractured
train,IMG0002124.jpg,Non_fractured,0.0035,Non_fractured,0.0001,Non_fractured,0.0025,Non_fractured,0.0018,Non_fractured
train,IMG0002125.jpg,Non_fractured,0.0051,Non_fractured,0.0003,Non_fractured,0.0259,Non_fractured,0.0084,Non_fractured
train,IMG0002128.jpg,Non_fractured,0.1495,Non_fractured,0.0002,Non_fractured,0.3191,Non_fractured,0.1293,Non_fractured
train,IMG0002129.jpg,Non_fractured,0.1357,Non_fractured,0.0001,Non_fractured,0.1994,Non_fractured,0.0939,Non_fractured
train,IMG0002130.jpg,Non_fractured,0.0662,Non_fractured,0.0017,Non_fractured,0.0847,Non_fractured,0.0433,Non_fractured
train,IMG0002131.jpg,Non_fractured,0.0386,Non_fractured,0.0009,Non_fractured,0.0463,Non_fractured,0.0244,Non_fractured
train,IMG0002132.jpg,Non_fractured,0.0096,Non_fractured,0.0011,Non_fractured,0.0063,Non_fractured,0.0051,Non_fractured
train,IMG0002133.jpg,Non_fractured,0.0014,Non_fractured,0.0001,Non_fractured,0.0095,Non_fractured,0.0029,Non_fractured
train,IMG0002134.jpg,Non_fractured,0.1105,Non_fractured,0.0016,Non_fractured,0.6287,Fractured,0.1935,Non_fractured
train,IMG0002135.jpg,Non_fractured,0.1396,Non_fractured,0.0031,Non_fractured,0.3072,Non_fractured,0.1244,Non_fractured
train,IMG0002136.jpg,Non_fractured,0.1319,Non_fractured,0.0281,Non_fractured,0.5452,Fractured,0.1167,Non_fractured
train,IMG0002137.jpg,Non_fractured,0.0023,Non_fractured,0.0025,Non_fractured,0.0047,Non_fractured,0.0030,Non_fractured
train,IMG0002138.jpg,Non_fractured,0.0006,Non_fractured,0.0003,Non_fractured,0.0018,Non_fractured,0.0008,Non_fractured
train,IMG0002139.jpg,Non_fractured,0.0382,Non_fractured,0.0005,Non_fractured,0.0188,Non_fractured,0.0169,Non_fractured
train,IMG0002140.jpg,Non_fractured,0.0184,Non_fractured,0.0032,Non_fractured,0.1505,Non_fractured,0.0462,Non_fractured
train,IMG0002141.jpg,Non_fractured,0.0018,Non_fractured,0.0003,Non_fractured,0.0227,Non_fractured,0.0066,Non_fractured
train,IMG0002142.jpg,Non_fractured,0.0193,Non_fractured,0.0004,Non_fractured,0.0136,Non_fractured,0.0097,Non_fractured
train,IMG0002143.jpg,Non_fractured,0.0034,Non_fractured,0.0161,Non_fractured,0.0004,Non_fractured,0.0081,Non_fractured
train,IMG0002145.jpg,Non_fractured,0.0103,Non_fractured,0.0008,Non_fractured,0.0008,Non_fractured,0.0037,Non_fractured
train,IMG0002146.jpg,Non_fractured,0.0075,Non_fractured,0.0017,Non_fractured,0.0184,Non_fractured,0.0078,Non_fractured
train,IMG0002147.jpg,Non_fractured,0.0060,Non_fractured,0.0005,Non_fractured,0.0023,Non_fractured,0.0027,Non_fractured
train,IMG0002150.jpg,Non_fractured,0.1151,Non_fractured,0.0058,Non_fractured,0.0166,Non_fractured,0.0424,Non_fractured
train,IMG0002151.jpg,Non_fractured,0.0713,Non_fractured,0.0267,Non_fractured,0.0407,Non_fractured,0.0442,Non_fractured
train,IMG0002152.jpg,Non_fractured,0.0160,Non_fractured,0.0003,Non_fractured,0.0442,Non_fractured,0.0166,Non_fractured
train,IMG0002153.jpg,Non_fractured,0.0217,Non_fractured,0.0045,Non_fractured,0.0456,Non_fractured,0.0205,Non_fractured
train,IMG0002154.jpg,Non_fractured,0.0058,Non_fractured,0.0022,Non_fractured,0.0338,Non_fractured,0.0115,Non_fractured
train,IMG0002155.jpg,Non_fractured,0.0002,Non_fractured,0.0010,Non_fractured,0.0008,Non_fractured,0.0007,Non_fractured
train,IMG0002156.jpg,Non_fractured,0.0286,Non_fractured,0.0002,Non_fractured,0.0526,Non_fractured,0.0226,Non_fractured
train,IMG0002157.jpg,Non_fractured,0.2460,Non_fractured,0.0116,Non_fractured,0.1488,Non_fractured,0.1198,Non_fractured
train,IMG0002158.jpg,Non_fractured,0.1416,Non_fractured,0.0043,Non_fractured,0.0262,Non_fractured,0.0525,Non_fractured
train,IMG0002160.jpg,Non_fractured,0.1979,Non_fractured,0.0058,Non_fractured,0.4978,Non_fractured,0.2330,Non_fractured
train,IMG0002161.jpg,Non_fractured,0.0384,Non_fractured,0.0232,Non_fractured,0.0901,Non_fractured,0.0453,Non_fractured
train,IMG0002162.jpg,Non_fractured,0.1388,Non_fractured,0.0158,Non_fractured,0.3667,Non_fractured,0.1451,Non_fractured
train,IMG0002168.jpg,Non_fractured,0.1768,Non_fractured,0.0639,Non_fractured,0.3315,Non_fractured,0.1684,Non_fractured
train,IMG0002169.jpg,Non_fractured,0.0400,Non_fractured,0.0018,Non_fractured,0.1727,Non_fractured,0.0581,Non_fractured
train,IMG0002171.jpg,Non_fractured,0.0330,Non_fractured,0.0004,Non_fractured,0.1611,Non_fractured,0.0522,Non_fractured
train,IMG0002172.jpg,Non_fractured,0.0024,Non_fractured,0.0002,Non_fractured,0.0193,Non_fractured,0.0059,Non_fractured
train,IMG0002173.jpg,Non_fractured,0.2009,Non_fractured,0.0005,Non_fractured,0.5770,Fractured,0.2490,Non_fractured
train,IMG0002174.jpg,Non_fractured,0.0021,Non_fractured,0.0001,Non_fractured,0.0057,Non_fractured,0.0022,Non_fractured
train,IMG0002175.jpg,Non_fractured,0.0006,Non_fractured,0.0010,Non_fractured,0.0072,Non_fractured,0.0025,Non_fractured
train,IMG0002176.jpg,Non_fractured,0.0201,Non_fractured,0.0002,Non_fractured,0.3600,Non_fractured,0.0420,Non_fractured
train,IMG0002177.jpg,Non_fractured,0.1646,Non_fractured,0.0268,Non_fractured,0.6859,Fractured,0.2453,Non_fractured
train,IMG0002179.jpg,Non_fractured,0.0040,Non_fractured,0.0002,Non_fractured,0.0838,Non_fractured,0.0231,Non_fractured
train,IMG0002182.jpg,Non_fractured,0.0259,Non_fractured,0.0004,Non_fractured,0.0453,Non_fractured,0.0200,Non_fractured
train,IMG0002183.jpg,Non_fractured,0.0004,Non_fractured,0.0001,Non_fractured,0.0048,Non_fractured,0.0014,Non_fractured
train,IMG0002184.jpg,Non_fractured,0.0090,Non_fractured,0.0017,Non_fractured,0.0967,Non_fractured,0.0287,Non_fractured
train,IMG0002185.jpg,Non_fractured,0.0116,Non_fractured,0.0000,Non_fractured,0.2912,Non_fractured,0.0793,Non_fractured
train,IMG0002186.jpg,Non_fractured,0.3712,Non_fractured,0.0002,Non_fractured,0.1307,Non_fractured,0.1489,Non_fractured
train,IMG0002187.jpg,Non_fractured,0.0002,Non_fractured,0.0001,Non_fractured,0.0842,Non_fractured,0.0220,Non_fractured
train,IMG0002188.jpg,Non_fractured,0.0095,Non_fractured,0.0003,Non_fractured,0.0102,Non_fractured,0.0057,Non_fractured
train,IMG0002189.jpg,Non_fractured,0.0579,Non_fractured,0.0001,Non_fractured,0.0402,Non_fractured,0.0284,Non_fractured
train,IMG0002190.jpg,Non_fractured,0.0018,Non_fractured,0.0010,Non_fractured,0.0233,Non_fractured,0.0071,Non_fractured
train,IMG0002191.jpg,Non_fractured,0.0017,Non_fractured,0.0000,Non_fractured,0.0083,Non_fractured,0.0027,Non_fractured
train,IMG0002192.jpg,Non_fractured,0.0652,Non_fractured,0.0007,Non_fractured,0.0206,Non_fractured,0.0258,Non_fractured
train,IMG0002193.jpg,Non_fractured,0.0383,Non_fractured,0.0113,Non_fractured,0.3512,Non_fractured,0.0539,Non_fractured
train,IMG0002194.jpg,Non_fractured,0.0723,Non_fractured,0.0002,Non_fractured,0.2585,Non_fractured,0.0896,Non_fractured
train,IMG0002195.jpg,Non_fractured,0.0037,Non_fractured,0.0000,Non_fractured,0.0079,Non_fractured,0.0032,Non_fractured
train,IMG0002196.jpg,Non_fractured,0.3883,Non_fractured,0.0135,Non_fractured,0.1401,Non_fractured,0.1624,Non_fractured
train,IMG0002197.jpg,Non_fractured,0.1148,Non_fractured,0.0001,Non_fractured,0.0118,Non_fractured,0.0386,Non_fractured
train,IMG0002198.jpg,Non_fractured,0.0111,Non_fractured,0.0086,Non_fractured,0.0348,Non_fractured,0.0162,Non_fractured
train,IMG0002199.jpg,Non_fractured,0.0100,Non_fractured,0.0093,Non_fractured,0.0751,Non_fractured,0.0266,Non_fractured
train,IMG0002201.jpg,Non_fractured,0.0199,Non_fractured,0.0004,Non_fractured,0.0264,Non_fractured,0.0132,Non_fractured
train,IMG0002202.jpg,Non_fractured,0.0050,Non_fractured,0.0000,Non_fractured,0.0149,Non_fractured,0.0054,Non_fractured
train,IMG0002204.jpg,Non_fractured,0.0427,Non_fractured,0.0005,Non_fractured,0.5390,Fractured,0.0678,Non_fractured
train,IMG0002205.jpg,Non_fractured,0.1988,Non_fractured,0.0229,Non_fractured,0.6446,Fractured,0.2620,Non_fractured
train,IMG0002206.jpg,Non_fractured,0.0009,Non_fractured,0.0000,Non_fractured,0.0945,Non_fractured,0.0249,Non_fractured
train,IMG0002207.jpg,Non_fractured,0.0379,Non_fractured,0.0148,Non_fractured,0.4338,Non_fractured,0.0635,Non_fractured
train,IMG0002209.jpg,Non_fractured,0.0207,Non_fractured,0.0549,Non_fractured,0.5272,Fractured,0.0870,Non_fractured
train,IMG0002210.jpg,Non_fractured,0.2488,Non_fractured,0.0056,Non_fractured,0.4925,Non_fractured,0.2686,Non_fractured
train,IMG0002211.jpg,Non_fractured,0.0144,Non_fractured,0.0009,Non_fractured,0.0057,Non_fractured,0.0063,Non_fractured
train,IMG0002212.jpg,Non_fractured,0.0020,Non_fractured,0.0048,Non_fractured,0.1952,Non_fractured,0.0534,Non_fractured
train,IMG0002213.jpg,Non_fractured,0.0021,Non_fractured,0.0001,Non_fractured,0.0070,Non_fractured,0.0025,Non_fractured
train,IMG0002214.jpg,Non_fractured,0.0179,Non_fractured,0.0028,Non_fractured,0.0455,Non_fractured,0.0186,Non_fractured
train,IMG0002215.jpg,Non_fractured,0.0037,Non_fractured,0.0000,Non_fractured,0.0014,Non_fractured,0.0015,Non_fractured
train,IMG0002216.jpg,Non_fractured,0.0995,Non_fractured,0.0018,Non_fractured,0.2021,Non_fractured,0.0841,Non_fractured
train,IMG0002217.jpg,Non_fractured,0.3481,Non_fractured,0.0020,Non_fractured,0.8803,Fractured,0.4099,Fractured
train,IMG0002218.jpg,Non_fractured,0.1467,Non_fractured,0.0130,Non_fractured,0.4056,Non_fractured,0.1010,Non_fractured
train,IMG0002219.jpg,Non_fractured,0.5379,Fractured,0.3143,Fractured,0.9097,Fractured,0.5829,Fractured
train,IMG0002220.jpg,Non_fractured,0.0115,Non_fractured,0.0035,Non_fractured,0.5398,Fractured,0.0577,Non_fractured
train,IMG0002221.jpg,Non_fractured,0.0038,Non_fractured,0.0000,Non_fractured,0.0125,Non_fractured,0.0044,Non_fractured
train,IMG0002222.jpg,Non_fractured,0.0105,Non_fractured,0.0067,Non_fractured,0.0539,Non_fractured,0.0201,Non_fractured
train,IMG0002223.jpg,Non_fractured,0.0222,Non_fractured,0.0157,Non_fractured,0.1844,Non_fractured,0.0616,Non_fractured
train,IMG0002226.jpg,Non_fractured,0.0004,Non_fractured,0.0001,Non_fractured,0.1415,Non_fractured,0.0369,Non_fractured
train,IMG0002227.jpg,Non_fractured,0.0010,Non_fractured,0.0000,Non_fractured,0.2128,Non_fractured,0.0556,Non_fractured
train,IMG0002228.jpg,Non_fractured,0.0813,Non_fractured,0.0001,Non_fractured,0.0879,Non_fractured,0.0481,Non_fractured
train,IMG0002229.jpg,Non_fractured,0.0012,Non_fractured,0.0001,Non_fractured,0.0038,Non_fractured,0.0014,Non_fractured
train,IMG0002230.jpg,Non_fractured,0.0041,Non_fractured,0.0033,Non_fractured,0.3350,Non_fractured,0.0353,Non_fractured
train,IMG0002232.jpg,Non_fractured,0.1129,Non_fractured,0.0001,Non_fractured,0.1856,Non_fractured,0.0832,Non_fractured
train,IMG0002233.jpg,Non_fractured,0.0102,Non_fractured,0.0006,Non_fractured,0.1301,Non_fractured,0.0372,Non_fractured
train,IMG0002234.jpg,Non_fractured,0.1281,Non_fractured,0.0228,Non_fractured,0.7002,Fractured,0.2213,Non_fractured
train,IMG0002235.jpg,Non_fractured,0.0001,Non_fractured,0.0000,Non_fractured,0.0180,Non_fractured,0.0047,Non_fractured
train,IMG0002236.jpg,Non_fractured,0.0087,Non_fractured,0.0000,Non_fractured,0.0280,Non_fractured,0.0100,Non_fractured
train,IMG0002237.jpg,Non_fractured,0.0040,Non_fractured,0.0003,Non_fractured,0.0501,Non_fractured,0.0144,Non_fractured
train,IMG0002238.jpg,Non_fractured,0.0101,Non_fractured,0.0003,Non_fractured,0.2552,Non_fractured,0.0696,Non_fractured
train,IMG0002239.jpg,Non_fractured,0.0040,Non_fractured,0.0000,Non_fractured,0.0142,Non_fractured,0.0049,Non_fractured
train,IMG0002241.jpg,Non_fractured,0.0298,Non_fractured,0.0049,Non_fractured,0.1399,Non_fractured,0.0477,Non_fractured
train,IMG0002242.jpg,Non_fractured,0.0594,Non_fractured,0.0047,Non_fractured,0.4982,Non_fractured,0.0724,Non_fractured
train,IMG0002243.jpg,Non_fractured,0.0177,Non_fractured,0.0095,Non_fractured,0.0246,Non_fractured,0.0160,Non_fractured
train,IMG0002244.jpg,Non_fractured,0.0001,Non_fractured,0.0022,Non_fractured,0.0120,Non_fractured,0.0041,Non_fractured
train,IMG0002245.jpg,Non_fractured,0.0005,Non_fractured,0.0001,Non_fractured,0.0183,Non_fractured,0.0049,Non_fractured
train,IMG0002246.jpg,Non_fractured,0.0004,Non_fractured,0.0080,Non_fractured,0.0853,Non_fractured,0.0257,Non_fractured
train,IMG0002247.jpg,Non_fractured,0.0003,Non_fractured,0.0000,Non_fractured,0.0037,Non_fractured,0.0011,Non_fractured
train,IMG0002249.jpg,Non_fractured,0.0000,Non_fractured,0.0009,Non_fractured,0.0535,Non_fractured,0.0143,Non_fractured
train,IMG0002252.jpg,Non_fractured,0.0064,Non_fractured,0.0001,Non_fractured,0.0355,Non_fractured,0.0112,Non_fractured
train,IMG0002254.jpg,Non_fractured,0.0298,Non_fractured,0.0111,Non_fractured,0.0340,Non_fractured,0.0228,Non_fractured
train,IMG0002255.jpg,Non_fractured,0.0032,Non_fractured,0.0007,Non_fractured,0.1997,Non_fractured,0.0532,Non_fractured
train,IMG0002256.jpg,Non_fractured,0.0131,Non_fractured,0.0157,Non_fractured,0.0072,Non_fractured,0.0127,Non_fractured
train,IMG0002257.jpg,Non_fractured,0.0762,Non_fractured,0.0065,Non_fractured,0.7089,Fractured,0.1839,Non_fractured
train,IMG0002259.jpg,Non_fractured,0.0197,Non_fractured,0.0037,Non_fractured,0.5741,Fractured,0.0641,Non_fractured
train,IMG0002262.jpg,Non_fractured,0.0077,Non_fractured,0.0002,Non_fractured,0.3529,Non_fractured,0.0367,Non_fractured
train,IMG0002263.jpg,Non_fractured,0.0089,Non_fractured,0.0000,Non_fractured,0.0241,Non_fractured,0.0090,Non_fractured
train,IMG0002264.jpg,Non_fractured,0.0016,Non_fractured,0.0012,Non_fractured,0.0121,Non_fractured,0.0041,Non_fractured
train,IMG0002266.jpg,Non_fractured,0.7028,Fractured,0.0042,Non_fractured,0.7382,Fractured,0.5751,Fractured
train,IMG0002267.jpg,Non_fractured,0.0140,Non_fractured,0.0041,Non_fractured,0.0197,Non_fractured,0.0112,Non_fractured
train,IMG0002270.jpg,Non_fractured,0.0366,Non_fractured,0.0011,Non_fractured,0.0044,Non_fractured,0.0129,Non_fractured
train,IMG0002271.jpg,Non_fractured,0.0093,Non_fractured,0.0006,Non_fractured,0.0735,Non_fractured,0.0222,Non_fractured
train,IMG0002273.jpg,Non_fractured,0.0141,Non_fractured,0.0177,Non_fractured,0.4493,Non_fractured,0.0575,Non_fractured
train,IMG0002275.jpg,Non_fractured,0.0680,Non_fractured,0.0000,Non_fractured,0.0119,Non_fractured,0.0241,Non_fractured
train,IMG0002276.jpg,Non_fractured,0.1443,Non_fractured,0.0015,Non_fractured,0.0771,Non_fractured,0.0653,Non_fractured
train,IMG0002279.jpg,Non_fractured,0.1324,Non_fractured,0.0136,Non_fractured,0.5398,Fractured,0.1943,Non_fractured
train,IMG0002280.jpg,Non_fractured,0.0072,Non_fractured,0.0001,Non_fractured,0.1637,Non_fractured,0.0448,Non_fractured
train,IMG0002281.jpg,Non_fractured,0.1138,Non_fractured,0.0820,Non_fractured,0.2858,Non_fractured,0.1448,Non_fractured
train,IMG0002282.jpg,Non_fractured,0.1076,Non_fractured,0.0030,Non_fractured,0.8069,Fractured,0.2239,Non_fractured
train,IMG0002283.jpg,Non_fractured,0.2516,Non_fractured,0.0006,Non_fractured,0.6364,Fractured,0.2962,Non_fractured
train,IMG0002284.jpg,Non_fractured,0.3802,Non_fractured,0.0012,Non_fractured,0.8785,Fractured,0.4326,Fractured
train,IMG0002285.jpg,Non_fractured,0.1698,Non_fractured,0.0138,Non_fractured,0.7442,Fractured,0.2583,Non_fractured
train,IMG0002286.jpg,Non_fractured,0.0018,Non_fractured,0.0000,Non_fractured,0.0126,Non_fractured,0.0039,Non_fractured
train,IMG0002288.jpg,Non_fractured,0.0562,Non_fractured,0.0000,Non_fractured,0.6093,Fractured,0.1508,Non_fractured
train,IMG0002289.jpg,Non_fractured,0.0262,Non_fractured,0.0210,Non_fractured,0.5186,Non_fractured,0.0704,Non_fractured
train,IMG0002291.jpg,Non_fractured,0.0010,Non_fractured,0.0003,Non_fractured,0.0237,Non_fractured,0.0066,Non_fractured
train,IMG0002292.jpg,Non_fractured,0.0069,Non_fractured,0.0004,Non_fractured,0.0302,Non_fractured,0.0101,Non_fractured
train,IMG0002293.jpg,Non_fractured,0.0010,Non_fractured,0.0003,Non_fractured,0.0237,Non_fractured,0.0066,Non_fractured
train,IMG0002294.jpg,Non_fractured,0.0178,Non_fractured,0.0004,Non_fractured,0.0095,Non_fractured,0.0082,Non_fractured
train,IMG0002295.jpg,Non_fractured,0.0001,Non_fractured,0.0000,Non_fractured,0.0008,Non_fractured,0.0002,Non_fractured
train,IMG0002297.jpg,Non_fractured,0.0206,Non_fractured,0.0002,Non_fractured,0.0068,Non_fractured,0.0082,Non_fractured
train,IMG0002616.jpg,Non_fractured,0.0034,Non_fractured,0.0016,Non_fractured,0.0025,Non_fractured,0.0024,Non_fractured
train,IMG0002618.jpg,Non_fractured,0.0005,Non_fractured,0.0008,Non_fractured,0.0041,Non_fractured,0.0016,Non_fractured
train,IMG0002623.jpg,Non_fractured,0.0068,Non_fractured,0.0137,Non_fractured,0.0294,Non_fractured,0.0157,Non_fractured
train,IMG0002624.jpg,Non_fractured,0.0037,Non_fractured,0.0005,Non_fractured,0.0202,Non_fractured,0.0066,Non_fractured
train,IMG0002625.jpg,Non_fractured,0.0111,Non_fractured,0.0010,Non_fractured,0.0294,Non_fractured,0.0115,Non_fractured
train,IMG0002626.jpg,Non_fractured,0.0463,Non_fractured,0.0087,Non_fractured,0.1088,Non_fractured,0.0463,Non_fractured
train,IMG0002630.jpg,Non_fractured,0.0012,Non_fractured,0.0114,Non_fractured,0.0009,Non_fractured,0.0055,Non_fractured
train,IMG0002632.jpg,Non_fractured,0.0001,Non_fractured,0.0000,Non_fractured,0.0222,Non_fractured,0.0058,Non_fractured
train,IMG0002633.jpg,Non_fractured,0.0951,Non_fractured,0.0000,Non_fractured,0.4090,Non_fractured,0.0750,Non_fractured
train,IMG0002634.jpg,Non_fractured,0.0117,Non_fractured,0.0001,Non_fractured,0.0005,Non_fractured,0.0038,Non_fractured
train,IMG0002635.jpg,Non_fractured,0.0224,Non_fractured,0.0117,Non_fractured,0.0038,Non_fractured,0.0130,Non_fractured
train,IMG0002636.jpg,Non_fractured,0.9701,Fractured,0.0382,Non_fractured,0.9411,Fractured,0.7719,Fractured
train,IMG0002637.jpg,Non_fractured,0.6001,Fractured,0.0793,Non_fractured,0.9267,Fractured,0.6072,Fractured
train,IMG0002638.jpg,Non_fractured,0.0548,Non_fractured,0.0315,Non_fractured,0.0298,Non_fractured,0.0383,Non_fractured
train,IMG0002640.jpg,Non_fractured,0.1543,Non_fractured,0.0004,Non_fractured,0.6205,Fractured,0.2234,Non_fractured
train,IMG0002641.jpg,Non_fractured,0.4528,Non_fractured,0.0216,Non_fractured,0.2109,Non_fractured,0.1355,Non_fractured
train,IMG0002642.jpg,Non_fractured,0.0072,Non_fractured,0.0001,Non_fractured,0.0109,Non_fractured,0.0051,Non_fractured
train,IMG0002643.jpg,Non_fractured,0.0134,Non_fractured,0.0056,Non_fractured,0.0030,Non_fractured,0.0074,Non_fractured
train,IMG0002644.jpg,Non_fractured,0.0121,Non_fractured,0.0009,Non_fractured,0.0388,Non_fractured,0.0142,Non_fractured
train,IMG0002648.jpg,Non_fractured,0.0041,Non_fractured,0.0009,Non_fractured,0.2192,Non_fractured,0.0586,Non_fractured
train,IMG0002649.jpg,Non_fractured,0.0015,Non_fractured,0.0001,Non_fractured,0.0292,Non_fractured,0.0081,Non_fractured
train,IMG0002654.jpg,Non_fractured,0.1115,Non_fractured,0.0001,Non_fractured,0.1129,Non_fractured,0.0639,Non_fractured
train,IMG0002655.jpg,Non_fractured,0.0373,Non_fractured,0.0009,Non_fractured,0.0155,Non_fractured,0.0159,Non_fractured
train,IMG0002656.jpg,Non_fractured,0.0681,Non_fractured,0.0008,Non_fractured,0.0075,Non_fractured,0.0234,Non_fractured
train,IMG0002658.jpg,Non_fractured,0.0029,Non_fractured,0.0003,Non_fractured,0.0044,Non_fractured,0.0021,Non_fractured
train,IMG0002659.jpg,Non_fractured,0.0026,Non_fractured,0.0009,Non_fractured,0.2053,Non_fractured,0.0546,Non_fractured
train,IMG0002660.jpg,Non_fractured,0.0603,Non_fractured,0.0012,Non_fractured,0.0031,Non_fractured,0.0200,Non_fractured
train,IMG0002661.jpg,Non_fractured,0.0042,Non_fractured,0.0018,Non_fractured,0.0031,Non_fractured,0.0029,Non_fractured
train,IMG0002662.jpg,Non_fractured,0.2150,Non_fractured,0.0137,Non_fractured,0.5078,Non_fractured,0.2479,Non_fractured
train,IMG0002663.jpg,Non_fractured,0.4444,Non_fractured,0.0301,Non_fractured,0.4625,Non_fractured,0.4230,Fractured
train,IMG0002665.jpg,Non_fractured,0.0009,Non_fractured,0.0001,Non_fractured,0.0227,Non_fractured,0.0062,Non_fractured
train,IMG0002666.jpg,Non_fractured,0.0046,Non_fractured,0.0004,Non_fractured,0.0090,Non_fractured,0.0039,Non_fractured
train,IMG0002667.jpg,Non_fractured,0.0363,Non_fractured,0.0059,Non_fractured,0.1123,Non_fractured,0.0430,Non_fractured
train,IMG0002669.jpg,Non_fractured,0.0215,Non_fractured,0.0000,Non_fractured,0.1224,Non_fractured,0.0385,Non_fractured
train,IMG0002670.jpg,Non_fractured,0.0502,Non_fractured,0.0043,Non_fractured,0.0158,Non_fractured,0.0215,Non_fractured
train,IMG0002671.jpg,Non_fractured,0.0066,Non_fractured,0.0001,Non_fractured,0.0491,Non_fractured,0.0148,Non_fractured
train,IMG0002672.jpg,Non_fractured,0.0023,Non_fractured,0.0121,Non_fractured,0.0069,Non_fractured,0.0077,Non_fractured
train,IMG0002673.jpg,Non_fractured,0.0192,Non_fractured,0.0002,Non_fractured,0.0368,Non_fractured,0.0156,Non_fractured
train,IMG0002674.jpg,Non_fractured,0.0072,Non_fractured,0.0011,Non_fractured,0.0243,Non_fractured,0.0090,Non_fractured
train,IMG0002675.jpg,Non_fractured,0.0043,Non_fractured,0.0010,Non_fractured,0.1416,Non_fractured,0.0386,Non_fractured
train,IMG0002676.jpg,Non_fractured,0.0005,Non_fractured,0.0000,Non_fractured,0.0059,Non_fractured,0.0017,Non_fractured
train,IMG0002677.jpg,Non_fractured,0.0006,Non_fractured,0.0001,Non_fractured,0.0005,Non_fractured,0.0004,Non_fractured
train,IMG0002678.jpg,Non_fractured,0.0081,Non_fractured,0.0002,Non_fractured,0.0031,Non_fractured,0.0034,Non_fractured
train,IMG0002680.jpg,Non_fractured,0.0019,Non_fractured,0.0003,Non_fractured,0.0078,Non_fractured,0.0027,Non_fractured
train,IMG0002681.jpg,Non_fractured,0.0004,Non_fractured,0.0019,Non_fractured,0.0048,Non_fractured,0.0022,Non_fractured
train,IMG0002682.jpg,Non_fractured,0.0779,Non_fractured,0.0069,Non_fractured,0.1694,Non_fractured,0.0711,Non_fractured
train,IMG0002683.jpg,Non_fractured,0.7845,Fractured,0.0699,Non_fractured,0.5847,Fractured,0.5756,Fractured
train,IMG0002686.jpg,Non_fractured,0.0064,Non_fractured,0.0030,Non_fractured,0.0002,Non_fractured,0.0033,Non_fractured
train,IMG0002687.jpg,Non_fractured,0.0088,Non_fractured,0.0003,Non_fractured,0.0295,Non_fractured,0.0105,Non_fractured
train,IMG0002688.jpg,Non_fractured,0.0000,Non_fractured,0.0017,Non_fractured,0.0008,Non_fractured,0.0009,Non_fractured
train,IMG0002689.jpg,Non_fractured,0.0018,Non_fractured,0.0001,Non_fractured,0.2303,Non_fractured,0.0605,Non_fractured
train,IMG0002691.jpg,Non_fractured,0.0582,Non_fractured,0.0060,Non_fractured,0.0190,Non_fractured,0.0255,Non_fractured
train,IMG0002692.jpg,Non_fractured,0.0507,Non_fractured,0.0001,Non_fractured,0.0066,Non_fractured,0.0174,Non_fractured
train,IMG0002694.jpg,Non_fractured,0.4175,Non_fractured,0.0486,Non_fractured,0.2652,Non_fractured,0.2190,Non_fractured
train,IMG0002695.jpg,Non_fractured,0.0159,Non_fractured,0.0005,Non_fractured,0.0048,Non_fractured,0.0064,Non_fractured
train,IMG0002696.jpg,Non_fractured,0.0535,Non_fractured,0.0004,Non_fractured,0.0064,Non_fractured,0.0184,Non_fractured
train,IMG0002697.jpg,Non_fractured,0.0120,Non_fractured,0.0009,Non_fractured,0.0223,Non_fractured,0.0099,Non_fractured
train,IMG0002698.jpg,Non_fractured,0.0169,Non_fractured,0.0000,Non_fractured,0.0187,Non_fractured,0.0101,Non_fractured
train,IMG0002700.jpg,Non_fractured,0.3676,Non_fractured,0.0006,Non_fractured,0.3233,Non_fractured,0.3230,Non_fractured
train,IMG0002702.jpg,Non_fractured,0.0497,Non_fractured,0.0485,Non_fractured,0.1024,Non_fractured,0.0629,Non_fractured
train,IMG0002703.jpg,Non_fractured,0.2553,Non_fractured,0.0003,Non_fractured,0.2578,Non_fractured,0.1462,Non_fractured
train,IMG0002706.jpg,Non_fractured,0.0234,Non_fractured,0.0006,Non_fractured,0.1902,Non_fractured,0.0569,Non_fractured
train,IMG0002707.jpg,Non_fractured,0.2741,Non_fractured,0.0010,Non_fractured,0.0026,Non_fractured,0.0859,Non_fractured
train,IMG0002709.jpg,Non_fractured,0.0047,Non_fractured,0.0006,Non_fractured,0.0177,Non_fractured,0.0063,Non_fractured
train,IMG0002710.jpg,Non_fractured,0.0083,Non_fractured,0.0015,Non_fractured,0.0066,Non_fractured,0.0049,Non_fractured
train,IMG0002711.jpg,Non_fractured,0.0048,Non_fractured,0.0045,Non_fractured,0.0111,Non_fractured,0.0063,Non_fractured
train,IMG0002712.jpg,Non_fractured,0.0220,Non_fractured,0.0019,Non_fractured,0.2184,Non_fractured,0.0644,Non_fractured
train,IMG0002713.jpg,Non_fractured,0.0050,Non_fractured,0.0002,Non_fractured,0.0020,Non_fractured,0.0022,Non_fractured
train,IMG0002715.jpg,Non_fractured,0.0278,Non_fractured,0.0004,Non_fractured,0.6120,Fractured,0.1309,Non_fractured
train,IMG0002716.jpg,Non_fractured,0.0125,Non_fractured,0.0049,Non_fractured,0.2365,Non_fractured,0.0675,Non_fractured
train,IMG0002717.jpg,Non_fractured,0.3093,Non_fractured,0.0000,Non_fractured,0.1966,Non_fractured,0.1468,Non_fractured
train,IMG0002719.jpg,Non_fractured,0.0008,Non_fractured,0.0034,Non_fractured,0.0089,Non_fractured,0.0040,Non_fractured
train,IMG0002720.jpg,Non_fractured,0.0030,Non_fractured,0.0012,Non_fractured,0.1055,Non_fractured,0.0289,Non_fractured
train,IMG0002722.jpg,Non_fractured,0.0002,Non_fractured,0.0058,Non_fractured,0.0029,Non_fractured,0.0033,Non_fractured
train,IMG0002723.jpg,Non_fractured,0.0005,Non_fractured,0.0011,Non_fractured,0.0045,Non_fractured,0.0018,Non_fractured
train,IMG0002725.jpg,Non_fractured,0.0005,Non_fractured,0.0057,Non_fractured,0.0040,Non_fractured,0.0036,Non_fractured
train,IMG0002726.jpg,Non_fractured,0.0462,Non_fractured,0.0001,Non_fractured,0.0027,Non_fractured,0.0151,Non_fractured
train,IMG0002728.jpg,Non_fractured,0.0045,Non_fractured,0.0002,Non_fractured,0.0049,Non_fractured,0.0028,Non_fractured
train,IMG0002734.jpg,Non_fractured,0.0022,Non_fractured,0.0008,Non_fractured,0.0121,Non_fractured,0.0042,Non_fractured
train,IMG0002735.jpg,Non_fractured,0.0446,Non_fractured,0.0179,Non_fractured,0.0551,Non_fractured,0.0359,Non_fractured
train,IMG0002736.jpg,Non_fractured,0.1876,Non_fractured,0.0453,Non_fractured,0.0402,Non_fractured,0.0880,Non_fractured
train,IMG0002739.jpg,Non_fractured,0.1769,Non_fractured,0.0006,Non_fractured,0.0930,Non_fractured,0.0792,Non_fractured
train,IMG0002741.jpg,Non_fractured,0.0706,Non_fractured,0.0020,Non_fractured,0.0133,Non_fractured,0.0262,Non_fractured
train,IMG0002742.jpg,Non_fractured,0.1922,Non_fractured,0.0148,Non_fractured,0.0508,Non_fractured,0.0790,Non_fractured
train,IMG0002743.jpg,Non_fractured,0.0042,Non_fractured,0.0002,Non_fractured,0.0544,Non_fractured,0.0155,Non_fractured
train,IMG0002744.jpg,Non_fractured,0.1527,Non_fractured,0.0140,Non_fractured,0.2557,Non_fractured,0.1197,Non_fractured
train,IMG0002747.jpg,Non_fractured,0.0194,Non_fractured,0.0006,Non_fractured,0.0024,Non_fractured,0.0069,Non_fractured
train,IMG0002751.jpg,Non_fractured,0.0111,Non_fractured,0.0003,Non_fractured,0.0539,Non_fractured,0.0176,Non_fractured
train,IMG0002752.jpg,Non_fractured,0.0027,Non_fractured,0.0011,Non_fractured,0.1210,Non_fractured,0.0328,Non_fractured
train,IMG0002753.jpg,Non_fractured,0.1154,Non_fractured,0.0008,Non_fractured,0.0017,Non_fractured,0.0365,Non_fractured
train,IMG0002754.jpg,Non_fractured,0.0012,Non_fractured,0.0024,Non_fractured,0.0129,Non_fractured,0.0047,Non_fractured
train,IMG0002756.jpg,Non_fractured,0.0014,Non_fractured,0.0038,Non_fractured,0.0031,Non_fractured,0.0029,Non_fractured
train,IMG0002757.jpg,Non_fractured,0.1654,Non_fractured,0.0004,Non_fractured,0.0323,Non_fractured,0.0597,Non_fractured
train,IMG0002758.jpg,Non_fractured,0.1186,Non_fractured,0.0028,Non_fractured,0.0448,Non_fractured,0.0496,Non_fractured
train,IMG0002759.jpg,Non_fractured,0.0097,Non_fractured,0.0019,Non_fractured,0.0213,Non_fractured,0.0094,Non_fractured
train,IMG0002760.jpg,Non_fractured,0.0366,Non_fractured,0.0025,Non_fractured,0.0182,Non_fractured,0.0172,Non_fractured
train,IMG0002761.jpg,Non_fractured,0.1748,Non_fractured,0.0001,Non_fractured,0.0388,Non_fractured,0.0642,Non_fractured
train,IMG0002765.jpg,Non_fractured,0.0142,Non_fractured,0.0095,Non_fractured,0.0530,Non_fractured,0.0223,Non_fractured
train,IMG0002766.jpg,Non_fractured,0.0280,Non_fractured,0.0143,Non_fractured,0.0700,Non_fractured,0.0331,Non_fractured
train,IMG0002767.jpg,Non_fractured,0.0891,Non_fractured,0.0040,Non_fractured,0.0525,Non_fractured,0.0429,Non_fractured
train,IMG0002769.jpg,Non_fractured,0.0039,Non_fractured,0.0000,Non_fractured,0.0040,Non_fractured,0.0023,Non_fractured
train,IMG0002770.jpg,Non_fractured,0.0730,Non_fractured,0.0004,Non_fractured,0.1395,Non_fractured,0.0590,Non_fractured
train,IMG0002771.jpg,Non_fractured,0.1717,Non_fractured,0.0609,Non_fractured,0.1346,Non_fractured,0.1143,Non_fractured
train,IMG0002772.jpg,Non_fractured,0.1821,Non_fractured,0.0004,Non_fractured,0.0318,Non_fractured,0.0648,Non_fractured
train,IMG0002773.jpg,Non_fractured,0.0024,Non_fractured,0.0004,Non_fractured,0.0018,Non_fractured,0.0014,Non_fractured
train,IMG0002774.jpg,Non_fractured,0.0907,Non_fractured,0.0017,Non_fractured,0.0086,Non_fractured,0.0310,Non_fractured
train,IMG0002776.jpg,Non_fractured,0.0077,Non_fractured,0.0011,Non_fractured,0.1764,Non_fractured,0.0487,Non_fractured
train,IMG0002777.jpg,Non_fractured,0.0214,Non_fractured,0.0053,Non_fractured,0.0377,Non_fractured,0.0187,Non_fractured
train,IMG0002778.jpg,Non_fractured,0.0015,Non_fractured,0.0001,Non_fractured,0.0722,Non_fractured,0.0193,Non_fractured
train,IMG0002779.jpg,Non_fractured,0.0985,Non_fractured,0.0011,Non_fractured,0.0032,Non_fractured,0.0318,Non_fractured
train,IMG0002780.jpg,Non_fractured,0.0195,Non_fractured,0.0000,Non_fractured,0.0013,Non_fractured,0.0064,Non_fractured
train,IMG0002781.jpg,Non_fractured,0.0006,Non_fractured,0.0011,Non_fractured,0.0026,Non_fractured,0.0013,Non_fractured
train,IMG0002783.jpg,Non_fractured,0.0058,Non_fractured,0.0018,Non_fractured,0.0111,Non_fractured,0.0055,Non_fractured
train,IMG0002784.jpg,Non_fractured,0.0010,Non_fractured,0.0003,Non_fractured,0.0002,Non_fractured,0.0005,Non_fractured
train,IMG0002786.jpg,Non_fractured,0.0044,Non_fractured,0.0002,Non_fractured,0.0095,Non_fractured,0.0039,Non_fractured
train,IMG0002787.jpg,Non_fractured,0.0055,Non_fractured,0.0017,Non_fractured,0.0082,Non_fractured,0.0046,Non_fractured
train,IMG0002788.jpg,Non_fractured,0.0001,Non_fractured,0.0001,Non_fractured,0.0003,Non_fractured,0.0002,Non_fractured
train,IMG0002789.jpg,Non_fractured,0.0040,Non_fractured,0.0000,Non_fractured,0.1909,Non_fractured,0.0509,Non_fractured
train,IMG0002793.jpg,Non_fractured,0.0064,Non_fractured,0.0003,Non_fractured,0.0184,Non_fractured,0.0069,Non_fractured
train,IMG0002795.jpg,Non_fractured,0.0004,Non_fractured,0.0006,Non_fractured,0.0001,Non_fractured,0.0004,Non_fractured
train,IMG0002797.jpg,Non_fractured,0.0084,Non_fractured,0.0021,Non_fractured,0.0037,Non_fractured,0.0045,Non_fractured
train,IMG0002798.jpg,Non_fractured,0.2456,Non_fractured,0.0017,Non_fractured,0.1306,Non_fractured,0.1107,Non_fractured
train,IMG0002800.jpg,Non_fractured,0.0037,Non_fractured,0.0012,Non_fractured,0.0706,Non_fractured,0.0200,Non_fractured
train,IMG0002802.jpg,Non_fractured,0.0067,Non_fractured,0.0064,Non_fractured,0.0070,Non_fractured,0.0067,Non_fractured
train,IMG0002805.jpg,Non_fractured,0.0038,Non_fractured,0.0001,Non_fractured,0.0019,Non_fractured,0.0017,Non_fractured
train,IMG0002806.jpg,Non_fractured,0.0020,Non_fractured,0.0014,Non_fractured,0.0010,Non_fractured,0.0015,Non_fractured
train,IMG0002807.jpg,Non_fractured,0.0448,Non_fractured,0.0005,Non_fractured,0.1539,Non_fractured,0.0541,Non_fractured
train,IMG0002808.jpg,Non_fractured,0.0904,Non_fractured,0.0054,Non_fractured,0.2664,Non_fractured,0.0995,Non_fractured
train,IMG0002812.jpg,Non_fractured,0.1434,Non_fractured,0.0039,Non_fractured,0.0823,Non_fractured,0.0674,Non_fractured
train,IMG0002813.jpg,Non_fractured,0.0009,Non_fractured,0.0008,Non_fractured,0.0172,Non_fractured,0.0051,Non_fractured
train,IMG0002814.jpg,Non_fractured,0.0010,Non_fractured,0.0014,Non_fractured,0.0073,Non_fractured,0.0028,Non_fractured
train,IMG0002815.jpg,Non_fractured,0.0000,Non_fractured,0.0045,Non_fractured,0.0006,Non_fractured,0.0021,Non_fractured
train,IMG0002817.jpg,Non_fractured,0.0173,Non_fractured,0.0005,Non_fractured,0.0195,Non_fractured,0.0106,Non_fractured
train,IMG0002819.jpg,Non_fractured,0.0324,Non_fractured,0.0002,Non_fractured,0.1850,Non_fractured,0.0582,Non_fractured
train,IMG0002820.jpg,Non_fractured,0.0252,Non_fractured,0.0014,Non_fractured,0.2556,Non_fractured,0.0749,Non_fractured
train,IMG0002821.jpg,Non_fractured,0.2465,Non_fractured,0.0785,Non_fractured,0.1028,Non_fractured,0.1368,Non_fractured
train,IMG0002822.jpg,Non_fractured,0.0948,Non_fractured,0.0115,Non_fractured,0.1503,Non_fractured,0.0733,Non_fractured
train,IMG0002823.jpg,Non_fractured,0.0086,Non_fractured,0.0001,Non_fractured,0.0077,Non_fractured,0.0047,Non_fractured
train,IMG0002825.jpg,Non_fractured,0.0358,Non_fractured,0.0072,Non_fractured,0.2508,Non_fractured,0.0794,Non_fractured
train,IMG0002826.jpg,Non_fractured,0.1985,Non_fractured,0.0171,Non_fractured,0.0777,Non_fractured,0.0890,Non_fractured
train,IMG0002827.jpg,Non_fractured,0.1169,Non_fractured,0.0013,Non_fractured,0.6198,Fractured,0.1965,Non_fractured
train,IMG0002829.jpg,Non_fractured,0.0989,Non_fractured,0.0002,Non_fractured,0.0035,Non_fractured,0.0316,Non_fractured
train,IMG0002830.jpg,Non_fractured,0.0074,Non_fractured,0.0046,Non_fractured,0.0310,Non_fractured,0.0123,Non_fractured
train,IMG0002835.jpg,Non_fractured,0.0145,Non_fractured,0.0051,Non_fractured,0.0330,Non_fractured,0.0153,Non_fractured
train,IMG0002839.jpg,Non_fractured,0.1100,Non_fractured,0.0012,Non_fractured,0.1241,Non_fractured,0.0668,Non_fractured
train,IMG0002841.jpg,Non_fractured,0.4799,Non_fractured,0.0003,Non_fractured,0.1361,Non_fractured,0.1022,Non_fractured
train,IMG0002842.jpg,Non_fractured,0.0262,Non_fractured,0.0001,Non_fractured,0.0272,Non_fractured,0.0152,Non_fractured
train,IMG0002843.jpg,Non_fractured,0.0071,Non_fractured,0.0004,Non_fractured,0.0098,Non_fractured,0.0049,Non_fractured
train,IMG0002844.jpg,Non_fractured,0.0016,Non_fractured,0.0004,Non_fractured,0.0026,Non_fractured,0.0014,Non_fractured
train,IMG0002845.jpg,Non_fractured,0.0013,Non_fractured,0.0009,Non_fractured,0.1868,Non_fractured,0.0494,Non_fractured
train,IMG0002851.jpg,Non_fractured,0.0046,Non_fractured,0.0014,Non_fractured,0.0021,Non_fractured,0.0025,Non_fractured
train,IMG0002852.jpg,Non_fractured,0.0073,Non_fractured,0.0005,Non_fractured,0.1257,Non_fractured,0.0352,Non_fractured
train,IMG0002853.jpg,Non_fractured,0.0021,Non_fractured,0.0013,Non_fractured,0.0074,Non_fractured,0.0032,Non_fractured
train,IMG0002854.jpg,Non_fractured,0.0432,Non_fractured,0.0002,Non_fractured,0.0002,Non_fractured,0.0135,Non_fractured
train,IMG0002855.jpg,Non_fractured,0.0007,Non_fractured,0.0018,Non_fractured,0.0052,Non_fractured,0.0023,Non_fractured
train,IMG0002856.jpg,Non_fractured,0.0012,Non_fractured,0.0009,Non_fractured,0.0008,Non_fractured,0.0010,Non_fractured
train,IMG0002857.jpg,Non_fractured,0.0375,Non_fractured,0.0005,Non_fractured,0.0174,Non_fractured,0.0163,Non_fractured
train,IMG0002858.jpg,Non_fractured,0.0064,Non_fractured,0.0013,Non_fractured,0.0249,Non_fractured,0.0090,Non_fractured
train,IMG0002860.jpg,Non_fractured,0.0224,Non_fractured,0.0006,Non_fractured,0.0444,Non_fractured,0.0188,Non_fractured
train,IMG0002861.jpg,Non_fractured,0.1388,Non_fractured,0.0004,Non_fractured,0.1149,Non_fractured,0.0730,Non_fractured
train,IMG0002862.jpg,Non_fractured,0.0272,Non_fractured,0.0003,Non_fractured,0.0993,Non_fractured,0.0344,Non_fractured
train,IMG0002863.jpg,Non_fractured,0.0575,Non_fractured,0.0000,Non_fractured,0.0713,Non_fractured,0.0363,Non_fractured
train,IMG0002864.jpg,Non_fractured,0.0929,Non_fractured,0.0002,Non_fractured,0.0957,Non_fractured,0.0537,Non_fractured
train,IMG0002865.jpg,Non_fractured,0.0028,Non_fractured,0.0002,Non_fractured,0.0001,Non_fractured,0.0010,Non_fractured
train,IMG0002866.jpg,Non_fractured,0.0203,Non_fractured,0.0003,Non_fractured,0.0154,Non_fractured,0.0104,Non_fractured
train,IMG0002868.jpg,Non_fractured,0.0070,Non_fractured,0.0028,Non_fractured,0.0110,Non_fractured,0.0062,Non_fractured
train,IMG0002869.jpg,Non_fractured,0.0790,Non_fractured,0.0002,Non_fractured,0.0120,Non_fractured,0.0276,Non_fractured
train,IMG0002870.jpg,Non_fractured,0.0099,Non_fractured,0.0020,Non_fractured,0.0044,Non_fractured,0.0051,Non_fractured
train,IMG0002871.jpg,Non_fractured,0.0004,Non_fractured,0.0031,Non_fractured,0.0075,Non_fractured,0.0034,Non_fractured
train,IMG0002872.jpg,Non_fractured,0.0000,Non_fractured,0.0000,Non_fractured,0.0125,Non_fractured,0.0033,Non_fractured
train,IMG0002873.jpg,Non_fractured,0.0633,Non_fractured,0.0000,Non_fractured,0.0574,Non_fractured,0.0345,Non_fractured
train,IMG0002874.jpg,Non_fractured,0.0934,Non_fractured,0.0086,Non_fractured,0.0445,Non_fractured,0.0442,Non_fractured
train,IMG0002876.jpg,Non_fractured,0.0376,Non_fractured,0.0011,Non_fractured,0.2557,Non_fractured,0.0786,Non_fractured
train,IMG0002878.jpg,Non_fractured,0.0007,Non_fractured,0.0111,Non_fractured,0.0051,Non_fractured,0.0064,Non_fractured
train,IMG0002879.jpg,Non_fractured,0.0216,Non_fractured,0.0011,Non_fractured,0.0025,Non_fractured,0.0078,Non_fractured
train,IMG0002880.jpg,Non_fractured,0.0000,Non_fractured,0.0049,Non_fractured,0.0005,Non_fractured,0.0023,Non_fractured
train,IMG0002881.jpg,Non_fractured,0.1829,Non_fractured,0.0038,Non_fractured,0.1464,Non_fractured,0.0963,Non_fractured
train,IMG0002883.jpg,Non_fractured,0.0124,Non_fractured,0.0018,Non_fractured,0.0951,Non_fractured,0.0293,Non_fractured
train,IMG0002884.jpg,Non_fractured,0.4018,Non_fractured,0.0883,Non_fractured,0.8594,Fractured,0.4533,Fractured
train,IMG0002887.jpg,Non_fractured,0.2394,Non_fractured,0.0015,Non_fractured,0.1315,Non_fractured,0.1089,Non_fractured
train,IMG0002888.jpg,Non_fractured,0.2396,Non_fractured,0.0005,Non_fractured,0.0873,Non_fractured,0.0970,Non_fractured
train,IMG0002889.jpg,Non_fractured,0.0093,Non_fractured,0.0006,Non_fractured,0.0041,Non_fractured,0.0042,Non_fractured
train,IMG0002890.jpg,Non_fractured,0.0009,Non_fractured,0.0002,Non_fractured,0.0041,Non_fractured,0.0014,Non_fractured
train,IMG0002891.jpg,Non_fractured,0.0386,Non_fractured,0.0012,Non_fractured,0.0369,Non_fractured,0.0221,Non_fractured
train,IMG0002892.jpg,Non_fractured,0.0021,Non_fractured,0.0000,Non_fractured,0.0071,Non_fractured,0.0025,Non_fractured
train,IMG0002893.jpg,Non_fractured,0.0594,Non_fractured,0.0001,Non_fractured,0.2186,Non_fractured,0.0752,Non_fractured
train,IMG0002894.jpg,Non_fractured,0.3418,Non_fractured,0.0078,Non_fractured,0.3204,Non_fractured,0.3093,Non_fractured
train,IMG0002895.jpg,Non_fractured,0.0020,Non_fractured,0.0007,Non_fractured,0.0029,Non_fractured,0.0017,Non_fractured
train,IMG0002896.jpg,Non_fractured,0.0004,Non_fractured,0.0042,Non_fractured,0.0143,Non_fractured,0.0057,Non_fractured
train,IMG0002897.jpg,Non_fractured,0.0419,Non_fractured,0.0143,Non_fractured,0.0071,Non_fractured,0.0210,Non_fractured
train,IMG0002898.jpg,Non_fractured,0.0366,Non_fractured,0.0052,Non_fractured,0.1399,Non_fractured,0.0499,Non_fractured
train,IMG0002899.jpg,Non_fractured,0.0378,Non_fractured,0.0101,Non_fractured,0.0494,Non_fractured,0.0289,Non_fractured
train,IMG0002900.jpg,Non_fractured,0.0055,Non_fractured,0.0021,Non_fractured,0.0053,Non_fractured,0.0040,Non_fractured
train,IMG0002901.jpg,Non_fractured,0.0013,Non_fractured,0.0011,Non_fractured,0.0030,Non_fractured,0.0017,Non_fractured
train,IMG0002902.jpg,Non_fractured,0.1288,Non_fractured,0.0042,Non_fractured,0.0292,Non_fractured,0.0492,Non_fractured
train,IMG0002906.jpg,Non_fractured,0.0333,Non_fractured,0.0011,Non_fractured,0.1437,Non_fractured,0.0481,Non_fractured
train,IMG0002907.jpg,Non_fractured,0.1324,Non_fractured,0.0067,Non_fractured,0.0331,Non_fractured,0.0525,Non_fractured
train,IMG0002910.jpg,Non_fractured,0.0044,Non_fractured,0.0159,Non_fractured,0.0106,Non_fractured,0.0110,Non_fractured
train,IMG0002911.jpg,Non_fractured,0.3195,Non_fractured,0.0019,Non_fractured,0.3332,Non_fractured,0.3030,Non_fractured
train,IMG0002913.jpg,Non_fractured,0.4119,Non_fractured,0.0134,Non_fractured,0.7890,Fractured,0.4404,Fractured
train,IMG0002914.jpg,Non_fractured,0.0054,Non_fractured,0.0000,Non_fractured,0.0014,Non_fractured,0.0020,Non_fractured
train,IMG0002915.jpg,Non_fractured,0.0005,Non_fractured,0.0012,Non_fractured,0.0076,Non_fractured,0.0026,Non_fractured
train,IMG0002916.jpg,Non_fractured,0.1547,Non_fractured,0.0209,Non_fractured,0.1511,Non_fractured,0.0961,Non_fractured
train,IMG0002917.jpg,Non_fractured,0.0241,Non_fractured,0.0011,Non_fractured,0.0137,Non_fractured,0.0115,Non_fractured
train,IMG0002918.jpg,Non_fractured,0.0079,Non_fractured,0.0043,Non_fractured,0.7176,Fractured,0.3710,Non_fractured
train,IMG0002921.jpg,Non_fractured,0.0002,Non_fractured,0.0001,Non_fractured,0.0048,Non_fractured,0.0013,Non_fractured
train,IMG0002922.jpg,Non_fractured,0.0107,Non_fractured,0.0248,Non_fractured,0.0047,Non_fractured,0.0152,Non_fractured
train,IMG0002924.jpg,Non_fractured,0.0480,Non_fractured,0.0175,Non_fractured,0.4930,Non_fractured,0.0744,Non_fractured
train,IMG0002925.jpg,Non_fractured,0.0012,Non_fractured,0.0001,Non_fractured,0.0675,Non_fractured,0.0179,Non_fractured
train,IMG0002927.jpg,Non_fractured,0.0008,Non_fractured,0.0028,Non_fractured,0.1151,Non_fractured,0.0314,Non_fractured
train,IMG0002928.jpg,Non_fractured,0.0017,Non_fractured,0.0020,Non_fractured,0.0221,Non_fractured,0.0071,Non_fractured
train,IMG0002929.jpg,Non_fractured,0.0003,Non_fractured,0.0013,Non_fractured,0.0255,Non_fractured,0.0073,Non_fractured
train,IMG0002930.jpg,Non_fractured,0.0173,Non_fractured,0.0036,Non_fractured,0.0529,Non_fractured,0.0207,Non_fractured
train,IMG0002931.jpg,Non_fractured,0.0155,Non_fractured,0.0013,Non_fractured,0.0046,Non_fractured,0.0066,Non_fractured
train,IMG0002932.jpg,Non_fractured,0.0433,Non_fractured,0.0000,Non_fractured,0.0216,Non_fractured,0.0190,Non_fractured
train,IMG0002936.jpg,Non_fractured,0.5135,Non_fractured,0.0031,Non_fractured,0.2315,Non_fractured,0.2728,Non_fractured
train,IMG0002937.jpg,Non_fractured,0.1118,Non_fractured,0.0113,Non_fractured,0.5569,Fractured,0.1824,Non_fractured
train,IMG0002938.jpg,Non_fractured,0.4236,Non_fractured,0.0009,Non_fractured,0.0984,Non_fractured,0.0833,Non_fractured
train,IMG0002939.jpg,Non_fractured,0.5433,Fractured,0.0102,Non_fractured,0.0289,Non_fractured,0.0796,Non_fractured
train,IMG0002941.jpg,Non_fractured,0.0239,Non_fractured,0.0070,Non_fractured,0.1816,Non_fractured,0.0576,Non_fractured
train,IMG0002943.jpg,Non_fractured,0.0596,Non_fractured,0.0686,Non_fractured,0.2974,Non_fractured,0.1253,Non_fractured
train,IMG0002947.jpg,Non_fractured,0.0673,Non_fractured,0.0496,Non_fractured,0.0980,Non_fractured,0.0677,Non_fractured
train,IMG0002948.jpg,Non_fractured,0.0743,Non_fractured,0.0125,Non_fractured,0.6912,Fractured,0.1799,Non_fractured
train,IMG0002949.jpg,Non_fractured,0.0110,Non_fractured,0.0022,Non_fractured,0.0805,Non_fractured,0.0253,Non_fractured
train,IMG0002950.jpg,Non_fractured,0.1481,Non_fractured,0.2007,Fractured,0.0348,Non_fractured,0.1413,Non_fractured
train,IMG0002951.jpg,Non_fractured,0.0321,Non_fractured,0.0368,Non_fractured,0.1558,Non_fractured,0.0663,Non_fractured
train,IMG0002952.jpg,Non_fractured,0.2195,Non_fractured,0.1046,Non_fractured,0.6502,Fractured,0.2860,Non_fractured
train,IMG0002953.jpg,Non_fractured,0.0193,Non_fractured,0.0041,Non_fractured,0.0028,Non_fractured,0.0085,Non_fractured
train,IMG0002954.jpg,Non_fractured,0.0228,Non_fractured,0.0177,Non_fractured,0.0555,Non_fractured,0.0291,Non_fractured
train,IMG0002955.jpg,Non_fractured,0.2032,Non_fractured,0.0039,Non_fractured,0.0900,Non_fractured,0.0879,Non_fractured
train,IMG0002956.jpg,Non_fractured,0.0385,Non_fractured,0.0102,Non_fractured,0.0111,Non_fractured,0.0192,Non_fractured
train,IMG0002957.jpg,Non_fractured,0.0027,Non_fractured,0.0004,Non_fractured,0.0704,Non_fractured,0.0193,Non_fractured
train,IMG0002958.jpg,Non_fractured,0.0008,Non_fractured,0.0010,Non_fractured,0.0008,Non_fractured,0.0009,Non_fractured
train,IMG0002959.jpg,Non_fractured,0.0350,Non_fractured,0.0000,Non_fractured,0.0356,Non_fractured,0.0201,Non_fractured
train,IMG0002960.jpg,Non_fractured,0.0071,Non_fractured,0.0002,Non_fractured,0.4198,Non_fractured,0.0428,Non_fractured
train,IMG0002963.jpg,Non_fractured,0.0217,Non_fractured,0.0014,Non_fractured,0.0133,Non_fractured,0.0108,Non_fractured
train,IMG0002964.jpg,Non_fractured,0.0680,Non_fractured,0.0046,Non_fractured,0.0074,Non_fractured,0.0250,Non_fractured
train,IMG0002966.jpg,Non_fractured,0.1071,Non_fractured,0.0048,Non_fractured,0.3518,Non_fractured,0.1266,Non_fractured
train,IMG0002967.jpg,Non_fractured,0.1463,Non_fractured,0.0106,Non_fractured,0.4541,Non_fractured,0.1042,Non_fractured
train,IMG0002968.jpg,Non_fractured,0.1301,Non_fractured,0.0003,Non_fractured,0.0241,Non_fractured,0.0467,Non_fractured
train,IMG0002969.jpg,Non_fractured,0.0850,Non_fractured,0.0025,Non_fractured,0.0011,Non_fractured,0.0277,Non_fractured
train,IMG0002973.jpg,Non_fractured,0.0006,Non_fractured,0.0007,Non_fractured,0.0096,Non_fractured,0.0030,Non_fractured
train,IMG0002974.jpg,Non_fractured,0.0032,Non_fractured,0.0000,Non_fractured,0.0358,Non_fractured,0.0103,Non_fractured
train,IMG0002975.jpg,Non_fractured,0.0139,Non_fractured,0.0007,Non_fractured,0.0017,Non_fractured,0.0050,Non_fractured
train,IMG0002976.jpg,Non_fractured,0.0148,Non_fractured,0.0006,Non_fractured,0.0375,Non_fractured,0.0146,Non_fractured
train,IMG0002977.jpg,Non_fractured,0.0006,Non_fractured,0.0000,Non_fractured,0.0036,Non_fractured,0.0011,Non_fractured
train,IMG0002978.jpg,Non_fractured,0.0005,Non_fractured,0.0019,Non_fractured,0.0008,Non_fractured,0.0012,Non_fractured
train,IMG0002981.jpg,Non_fractured,0.0283,Non_fractured,0.0003,Non_fractured,0.1249,Non_fractured,0.0413,Non_fractured
train,IMG0002982.jpg,Non_fractured,0.0081,Non_fractured,0.0001,Non_fractured,0.1096,Non_fractured,0.0310,Non_fractured
train,IMG0002983.jpg,Non_fractured,0.0002,Non_fractured,0.0021,Non_fractured,0.0003,Non_fractured,0.0010,Non_fractured
train,IMG0002984.jpg,Non_fractured,0.0006,Non_fractured,0.0032,Non_fractured,0.0123,Non_fractured,0.0047,Non_fractured
train,IMG0002985.jpg,Non_fractured,0.0043,Non_fractured,0.0005,Non_fractured,0.0163,Non_fractured,0.0058,Non_fractured
train,IMG0002986.jpg,Non_fractured,0.0016,Non_fractured,0.0004,Non_fractured,0.0098,Non_fractured,0.0032,Non_fractured
train,IMG0002988.jpg,Non_fractured,0.2650,Non_fractured,0.3845,Fractured,0.3374,Non_fractured,0.3353,Non_fractured
train,IMG0002989.jpg,Non_fractured,0.0026,Non_fractured,0.0218,Non_fractured,0.0537,Non_fractured,0.0242,Non_fractured
train,IMG0002990.jpg,Non_fractured,0.0005,Non_fractured,0.0002,Non_fractured,0.0012,Non_fractured,0.0005,Non_fractured
train,IMG0002991.jpg,Non_fractured,0.0029,Non_fractured,0.0027,Non_fractured,0.0077,Non_fractured,0.0041,Non_fractured
train,IMG0002993.jpg,Non_fractured,0.0145,Non_fractured,0.0078,Non_fractured,0.0847,Non_fractured,0.0299,Non_fractured
train,IMG0002996.jpg,Non_fractured,0.1106,Non_fractured,0.0004,Non_fractured,0.2419,Non_fractured,0.0973,Non_fractured
train,IMG0003002.jpg,Non_fractured,0.4736,Non_fractured,0.0495,Non_fractured,0.3412,Non_fractured,0.3876,Non_fractured
train,IMG0003005.jpg,Non_fractured,0.0087,Non_fractured,0.0063,Non_fractured,0.0040,Non_fractured,0.0065,Non_fractured
train,IMG0003006.jpg,Non_fractured,0.0205,Non_fractured,0.0050,Non_fractured,0.0020,Non_fractured,0.0090,Non_fractured
train,IMG0003007.jpg,Non_fractured,0.0227,Non_fractured,0.0008,Non_fractured,0.0871,Non_fractured,0.0300,Non_fractured
train,IMG0003008.jpg,Non_fractured,0.1143,Non_fractured,0.0006,Non_fractured,0.0267,Non_fractured,0.0426,Non_fractured
train,IMG0003009.jpg,Non_fractured,0.0755,Non_fractured,0.0000,Non_fractured,0.0623,Non_fractured,0.0396,Non_fractured
train,IMG0003010.jpg,Non_fractured,0.0012,Non_fractured,0.0121,Non_fractured,0.0032,Non_fractured,0.0064,Non_fractured
train,IMG0003011.jpg,Non_fractured,0.1508,Non_fractured,0.0254,Non_fractured,0.4690,Non_fractured,0.1151,Non_fractured
train,IMG0003012.jpg,Non_fractured,0.9797,Fractured,0.7898,Fractured,0.8808,Fractured,0.8722,Fractured
train,IMG0003013.jpg,Non_fractured,0.0110,Non_fractured,0.0014,Non_fractured,0.0247,Non_fractured,0.0104,Non_fractured
train,IMG0003015.jpg,Non_fractured,0.0248,Non_fractured,0.0001,Non_fractured,0.0350,Non_fractured,0.0168,Non_fractured
train,IMG0003016.jpg,Non_fractured,0.0203,Non_fractured,0.0021,Non_fractured,0.0147,Non_fractured,0.0110,Non_fractured
train,IMG0003017.jpg,Non_fractured,0.0007,Non_fractured,0.0025,Non_fractured,0.0096,Non_fractured,0.0038,Non_fractured
train,IMG0003018.jpg,Non_fractured,0.0040,Non_fractured,0.0004,Non_fractured,0.0068,Non_fractured,0.0032,Non_fractured
train,IMG0003019.jpg,Non_fractured,0.0001,Non_fractured,0.0014,Non_fractured,0.0026,Non_fractured,0.0013,Non_fractured
train,IMG0003022.jpg,Non_fractured,0.0069,Non_fractured,0.0005,Non_fractured,0.1099,Non_fractured,0.0309,Non_fractured
train,IMG0003023.jpg,Non_fractured,0.0041,Non_fractured,0.0000,Non_fractured,0.0063,Non_fractured,0.0029,Non_fractured
train,IMG0003024.jpg,Non_fractured,0.0018,Non_fractured,0.0002,Non_fractured,0.0061,Non_fractured,0.0022,Non_fractured
train,IMG0003025.jpg,Non_fractured,0.0014,Non_fractured,0.0027,Non_fractured,0.0310,Non_fractured,0.0096,Non_fractured
train,IMG0003026.jpg,Non_fractured,0.0053,Non_fractured,0.0073,Non_fractured,0.0008,Non_fractured,0.0050,Non_fractured
train,IMG0003027.jpg,Non_fractured,0.0248,Non_fractured,0.0140,Non_fractured,0.0083,Non_fractured,0.0159,Non_fractured
train,IMG0003029.jpg,Non_fractured,0.0160,Non_fractured,0.0001,Non_fractured,0.0055,Non_fractured,0.0064,Non_fractured
train,IMG0003030.jpg,Non_fractured,0.0001,Non_fractured,0.0015,Non_fractured,0.0002,Non_fractured,0.0007,Non_fractured
train,IMG0003031.jpg,Non_fractured,0.0188,Non_fractured,0.0000,Non_fractured,0.0206,Non_fractured,0.0112,Non_fractured
train,IMG0003032.jpg,Non_fractured,0.0010,Non_fractured,0.0000,Non_fractured,0.0122,Non_fractured,0.0035,Non_fractured
train,IMG0003033.jpg,Non_fractured,0.0052,Non_fractured,0.0004,Non_fractured,0.0054,Non_fractured,0.0032,Non_fractured
train,IMG0003036.jpg,Non_fractured,0.2645,Non_fractured,0.0010,Non_fractured,0.1619,Non_fractured,0.1243,Non_fractured
train,IMG0003038.jpg,Non_fractured,0.2327,Non_fractured,0.0002,Non_fractured,0.0047,Non_fractured,0.0733,Non_fractured
train,IMG0003039.jpg,Non_fractured,0.0048,Non_fractured,0.0038,Non_fractured,0.0492,Non_fractured,0.0159,Non_fractured
train,IMG0003040.jpg,Non_fractured,0.0734,Non_fractured,0.0040,Non_fractured,0.2382,Non_fractured,0.0863,Non_fractured
train,IMG0003041.jpg,Non_fractured,0.0584,Non_fractured,0.1237,Non_fractured,0.0239,Non_fractured,0.0775,Non_fractured
train,IMG0003043.jpg,Non_fractured,0.0024,Non_fractured,0.0003,Non_fractured,0.0116,Non_fractured,0.0039,Non_fractured
train,IMG0003044.jpg,Non_fractured,0.0225,Non_fractured,0.0020,Non_fractured,0.0548,Non_fractured,0.0221,Non_fractured
train,IMG0003045.jpg,Non_fractured,0.0279,Non_fractured,0.0028,Non_fractured,0.4424,Non_fractured,0.0542,Non_fractured
train,IMG0003046.jpg,Non_fractured,0.5813,Fractured,0.2448,Fractured,0.4571,Non_fractured,0.4041,Fractured
train,IMG0003047.jpg,Non_fractured,0.0323,Non_fractured,0.0027,Non_fractured,0.0126,Non_fractured,0.0145,Non_fractured
train,IMG0003050.jpg,Non_fractured,0.0017,Non_fractured,0.0009,Non_fractured,0.0148,Non_fractured,0.0047,Non_fractured
train,IMG0003051.jpg,Non_fractured,0.0008,Non_fractured,0.0005,Non_fractured,0.0056,Non_fractured,0.0019,Non_fractured
train,IMG0003052.jpg,Non_fractured,0.3996,Non_fractured,0.0029,Non_fractured,0.1149,Non_fractured,0.0871,Non_fractured
train,IMG0003053.jpg,Non_fractured,0.0290,Non_fractured,0.0119,Non_fractured,0.0713,Non_fractured,0.0326,Non_fractured
train,IMG0003054.jpg,Non_fractured,0.2207,Non_fractured,0.0459,Non_fractured,0.3240,Non_fractured,0.1723,Non_fractured
train,IMG0003055.jpg,Non_fractured,0.2451,Non_fractured,0.1322,Non_fractured,0.1678,Non_fractured,0.1764,Non_fractured
train,IMG0003056.jpg,Non_fractured,0.0091,Non_fractured,0.0005,Non_fractured,0.0061,Non_fractured,0.0046,Non_fractured
train,IMG0003057.jpg,Non_fractured,0.0003,Non_fractured,0.0015,Non_fractured,0.0028,Non_fractured,0.0015,Non_fractured
train,IMG0003058.jpg,Non_fractured,0.4566,Non_fractured,0.0044,Non_fractured,0.0285,Non_fractured,0.0660,Non_fractured
train,IMG0003061.jpg,Non_fractured,0.0514,Non_fractured,0.0071,Non_fractured,0.0051,Non_fractured,0.0202,Non_fractured
train,IMG0003062.jpg,Non_fractured,0.0597,Non_fractured,0.0006,Non_fractured,0.0184,Non_fractured,0.0235,Non_fractured
train,IMG0003063.jpg,Non_fractured,0.0145,Non_fractured,0.0002,Non_fractured,0.1271,Non_fractured,0.0376,Non_fractured
train,IMG0003064.jpg,Non_fractured,0.1412,Non_fractured,0.0053,Non_fractured,0.0266,Non_fractured,0.0529,Non_fractured
train,IMG0003065.jpg,Non_fractured,0.0013,Non_fractured,0.0031,Non_fractured,0.0387,Non_fractured,0.0118,Non_fractured
train,IMG0003066.jpg,Non_fractured,0.1295,Non_fractured,0.0058,Non_fractured,0.1149,Non_fractured,0.0724,Non_fractured
train,IMG0003067.jpg,Non_fractured,0.1434,Non_fractured,0.0157,Non_fractured,0.0697,Non_fractured,0.0692,Non_fractured
train,IMG0003069.jpg,Non_fractured,0.0297,Non_fractured,0.0006,Non_fractured,0.0707,Non_fractured,0.0278,Non_fractured
train,IMG0003072.jpg,Non_fractured,0.0922,Non_fractured,0.0707,Non_fractured,0.0044,Non_fractured,0.0601,Non_fractured
train,IMG0003073.jpg,Non_fractured,0.0008,Non_fractured,0.0003,Non_fractured,0.0019,Non_fractured,0.0008,Non_fractured
train,IMG0003074.jpg,Non_fractured,0.2788,Non_fractured,0.0051,Non_fractured,0.0377,Non_fractured,0.0983,Non_fractured
train,IMG0003076.jpg,Non_fractured,0.0505,Non_fractured,0.0005,Non_fractured,0.2634,Non_fractured,0.0843,Non_fractured
train,IMG0003078.jpg,Non_fractured,0.0001,Non_fractured,0.0010,Non_fractured,0.0004,Non_fractured,0.0006,Non_fractured
train,IMG0003079.jpg,Non_fractured,0.0272,Non_fractured,0.0003,Non_fractured,0.1251,Non_fractured,0.0411,Non_fractured
train,IMG0003080.jpg,Non_fractured,0.0046,Non_fractured,0.0002,Non_fractured,0.0136,Non_fractured,0.0051,Non_fractured
train,IMG0003081.jpg,Non_fractured,0.0027,Non_fractured,0.0048,Non_fractured,0.0306,Non_fractured,0.0109,Non_fractured
train,IMG0003082.jpg,Non_fractured,0.5103,Non_fractured,0.0000,Non_fractured,0.0134,Non_fractured,0.0649,Non_fractured
train,IMG0003083.jpg,Non_fractured,0.0125,Non_fractured,0.0003,Non_fractured,0.3969,Non_fractured,0.0427,Non_fractured
train,IMG0003084.jpg,Non_fractured,0.0070,Non_fractured,0.0002,Non_fractured,0.0105,Non_fractured,0.0050,Non_fractured
train,IMG0003085.jpg,Non_fractured,0.0088,Non_fractured,0.0004,Non_fractured,0.0022,Non_fractured,0.0035,Non_fractured
train,IMG0003086.jpg,Non_fractured,0.0014,Non_fractured,0.0010,Non_fractured,0.0009,Non_fractured,0.0011,Non_fractured
train,IMG0003087.jpg,Non_fractured,0.0006,Non_fractured,0.0003,Non_fractured,0.0053,Non_fractured,0.0017,Non_fractured
train,IMG0003089.jpg,Non_fractured,0.0322,Non_fractured,0.0124,Non_fractured,0.0376,Non_fractured,0.0251,Non_fractured
train,IMG0003090.jpg,Non_fractured,0.1094,Non_fractured,0.1522,Non_fractured,0.0360,Non_fractured,0.1088,Non_fractured
train,IMG0003091.jpg,Non_fractured,0.0041,Non_fractured,0.0010,Non_fractured,0.0008,Non_fractured,0.0019,Non_fractured
train,IMG0003092.jpg,Non_fractured,0.0006,Non_fractured,0.0013,Non_fractured,0.0310,Non_fractured,0.0088,Non_fractured
train,IMG0003095.jpg,Non_fractured,0.1260,Non_fractured,0.0006,Non_fractured,0.7366,Fractured,0.2241,Non_fractured
train,IMG0003096.jpg,Non_fractured,0.1424,Non_fractured,0.0200,Non_fractured,0.5855,Fractured,0.2105,Non_fractured
train,IMG0003097.jpg,Non_fractured,0.0444,Non_fractured,0.0005,Non_fractured,0.0453,Non_fractured,0.0257,Non_fractured
train,IMG0003098.jpg,Non_fractured,0.0067,Non_fractured,0.0023,Non_fractured,0.0359,Non_fractured,0.0124,Non_fractured
train,IMG0003099.jpg,Non_fractured,0.0857,Non_fractured,0.0000,Non_fractured,0.4168,Non_fractured,0.0722,Non_fractured
train,IMG0003100.jpg,Non_fractured,0.0194,Non_fractured,0.0006,Non_fractured,0.0590,Non_fractured,0.0216,Non_fractured
train,IMG0003103.jpg,Non_fractured,0.0904,Non_fractured,0.0057,Non_fractured,0.2116,Non_fractured,0.0855,Non_fractured
train,IMG0003105.jpg,Non_fractured,0.0005,Non_fractured,0.0008,Non_fractured,0.0021,Non_fractured,0.0010,Non_fractured
train,IMG0003106.jpg,Non_fractured,0.0016,Non_fractured,0.0041,Non_fractured,0.0015,Non_fractured,0.0026,Non_fractured
train,IMG0003108.jpg,Non_fractured,0.0230,Non_fractured,0.0059,Non_fractured,0.0059,Non_fractured,0.0112,Non_fractured
train,IMG0003109.jpg,Non_fractured,0.0227,Non_fractured,0.0128,Non_fractured,0.0507,Non_fractured,0.0258,Non_fractured
train,IMG0003110.jpg,Non_fractured,0.2712,Non_fractured,0.0387,Non_fractured,0.4074,Non_fractured,0.2065,Non_fractured
train,IMG0003113.jpg,Non_fractured,0.0452,Non_fractured,0.0018,Non_fractured,0.0699,Non_fractured,0.0329,Non_fractured
train,IMG0003114.jpg,Non_fractured,0.1856,Non_fractured,0.1515,Non_fractured,0.0047,Non_fractured,0.1239,Non_fractured
train,IMG0003116.jpg,Non_fractured,0.0073,Non_fractured,0.0016,Non_fractured,0.1960,Non_fractured,0.0539,Non_fractured
train,IMG0003118.jpg,Non_fractured,0.0662,Non_fractured,0.0025,Non_fractured,0.0283,Non_fractured,0.0289,Non_fractured
train,IMG0003119.jpg,Non_fractured,0.0317,Non_fractured,0.0025,Non_fractured,0.1485,Non_fractured,0.0495,Non_fractured
train,IMG0003120.jpg,Non_fractured,0.1341,Non_fractured,0.0330,Non_fractured,0.0077,Non_fractured,0.0577,Non_fractured
train,IMG0003122.jpg,Non_fractured,0.0093,Non_fractured,0.0014,Non_fractured,0.0602,Non_fractured,0.0191,Non_fractured
train,IMG0003123.jpg,Non_fractured,0.0022,Non_fractured,0.0007,Non_fractured,0.0213,Non_fractured,0.0065,Non_fractured
train,IMG0003124.jpg,Non_fractured,0.0018,Non_fractured,0.0006,Non_fractured,0.0294,Non_fractured,0.0084,Non_fractured
train,IMG0003125.jpg,Non_fractured,0.0105,Non_fractured,0.0098,Non_fractured,0.3532,Non_fractured,0.0428,Non_fractured
train,IMG0003127.jpg,Non_fractured,0.3556,Non_fractured,0.0252,Non_fractured,0.2232,Non_fractured,0.1789,Non_fractured
train,IMG0003128.jpg,Non_fractured,0.0132,Non_fractured,0.0066,Non_fractured,0.6299,Fractured,0.0686,Non_fractured
train,IMG0003129.jpg,Non_fractured,0.1659,Non_fractured,0.0007,Non_fractured,0.0348,Non_fractured,0.0607,Non_fractured
train,IMG0003133.jpg,Non_fractured,0.2386,Non_fractured,0.0142,Non_fractured,0.1837,Non_fractured,0.1277,Non_fractured
train,IMG0003134.jpg,Non_fractured,0.6597,Fractured,0.3360,Fractured,0.6197,Fractured,0.5099,Fractured
train,IMG0003135.jpg,Non_fractured,0.2308,Non_fractured,0.1138,Non_fractured,0.0428,Non_fractured,0.1316,Non_fractured
train,IMG0003136.jpg,Non_fractured,0.0393,Non_fractured,0.0135,Non_fractured,0.0424,Non_fractured,0.0290,Non_fractured
train,IMG0003137.jpg,Non_fractured,0.0575,Non_fractured,0.0000,Non_fractured,0.0215,Non_fractured,0.0234,Non_fractured
train,IMG0003139.jpg,Non_fractured,0.0208,Non_fractured,0.0088,Non_fractured,0.1727,Non_fractured,0.0551,Non_fractured
train,IMG0003140.jpg,Non_fractured,0.0571,Non_fractured,0.0290,Non_fractured,0.1587,Non_fractured,0.0714,Non_fractured
train,IMG0003141.jpg,Non_fractured,0.0051,Non_fractured,0.0063,Non_fractured,0.0004,Non_fractured,0.0044,Non_fractured
train,IMG0003142.jpg,Non_fractured,0.0010,Non_fractured,0.0005,Non_fractured,0.0040,Non_fractured,0.0016,Non_fractured
train,IMG0003143.jpg,Non_fractured,0.0011,Non_fractured,0.0068,Non_fractured,0.0066,Non_fractured,0.0050,Non_fractured
train,IMG0003145.jpg,Non_fractured,0.4664,Non_fractured,0.0002,Non_fractured,0.4449,Non_fractured,0.4245,Fractured
train,IMG0003148.jpg,Non_fractured,0.0272,Non_fractured,0.0001,Non_fractured,0.0465,Non_fractured,0.0206,Non_fractured
train,IMG0003150.jpg,Non_fractured,0.6864,Fractured,0.1394,Non_fractured,0.3101,Non_fractured,0.3798,Non_fractured
train,IMG0003151.jpg,Non_fractured,0.0041,Non_fractured,0.0002,Non_fractured,0.0427,Non_fractured,0.0125,Non_fractured
train,IMG0003152.jpg,Non_fractured,0.1058,Non_fractured,0.0171,Non_fractured,0.0481,Non_fractured,0.0526,Non_fractured
train,IMG0003154.jpg,Non_fractured,0.2421,Non_fractured,0.0003,Non_fractured,0.0089,Non_fractured,0.0773,Non_fractured
train,IMG0003155.jpg,Non_fractured,0.2872,Non_fractured,0.0044,Non_fractured,0.3413,Non_fractured,0.1795,Non_fractured
train,IMG0003156.jpg,Non_fractured,0.0022,Non_fractured,0.0001,Non_fractured,0.0032,Non_fractured,0.0015,Non_fractured
train,IMG0003158.jpg,Non_fractured,0.0124,Non_fractured,0.0002,Non_fractured,0.0130,Non_fractured,0.0073,Non_fractured
train,IMG0003160.jpg,Non_fractured,0.2950,Non_fractured,0.0011,Non_fractured,0.3144,Non_fractured,0.1735,Non_fractured
train,IMG0003161.jpg,Non_fractured,0.0134,Non_fractured,0.0047,Non_fractured,0.1684,Non_fractured,0.0500,Non_fractured
train,IMG0003162.jpg,Non_fractured,0.1616,Non_fractured,0.0003,Non_fractured,0.0244,Non_fractured,0.0565,Non_fractured
train,IMG0003163.jpg,Non_fractured,0.0073,Non_fractured,0.0013,Non_fractured,0.0174,Non_fractured,0.0073,Non_fractured
train,IMG0003167.jpg,Non_fractured,0.0491,Non_fractured,0.0016,Non_fractured,0.0545,Non_fractured,0.0301,Non_fractured
train,IMG0003168.jpg,Non_fractured,0.0081,Non_fractured,0.0009,Non_fractured,0.0250,Non_fractured,0.0094,Non_fractured
train,IMG0003169.jpg,Non_fractured,0.0095,Non_fractured,0.0001,Non_fractured,0.0043,Non_fractured,0.0041,Non_fractured
train,IMG0003170.jpg,Non_fractured,0.0254,Non_fractured,0.0048,Non_fractured,0.0306,Non_fractured,0.0179,Non_fractured
train,IMG0003173.jpg,Non_fractured,0.0560,Non_fractured,0.0004,Non_fractured,0.0998,Non_fractured,0.0435,Non_fractured
train,IMG0003174.jpg,Non_fractured,0.0160,Non_fractured,0.0027,Non_fractured,0.1783,Non_fractured,0.0525,Non_fractured
train,IMG0003175.jpg,Non_fractured,0.0012,Non_fractured,0.0006,Non_fractured,0.0482,Non_fractured,0.0132,Non_fractured
train,IMG0003177.jpg,Non_fractured,0.0009,Non_fractured,0.0014,Non_fractured,0.0011,Non_fractured,0.0012,Non_fractured
train,IMG0003178.jpg,Non_fractured,0.0028,Non_fractured,0.0010,Non_fractured,0.0039,Non_fractured,0.0023,Non_fractured
train,IMG0003179.jpg,Non_fractured,0.0008,Non_fractured,0.0005,Non_fractured,0.0004,Non_fractured,0.0006,Non_fractured
train,IMG0003180.jpg,Non_fractured,0.0035,Non_fractured,0.0005,Non_fractured,0.0025,Non_fractured,0.0019,Non_fractured
train,IMG0003186.jpg,Non_fractured,0.0316,Non_fractured,0.0008,Non_fractured,0.0028,Non_fractured,0.0108,Non_fractured
train,IMG0003188.jpg,Non_fractured,0.6023,Fractured,0.0116,Non_fractured,0.8258,Fractured,0.5837,Fractured
train,IMG0003189.jpg,Non_fractured,0.0302,Non_fractured,0.0012,Non_fractured,0.0510,Non_fractured,0.0231,Non_fractured
train,IMG0003191.jpg,Non_fractured,0.0038,Non_fractured,0.0027,Non_fractured,0.2502,Non_fractured,0.0674,Non_fractured
train,IMG0003192.jpg,Non_fractured,0.2513,Non_fractured,0.0191,Non_fractured,0.0717,Non_fractured,0.1046,Non_fractured
train,IMG0003193.jpg,Non_fractured,0.0420,Non_fractured,0.0001,Non_fractured,0.1132,Non_fractured,0.0425,Non_fractured
train,IMG0003194.jpg,Non_fractured,0.1583,Non_fractured,0.0001,Non_fractured,0.3072,Non_fractured,0.1289,Non_fractured
train,IMG0003195.jpg,Non_fractured,0.0129,Non_fractured,0.0006,Non_fractured,0.4973,Non_fractured,0.0526,Non_fractured
train,IMG0003197.jpg,Non_fractured,0.0045,Non_fractured,0.0040,Non_fractured,0.0015,Non_fractured,0.0035,Non_fractured
train,IMG0003202.jpg,Non_fractured,0.0099,Non_fractured,0.0014,Non_fractured,0.0032,Non_fractured,0.0045,Non_fractured
train,IMG0003203.jpg,Non_fractured,0.0315,Non_fractured,0.0097,Non_fractured,0.0177,Non_fractured,0.0185,Non_fractured
train,IMG0003204.jpg,Non_fractured,0.1211,Non_fractured,0.0184,Non_fractured,0.0734,Non_fractured,0.0645,Non_fractured
train,IMG0003205.jpg,Non_fractured,0.0035,Non_fractured,0.0001,Non_fractured,0.0024,Non_fractured,0.0018,Non_fractured
train,IMG0003206.jpg,Non_fractured,0.0002,Non_fractured,0.0008,Non_fractured,0.0003,Non_fractured,0.0005,Non_fractured
train,IMG0003208.jpg,Non_fractured,0.0487,Non_fractured,0.0354,Non_fractured,0.0250,Non_fractured,0.0368,Non_fractured
train,IMG0003210.jpg,Non_fractured,0.0000,Non_fractured,0.0037,Non_fractured,0.0083,Non_fractured,0.0038,Non_fractured
train,IMG0003212.jpg,Non_fractured,0.0478,Non_fractured,0.0147,Non_fractured,0.0264,Non_fractured,0.0280,Non_fractured
train,IMG0003215.jpg,Non_fractured,0.1246,Non_fractured,0.0045,Non_fractured,0.3496,Non_fractured,0.1314,Non_fractured
train,IMG0003216.jpg,Non_fractured,0.1012,Non_fractured,0.0426,Non_fractured,0.2270,Non_fractured,0.1087,Non_fractured
train,IMG0003222.jpg,Non_fractured,0.0719,Non_fractured,0.0001,Non_fractured,0.0124,Non_fractured,0.0255,Non_fractured
train,IMG0003224.jpg,Non_fractured,0.0029,Non_fractured,0.0000,Non_fractured,0.4855,Non_fractured,0.0474,Non_fractured
train,IMG0003225.jpg,Non_fractured,0.0039,Non_fractured,0.0002,Non_fractured,0.0486,Non_fractured,0.0139,Non_fractured
train,IMG0003226.jpg,Non_fractured,0.0073,Non_fractured,0.0015,Non_fractured,0.0017,Non_fractured,0.0034,Non_fractured
train,IMG0003227.jpg,Non_fractured,0.0011,Non_fractured,0.0124,Non_fractured,0.0084,Non_fractured,0.0079,Non_fractured
train,IMG0003228.jpg,Non_fractured,0.0052,Non_fractured,0.0007,Non_fractured,0.0142,Non_fractured,0.0056,Non_fractured
train,IMG0003230.jpg,Non_fractured,0.0054,Non_fractured,0.0091,Non_fractured,0.1686,Non_fractured,0.0494,Non_fractured
train,IMG0003231.jpg,Non_fractured,0.0037,Non_fractured,0.0073,Non_fractured,0.0058,Non_fractured,0.0058,Non_fractured
train,IMG0003232.jpg,Non_fractured,0.0622,Non_fractured,0.0004,Non_fractured,0.0163,Non_fractured,0.0236,Non_fractured
train,IMG0003235.jpg,Non_fractured,0.0658,Non_fractured,0.0001,Non_fractured,0.1268,Non_fractured,0.0534,Non_fractured
train,IMG0003236.jpg,Non_fractured,0.0063,Non_fractured,0.0002,Non_fractured,0.1726,Non_fractured,0.0469,Non_fractured
train,IMG0003237.jpg,Non_fractured,0.0968,Non_fractured,0.0000,Non_fractured,0.0544,Non_fractured,0.0441,Non_fractured
train,IMG0003238.jpg,Non_fractured,0.0014,Non_fractured,0.0003,Non_fractured,0.0007,Non_fractured,0.0008,Non_fractured
train,IMG0003239.jpg,Non_fractured,0.0000,Non_fractured,0.0006,Non_fractured,0.0018,Non_fractured,0.0007,Non_fractured
train,IMG0003240.jpg,Non_fractured,0.0428,Non_fractured,0.0018,Non_fractured,0.1013,Non_fractured,0.0403,Non_fractured
train,IMG0003242.jpg,Non_fractured,0.0024,Non_fractured,0.0005,Non_fractured,0.0010,Non_fractured,0.0012,Non_fractured
train,IMG0003243.jpg,Non_fractured,0.0006,Non_fractured,0.0006,Non_fractured,0.0027,Non_fractured,0.0011,Non_fractured
train,IMG0003245.jpg,Non_fractured,0.0022,Non_fractured,0.0015,Non_fractured,0.1537,Non_fractured,0.0413,Non_fractured
train,IMG0003246.jpg,Non_fractured,0.0317,Non_fractured,0.0028,Non_fractured,0.1756,Non_fractured,0.0567,Non_fractured
train,IMG0003247.jpg,Non_fractured,0.0160,Non_fractured,0.0564,Non_fractured,0.0481,Non_fractured,0.0418,Non_fractured
train,IMG0003248.jpg,Non_fractured,0.0217,Non_fractured,0.0001,Non_fractured,0.0055,Non_fractured,0.0082,Non_fractured
train,IMG0003249.jpg,Non_fractured,0.0003,Non_fractured,0.0018,Non_fractured,0.0003,Non_fractured,0.0009,Non_fractured
train,IMG0003250.jpg,Non_fractured,0.0016,Non_fractured,0.0002,Non_fractured,0.0373,Non_fractured,0.0103,Non_fractured
train,IMG0003251.jpg,Non_fractured,0.0008,Non_fractured,0.0037,Non_fractured,0.1339,Non_fractured,0.0367,Non_fractured
train,IMG0003253.jpg,Non_fractured,0.0006,Non_fractured,0.0048,Non_fractured,0.0627,Non_fractured,0.0185,Non_fractured
train,IMG0003256.jpg,Non_fractured,0.0052,Non_fractured,0.0026,Non_fractured,0.0022,Non_fractured,0.0033,Non_fractured
train,IMG0003257.jpg,Non_fractured,0.0005,Non_fractured,0.0001,Non_fractured,0.0033,Non_fractured,0.0011,Non_fractured
train,IMG0003258.jpg,Non_fractured,0.0090,Non_fractured,0.0020,Non_fractured,0.1656,Non_fractured,0.0467,Non_fractured
train,IMG0003259.jpg,Non_fractured,0.3256,Non_fractured,0.0326,Non_fractured,0.0768,Non_fractured,0.1347,Non_fractured
train,IMG0003260.jpg,Non_fractured,0.1391,Non_fractured,0.0162,Non_fractured,0.1043,Non_fractured,0.0771,Non_fractured
train,IMG0003262.jpg,Non_fractured,0.0002,Non_fractured,0.0010,Non_fractured,0.0015,Non_fractured,0.0009,Non_fractured
train,IMG0003263.jpg,Non_fractured,0.0141,Non_fractured,0.0063,Non_fractured,0.0072,Non_fractured,0.0089,Non_fractured
train,IMG0003268.jpg,Non_fractured,0.0054,Non_fractured,0.0001,Non_fractured,0.0018,Non_fractured,0.0022,Non_fractured
train,IMG0003269.jpg,Non_fractured,0.0007,Non_fractured,0.0011,Non_fractured,0.0008,Non_fractured,0.0009,Non_fractured
train,IMG0003270.jpg,Non_fractured,0.0725,Non_fractured,0.0031,Non_fractured,0.0107,Non_fractured,0.0265,Non_fractured
train,IMG0003271.jpg,Non_fractured,0.0623,Non_fractured,0.0497,Non_fractured,0.0049,Non_fractured,0.0419,Non_fractured
train,IMG0003272.jpg,Non_fractured,0.0069,Non_fractured,0.0009,Non_fractured,0.0002,Non_fractured,0.0026,Non_fractured
train,IMG0003273.jpg,Non_fractured,0.1485,Non_fractured,0.0041,Non_fractured,0.1750,Non_fractured,0.0932,Non_fractured
train,IMG0003274.jpg,Non_fractured,0.0675,Non_fractured,0.0026,Non_fractured,0.0204,Non_fractured,0.0273,Non_fractured
train,IMG0003276.jpg,Non_fractured,0.1632,Non_fractured,0.0003,Non_fractured,0.0359,Non_fractured,0.0600,Non_fractured
train,IMG0003277.jpg,Non_fractured,0.1489,Non_fractured,0.0540,Non_fractured,0.1181,Non_fractured,0.1000,Non_fractured
train,IMG0003278.jpg,Non_fractured,0.6930,Fractured,0.3407,Fractured,0.2737,Non_fractured,0.3602,Non_fractured
train,IMG0003281.jpg,Non_fractured,0.0017,Non_fractured,0.0013,Non_fractured,0.0112,Non_fractured,0.0040,Non_fractured
train,IMG0003283.jpg,Non_fractured,0.0601,Non_fractured,0.0001,Non_fractured,0.6198,Fractured,0.1555,Non_fractured
train,IMG0003285.jpg,Non_fractured,0.0023,Non_fractured,0.0040,Non_fractured,0.0044,Non_fractured,0.0036,Non_fractured
train,IMG0003286.jpg,Non_fractured,0.0031,Non_fractured,0.0024,Non_fractured,0.0423,Non_fractured,0.0130,Non_fractured
train,IMG0003290.jpg,Non_fractured,0.0004,Non_fractured,0.0009,Non_fractured,0.0037,Non_fractured,0.0015,Non_fractured
train,IMG0003292.jpg,Non_fractured,0.3559,Non_fractured,0.0123,Non_fractured,0.1478,Non_fractured,0.1539,Non_fractured
train,IMG0003296.jpg,Non_fractured,0.7398,Fractured,0.0038,Non_fractured,0.9075,Fractured,0.6966,Fractured
train,IMG0003299.jpg,Non_fractured,0.0218,Non_fractured,0.0002,Non_fractured,0.0967,Non_fractured,0.0320,Non_fractured
train,IMG0003302.jpg,Non_fractured,0.0754,Non_fractured,0.5392,Fractured,0.2861,Non_fractured,0.3484,Non_fractured
train,IMG0003303.jpg,Non_fractured,0.0121,Non_fractured,0.0001,Non_fractured,0.0096,Non_fractured,0.0063,Non_fractured
train,IMG0003304.jpg,Non_fractured,0.1316,Non_fractured,0.0002,Non_fractured,0.0669,Non_fractured,0.0582,Non_fractured
train,IMG0003305.jpg,Non_fractured,0.0312,Non_fractured,0.0002,Non_fractured,0.0747,Non_fractured,0.0292,Non_fractured
train,IMG0003307.jpg,Non_fractured,0.0403,Non_fractured,0.0000,Non_fractured,0.0668,Non_fractured,0.0298,Non_fractured
train,IMG0003314.jpg,Non_fractured,0.0388,Non_fractured,0.0020,Non_fractured,0.0152,Non_fractured,0.0168,Non_fractured
train,IMG0003315.jpg,Non_fractured,0.0280,Non_fractured,0.0019,Non_fractured,0.0119,Non_fractured,0.0126,Non_fractured
train,IMG0003316.jpg,Non_fractured,0.1999,Non_fractured,0.0005,Non_fractured,0.1880,Non_fractured,0.1109,Non_fractured
train,IMG0003317.jpg,Non_fractured,0.3940,Non_fractured,0.0050,Non_fractured,0.0585,Non_fractured,0.0688,Non_fractured
train,IMG0003320.jpg,Non_fractured,0.0167,Non_fractured,0.0083,Non_fractured,0.6698,Fractured,0.3495,Non_fractured
train,IMG0003321.jpg,Non_fractured,0.0048,Non_fractured,0.0019,Non_fractured,0.0828,Non_fractured,0.0238,Non_fractured
train,IMG0003324.jpg,Non_fractured,0.0007,Non_fractured,0.0000,Non_fractured,0.0594,Non_fractured,0.0157,Non_fractured
train,IMG0003325.jpg,Non_fractured,0.7380,Fractured,0.4785,Fractured,0.6230,Fractured,0.5963,Fractured
train,IMG0003326.jpg,Non_fractured,0.1002,Non_fractured,0.0016,Non_fractured,0.0095,Non_fractured,0.0341,Non_fractured
train,IMG0003327.jpg,Non_fractured,0.4701,Non_fractured,0.3032,Fractured,0.3056,Non_fractured,0.3555,Non_fractured
train,IMG0003329.jpg,Non_fractured,0.0811,Non_fractured,0.0153,Non_fractured,0.1059,Non_fractured,0.0592,Non_fractured
train,IMG0003330.jpg,Non_fractured,0.1939,Non_fractured,0.0056,Non_fractured,0.0535,Non_fractured,0.0763,Non_fractured
train,IMG0003334.jpg,Non_fractured,0.1003,Non_fractured,0.0504,Non_fractured,0.3143,Non_fractured,0.1345,Non_fractured
train,IMG0003335.jpg,Non_fractured,0.0046,Non_fractured,0.0001,Non_fractured,0.0331,Non_fractured,0.0101,Non_fractured
train,IMG0003336.jpg,Non_fractured,0.1966,Non_fractured,0.0003,Non_fractured,0.1092,Non_fractured,0.0893,Non_fractured
train,IMG0003337.jpg,Non_fractured,0.0005,Non_fractured,0.0001,Non_fractured,0.0060,Non_fractured,0.0018,Non_fractured
train,IMG0003340.jpg,Non_fractured,0.0041,Non_fractured,0.0006,Non_fractured,0.0123,Non_fractured,0.0047,Non_fractured
train,IMG0003344.jpg,Non_fractured,0.0050,Non_fractured,0.0010,Non_fractured,0.0038,Non_fractured,0.0030,Non_fractured
train,IMG0003347.jpg,Non_fractured,0.0449,Non_fractured,0.0000,Non_fractured,0.0055,Non_fractured,0.0153,Non_fractured
train,IMG0003348.jpg,Non_fractured,0.0268,Non_fractured,0.0201,Non_fractured,0.1045,Non_fractured,0.0441,Non_fractured
train,IMG0003350.jpg,Non_fractured,0.0167,Non_fractured,0.0004,Non_fractured,0.0085,Non_fractured,0.0075,Non_fractured
train,IMG0003351.jpg,Non_fractured,0.0898,Non_fractured,0.0061,Non_fractured,0.0488,Non_fractured,0.0431,Non_fractured
train,IMG0003352.jpg,Non_fractured,0.0070,Non_fractured,0.0000,Non_fractured,0.0738,Non_fractured,0.0214,Non_fractured
train,IMG0003353.jpg,Non_fractured,0.1432,Non_fractured,0.0012,Non_fractured,0.1985,Non_fractured,0.0964,Non_fractured
train,IMG0003354.jpg,Non_fractured,0.0392,Non_fractured,0.0001,Non_fractured,0.0858,Non_fractured,0.0345,Non_fractured
train,IMG0003355.jpg,Non_fractured,0.0035,Non_fractured,0.0001,Non_fractured,0.0945,Non_fractured,0.0257,Non_fractured
train,IMG0003356.jpg,Non_fractured,0.0068,Non_fractured,0.0002,Non_fractured,0.0151,Non_fractured,0.0061,Non_fractured
train,IMG0003358.jpg,Non_fractured,0.0232,Non_fractured,0.0000,Non_fractured,0.0539,Non_fractured,0.0212,Non_fractured
train,IMG0003359.jpg,Non_fractured,0.0042,Non_fractured,0.0002,Non_fractured,0.0111,Non_fractured,0.0043,Non_fractured
train,IMG0003360.jpg,Non_fractured,0.0349,Non_fractured,0.0039,Non_fractured,0.0685,Non_fractured,0.0303,Non_fractured
train,IMG0003362.jpg,Non_fractured,0.1797,Non_fractured,0.0039,Non_fractured,0.2323,Non_fractured,0.1177,Non_fractured
train,IMG0003363.jpg,Non_fractured,0.1123,Non_fractured,0.0003,Non_fractured,0.1047,Non_fractured,0.0621,Non_fractured
train,IMG0003364.jpg,Non_fractured,0.0355,Non_fractured,0.0010,Non_fractured,0.0038,Non_fractured,0.0124,Non_fractured
train,IMG0003365.jpg,Non_fractured,0.0216,Non_fractured,0.0021,Non_fractured,0.0850,Non_fractured,0.0297,Non_fractured
train,IMG0003367.jpg,Non_fractured,0.0316,Non_fractured,0.0007,Non_fractured,0.0722,Non_fractured,0.0289,Non_fractured
train,IMG0003368.jpg,Non_fractured,0.4867,Non_fractured,0.0051,Non_fractured,0.4709,Non_fractured,0.4461,Fractured
train,IMG0003370.jpg,Non_fractured,0.0198,Non_fractured,0.0018,Non_fractured,0.0425,Non_fractured,0.0179,Non_fractured
train,IMG0003375.jpg,Non_fractured,0.2415,Non_fractured,0.2696,Fractured,0.7170,Fractured,0.3016,Non_fractured
train,IMG0003376.jpg,Non_fractured,0.0880,Non_fractured,0.2300,Fractured,0.5470,Fractured,0.2065,Non_fractured
train,IMG0003377.jpg,Non_fractured,0.0031,Non_fractured,0.0000,Non_fractured,0.1166,Non_fractured,0.0313,Non_fractured
train,IMG0003378.jpg,Non_fractured,0.0160,Non_fractured,0.0065,Non_fractured,0.2124,Non_fractured,0.0630,Non_fractured
train,IMG0003380.jpg,Non_fractured,0.1127,Non_fractured,0.0029,Non_fractured,0.0152,Non_fractured,0.0401,Non_fractured
train,IMG0003384.jpg,Non_fractured,0.0131,Non_fractured,0.0002,Non_fractured,0.0387,Non_fractured,0.0142,Non_fractured
train,IMG0003385.jpg,Non_fractured,0.0002,Non_fractured,0.0030,Non_fractured,0.0033,Non_fractured,0.0022,Non_fractured
train,IMG0003386.jpg,Non_fractured,0.0086,Non_fractured,0.0024,Non_fractured,0.0839,Non_fractured,0.0255,Non_fractured
train,IMG0003387.jpg,Non_fractured,0.0019,Non_fractured,0.0042,Non_fractured,0.0035,Non_fractured,0.0033,Non_fractured
train,IMG0003388.jpg,Non_fractured,0.0046,Non_fractured,0.0001,Non_fractured,0.0033,Non_fractured,0.0023,Non_fractured
train,IMG0003390.jpg,Non_fractured,0.0648,Non_fractured,0.0065,Non_fractured,0.0686,Non_fractured,0.0407,Non_fractured
train,IMG0003391.jpg,Non_fractured,0.1495,Non_fractured,0.0674,Non_fractured,0.4536,Non_fractured,0.1353,Non_fractured
train,IMG0003392.jpg,Non_fractured,0.1037,Non_fractured,0.0002,Non_fractured,0.5074,Non_fractured,0.0877,Non_fractured
train,IMG0003393.jpg,Non_fractured,0.3995,Non_fractured,0.0210,Non_fractured,0.5915,Fractured,0.3964,Non_fractured
train,IMG0003400.jpg,Non_fractured,0.0035,Non_fractured,0.0011,Non_fractured,0.3514,Non_fractured,0.0354,Non_fractured
train,IMG0003401.jpg,Non_fractured,0.1550,Non_fractured,0.0260,Non_fractured,0.2895,Non_fractured,0.1344,Non_fractured
train,IMG0003403.jpg,Non_fractured,0.0020,Non_fractured,0.0005,Non_fractured,0.1478,Non_fractured,0.0393,Non_fractured
train,IMG0003404.jpg,Non_fractured,0.4133,Non_fractured,0.0009,Non_fractured,0.0378,Non_fractured,0.0620,Non_fractured
train,IMG0003405.jpg,Non_fractured,0.0137,Non_fractured,0.0426,Non_fractured,0.0011,Non_fractured,0.0229,Non_fractured
train,IMG0003406.jpg,Non_fractured,0.0012,Non_fractured,0.0004,Non_fractured,0.0034,Non_fractured,0.0014,Non_fractured
train,IMG0003407.jpg,Non_fractured,0.2560,Non_fractured,0.0029,Non_fractured,0.3003,Non_fractured,0.1585,Non_fractured
train,IMG0003409.jpg,Non_fractured,0.0018,Non_fractured,0.0014,Non_fractured,0.0093,Non_fractured,0.0036,Non_fractured
train,IMG0003410.jpg,Non_fractured,0.0039,Non_fractured,0.0013,Non_fractured,0.0092,Non_fractured,0.0042,Non_fractured
train,IMG0003412.jpg,Non_fractured,0.1022,Non_fractured,0.0238,Non_fractured,0.0289,Non_fractured,0.0494,Non_fractured
train,IMG0003414.jpg,Non_fractured,0.0165,Non_fractured,0.0004,Non_fractured,0.0722,Non_fractured,0.0240,Non_fractured
train,IMG0003415.jpg,Non_fractured,0.0053,Non_fractured,0.0007,Non_fractured,0.0216,Non_fractured,0.0075,Non_fractured
train,IMG0003416.jpg,Non_fractured,0.0960,Non_fractured,0.0000,Non_fractured,0.1914,Non_fractured,0.0795,Non_fractured
train,IMG0003417.jpg,Non_fractured,0.0067,Non_fractured,0.0005,Non_fractured,0.0005,Non_fractured,0.0024,Non_fractured
train,IMG0003418.jpg,Non_fractured,0.0023,Non_fractured,0.0029,Non_fractured,0.0072,Non_fractured,0.0038,Non_fractured
train,IMG0003421.jpg,Non_fractured,0.1119,Non_fractured,0.1217,Non_fractured,0.1368,Non_fractured,0.1226,Non_fractured
train,IMG0003423.jpg,Non_fractured,0.0303,Non_fractured,0.0003,Non_fractured,0.0560,Non_fractured,0.0241,Non_fractured
train,IMG0003424.jpg,Non_fractured,0.0523,Non_fractured,0.0002,Non_fractured,0.1623,Non_fractured,0.0585,Non_fractured
train,IMG0003427.jpg,Non_fractured,0.0125,Non_fractured,0.0009,Non_fractured,0.3726,Non_fractured,0.0408,Non_fractured
train,IMG0003428.jpg,Non_fractured,0.0117,Non_fractured,0.0003,Non_fractured,0.0127,Non_fractured,0.0071,Non_fractured
train,IMG0003429.jpg,Non_fractured,0.0087,Non_fractured,0.0005,Non_fractured,0.0181,Non_fractured,0.0076,Non_fractured
train,IMG0003430.jpg,Non_fractured,0.0227,Non_fractured,0.0033,Non_fractured,0.0132,Non_fractured,0.0119,Non_fractured
train,IMG0003435.jpg,Non_fractured,0.0020,Non_fractured,0.0006,Non_fractured,0.0705,Non_fractured,0.0192,Non_fractured
train,IMG0003436.jpg,Non_fractured,0.0156,Non_fractured,0.0000,Non_fractured,0.1748,Non_fractured,0.0503,Non_fractured
train,IMG0003437.jpg,Non_fractured,0.0090,Non_fractured,0.0006,Non_fractured,0.0110,Non_fractured,0.0059,Non_fractured
train,IMG0003438.jpg,Non_fractured,0.0010,Non_fractured,0.0003,Non_fractured,0.0033,Non_fractured,0.0013,Non_fractured
train,IMG0003439.jpg,Non_fractured,0.0022,Non_fractured,0.0048,Non_fractured,0.0289,Non_fractured,0.0103,Non_fractured
train,IMG0003441.jpg,Non_fractured,0.0027,Non_fractured,0.0001,Non_fractured,0.0182,Non_fractured,0.0056,Non_fractured
train,IMG0003442.jpg,Non_fractured,0.0093,Non_fractured,0.0030,Non_fractured,0.0095,Non_fractured,0.0066,Non_fractured
train,IMG0003443.jpg,Non_fractured,0.0064,Non_fractured,0.0017,Non_fractured,0.0500,Non_fractured,0.0157,Non_fractured
train,IMG0003444.jpg,Non_fractured,0.0076,Non_fractured,0.0000,Non_fractured,0.0102,Non_fractured,0.0050,Non_fractured
train,IMG0003446.jpg,Non_fractured,0.0550,Non_fractured,0.0005,Non_fractured,0.0634,Non_fractured,0.0337,Non_fractured
train,IMG0003447.jpg,Non_fractured,0.0267,Non_fractured,0.0829,Non_fractured,0.1103,Non_fractured,0.0727,Non_fractured
train,IMG0003448.jpg,Non_fractured,0.5653,Fractured,0.2547,Fractured,0.1414,Non_fractured,0.2539,Non_fractured
train,IMG0003449.jpg,Non_fractured,0.6037,Fractured,0.0011,Non_fractured,0.8624,Fractured,0.5903,Fractured
train,IMG0003450.jpg,Non_fractured,0.0630,Non_fractured,0.0008,Non_fractured,0.1778,Non_fractured,0.0660,Non_fractured
train,IMG0003451.jpg,Non_fractured,0.0468,Non_fractured,0.0000,Non_fractured,0.0098,Non_fractured,0.0170,Non_fractured
train,IMG0003452.jpg,Non_fractured,0.0710,Non_fractured,0.0020,Non_fractured,0.3546,Non_fractured,0.0617,Non_fractured
train,IMG0003453.jpg,Non_fractured,0.1631,Non_fractured,0.0020,Non_fractured,0.2560,Non_fractured,0.1178,Non_fractured
train,IMG0003454.jpg,Non_fractured,0.0405,Non_fractured,0.0028,Non_fractured,0.0762,Non_fractured,0.0335,Non_fractured
train,IMG0003455.jpg,Non_fractured,0.5728,Fractured,0.0060,Non_fractured,0.3049,Non_fractured,0.3352,Non_fractured
train,IMG0003457.jpg,Non_fractured,0.0580,Non_fractured,0.0001,Non_fractured,0.1118,Non_fractured,0.0470,Non_fractured
train,IMG0003460.jpg,Non_fractured,0.0103,Non_fractured,0.0013,Non_fractured,0.2197,Non_fractured,0.0609,Non_fractured
train,IMG0003462.jpg,Non_fractured,0.0959,Non_fractured,0.0077,Non_fractured,0.3967,Non_fractured,0.0781,Non_fractured
train,IMG0003463.jpg,Non_fractured,0.8281,Fractured,0.0049,Non_fractured,0.2034,Non_fractured,0.3283,Non_fractured
train,IMG0003464.jpg,Non_fractured,0.0217,Non_fractured,0.0007,Non_fractured,0.0201,Non_fractured,0.0123,Non_fractured
train,IMG0003465.jpg,Non_fractured,0.0296,Non_fractured,0.0006,Non_fractured,0.1838,Non_fractured,0.0572,Non_fractured
train,IMG0003468.jpg,Non_fractured,0.0156,Non_fractured,0.0014,Non_fractured,0.0557,Non_fractured,0.0199,Non_fractured
train,IMG0003469.jpg,Non_fractured,0.0592,Non_fractured,0.0007,Non_fractured,0.0228,Non_fractured,0.0245,Non_fractured
train,IMG0003471.jpg,Non_fractured,0.0054,Non_fractured,0.0005,Non_fractured,0.0191,Non_fractured,0.0069,Non_fractured
train,IMG0003472.jpg,Non_fractured,0.0476,Non_fractured,0.0076,Non_fractured,0.0014,Non_fractured,0.0183,Non_fractured
train,IMG0003473.jpg,Non_fractured,0.0007,Non_fractured,0.0085,Non_fractured,0.0032,Non_fractured,0.0047,Non_fractured
train,IMG0003474.jpg,Non_fractured,0.0700,Non_fractured,0.0017,Non_fractured,0.0216,Non_fractured,0.0280,Non_fractured
train,IMG0003478.jpg,Non_fractured,0.2750,Non_fractured,0.0003,Non_fractured,0.1984,Non_fractured,0.1368,Non_fractured
train,IMG0003479.jpg,Non_fractured,0.0451,Non_fractured,0.0508,Non_fractured,0.0810,Non_fractured,0.0569,Non_fractured
train,IMG0003480.jpg,Non_fractured,0.0924,Non_fractured,0.0627,Non_fractured,0.1693,Non_fractured,0.0996,Non_fractured
train,IMG0003481.jpg,Non_fractured,0.3646,Non_fractured,0.0206,Non_fractured,0.1257,Non_fractured,0.1543,Non_fractured
train,IMG0003482.jpg,Non_fractured,0.1601,Non_fractured,0.1288,Non_fractured,0.1919,Non_fractured,0.1549,Non_fractured
train,IMG0003483.jpg,Non_fractured,0.0446,Non_fractured,0.0005,Non_fractured,0.0277,Non_fractured,0.0212,Non_fractured
train,IMG0003484.jpg,Non_fractured,0.1311,Non_fractured,0.0032,Non_fractured,0.0765,Non_fractured,0.0618,Non_fractured
train,IMG0003485.jpg,Non_fractured,0.0187,Non_fractured,0.0130,Non_fractured,0.1012,Non_fractured,0.0377,Non_fractured
train,IMG0003486.jpg,Non_fractured,0.0119,Non_fractured,0.0250,Non_fractured,0.0416,Non_fractured,0.0252,Non_fractured
train,IMG0003487.jpg,Non_fractured,0.0661,Non_fractured,0.0040,Non_fractured,0.4157,Non_fractured,0.0668,Non_fractured
train,IMG0003488.jpg,Non_fractured,0.0004,Non_fractured,0.0004,Non_fractured,0.0097,Non_fractured,0.0028,Non_fractured
train,IMG0003489.jpg,Non_fractured,0.0019,Non_fractured,0.0002,Non_fractured,0.0164,Non_fractured,0.0049,Non_fractured
train,IMG0003490.jpg,Non_fractured,0.1501,Non_fractured,0.0839,Non_fractured,0.4613,Non_fractured,0.1449,Non_fractured
train,IMG0003491.jpg,Non_fractured,0.6476,Fractured,0.2808,Fractured,0.2003,Non_fractured,0.2975,Non_fractured
train,IMG0003492.jpg,Non_fractured,0.0525,Non_fractured,0.0149,Non_fractured,0.3129,Non_fractured,0.1040,Non_fractured
train,IMG0003493.jpg,Non_fractured,0.1129,Non_fractured,0.0030,Non_fractured,0.0352,Non_fractured,0.0454,Non_fractured
train,IMG0003494.jpg,Non_fractured,0.0125,Non_fractured,0.0003,Non_fractured,0.0411,Non_fractured,0.0147,Non_fractured
train,IMG0003495.jpg,Non_fractured,0.0666,Non_fractured,0.0135,Non_fractured,0.0153,Non_fractured,0.0304,Non_fractured
train,IMG0003496.jpg,Non_fractured,0.0802,Non_fractured,0.0188,Non_fractured,0.0333,Non_fractured,0.0416,Non_fractured
train,IMG0003497.jpg,Non_fractured,0.0036,Non_fractured,0.0001,Non_fractured,0.0325,Non_fractured,0.0096,Non_fractured
train,IMG0003498.jpg,Non_fractured,0.0180,Non_fractured,0.0067,Non_fractured,0.0312,Non_fractured,0.0165,Non_fractured
train,IMG0003499.jpg,Non_fractured,0.0337,Non_fractured,0.0006,Non_fractured,0.3701,Non_fractured,0.0484,Non_fractured
train,IMG0003501.jpg,Non_fractured,0.0025,Non_fractured,0.0002,Non_fractured,0.0091,Non_fractured,0.0033,Non_fractured
train,IMG0003502.jpg,Non_fractured,0.0010,Non_fractured,0.0349,Non_fractured,0.0011,Non_fractured,0.0156,Non_fractured
train,IMG0003503.jpg,Non_fractured,0.0247,Non_fractured,0.0116,Non_fractured,0.6135,Fractured,0.0740,Non_fractured
train,IMG0003504.jpg,Non_fractured,0.2080,Non_fractured,0.0206,Non_fractured,0.3458,Non_fractured,0.1631,Non_fractured
train,IMG0003505.jpg,Non_fractured,0.1164,Non_fractured,0.0000,Non_fractured,0.0046,Non_fractured,0.0372,Non_fractured
train,IMG0003507.jpg,Non_fractured,0.0002,Non_fractured,0.0008,Non_fractured,0.0049,Non_fractured,0.0017,Non_fractured
train,IMG0003508.jpg,Non_fractured,0.0004,Non_fractured,0.0025,Non_fractured,0.0040,Non_fractured,0.0022,Non_fractured
train,IMG0003511.jpg,Non_fractured,0.0628,Non_fractured,0.0006,Non_fractured,0.5803,Fractured,0.1504,Non_fractured
train,IMG0003512.jpg,Non_fractured,0.1314,Non_fractured,0.0040,Non_fractured,0.1782,Non_fractured,0.0887,Non_fractured
train,IMG0003513.jpg,Non_fractured,0.0046,Non_fractured,0.0093,Non_fractured,0.0054,Non_fractured,0.0068,Non_fractured
train,IMG0003515.jpg,Non_fractured,0.0455,Non_fractured,0.0009,Non_fractured,0.0136,Non_fractured,0.0180,Non_fractured
train,IMG0003516.jpg,Non_fractured,0.3183,Non_fractured,0.0514,Non_fractured,0.0852,Non_fractured,0.1428,Non_fractured
train,IMG0003517.jpg,Non_fractured,0.1448,Non_fractured,0.0062,Non_fractured,0.1138,Non_fractured,0.0770,Non_fractured
train,IMG0003518.jpg,Non_fractured,0.2462,Non_fractured,0.0112,Non_fractured,0.0120,Non_fractured,0.0841,Non_fractured
train,IMG0003521.jpg,Non_fractured,0.0020,Non_fractured,0.0022,Non_fractured,0.0429,Non_fractured,0.0127,Non_fractured
train,IMG0003522.jpg,Non_fractured,0.0019,Non_fractured,0.0002,Non_fractured,0.0248,Non_fractured,0.0071,Non_fractured
train,IMG0003525.jpg,Non_fractured,0.0003,Non_fractured,0.0003,Non_fractured,0.0660,Non_fractured,0.0174,Non_fractured
train,IMG0003527.jpg,Non_fractured,0.3598,Non_fractured,0.0145,Non_fractured,0.4411,Non_fractured,0.3700,Non_fractured
train,IMG0003529.jpg,Non_fractured,0.0944,Non_fractured,0.0049,Non_fractured,0.2202,Non_fractured,0.0886,Non_fractured
train,IMG0003530.jpg,Non_fractured,0.0632,Non_fractured,0.0044,Non_fractured,0.0844,Non_fractured,0.0434,Non_fractured
train,IMG0003532.jpg,Non_fractured,0.2862,Non_fractured,0.0333,Non_fractured,0.4467,Non_fractured,0.3366,Non_fractured
train,IMG0003533.jpg,Non_fractured,0.0144,Non_fractured,0.0009,Non_fractured,0.0180,Non_fractured,0.0095,Non_fractured
train,IMG0003536.jpg,Non_fractured,0.0291,Non_fractured,0.0016,Non_fractured,0.1459,Non_fractured,0.0476,Non_fractured
train,IMG0003537.jpg,Non_fractured,0.0182,Non_fractured,0.0034,Non_fractured,0.0374,Non_fractured,0.0168,Non_fractured
train,IMG0003538.jpg,Non_fractured,0.1257,Non_fractured,0.3134,Fractured,0.0363,Non_fractured,0.1833,Non_fractured
train,IMG0003540.jpg,Non_fractured,0.0019,Non_fractured,0.0102,Non_fractured,0.1642,Non_fractured,0.0477,Non_fractured
train,IMG0003542.jpg,Non_fractured,0.0107,Non_fractured,0.0005,Non_fractured,0.2829,Non_fractured,0.0771,Non_fractured
train,IMG0003543.jpg,Non_fractured,0.0019,Non_fractured,0.0009,Non_fractured,0.0190,Non_fractured,0.0059,Non_fractured
train,IMG0003546.jpg,Non_fractured,0.0211,Non_fractured,0.0089,Non_fractured,0.1341,Non_fractured,0.0452,Non_fractured
train,IMG0003547.jpg,Non_fractured,0.0731,Non_fractured,0.0004,Non_fractured,0.0872,Non_fractured,0.0455,Non_fractured
train,IMG0003548.jpg,Non_fractured,0.0021,Non_fractured,0.0000,Non_fractured,0.0568,Non_fractured,0.0154,Non_fractured
train,IMG0003549.jpg,Non_fractured,0.0013,Non_fractured,0.0004,Non_fractured,0.0206,Non_fractured,0.0059,Non_fractured
train,IMG0003550.jpg,Non_fractured,0.0518,Non_fractured,0.0016,Non_fractured,0.0716,Non_fractured,0.0353,Non_fractured
train,IMG0003551.jpg,Non_fractured,0.1189,Non_fractured,0.0099,Non_fractured,0.0306,Non_fractured,0.0490,Non_fractured
train,IMG0003552.jpg,Non_fractured,0.0548,Non_fractured,0.0246,Non_fractured,0.0092,Non_fractured,0.0300,Non_fractured
train,IMG0003553.jpg,Non_fractured,0.0259,Non_fractured,0.0006,Non_fractured,0.0106,Non_fractured,0.0111,Non_fractured
train,IMG0003555.jpg,Non_fractured,0.0264,Non_fractured,0.0001,Non_fractured,0.3827,Non_fractured,0.0465,Non_fractured
train,IMG0003556.jpg,Non_fractured,0.0039,Non_fractured,0.0001,Non_fractured,0.0161,Non_fractured,0.0054,Non_fractured
train,IMG0003557.jpg,Non_fractured,0.0003,Non_fractured,0.0003,Non_fractured,0.0008,Non_fractured,0.0004,Non_fractured
train,IMG0003559.jpg,Non_fractured,0.0056,Non_fractured,0.0000,Non_fractured,0.0111,Non_fractured,0.0046,Non_fractured
train,IMG0003560.jpg,Non_fractured,0.0602,Non_fractured,0.0058,Non_fractured,0.0329,Non_fractured,0.0297,Non_fractured
train,IMG0003561.jpg,Non_fractured,0.4543,Non_fractured,0.1033,Non_fractured,0.4560,Non_fractured,0.4303,Fractured
train,IMG0003562.jpg,Non_fractured,0.0218,Non_fractured,0.0001,Non_fractured,0.0634,Non_fractured,0.0233,Non_fractured
train,IMG0003563.jpg,Non_fractured,0.0549,Non_fractured,0.0040,Non_fractured,0.0236,Non_fractured,0.0248,Non_fractured
train,IMG0003566.jpg,Non_fractured,0.0409,Non_fractured,0.0000,Non_fractured,0.0062,Non_fractured,0.0143,Non_fractured
train,IMG0003567.jpg,Non_fractured,0.0063,Non_fractured,0.0004,Non_fractured,0.2591,Non_fractured,0.0695,Non_fractured
train,IMG0003568.jpg,Non_fractured,0.0358,Non_fractured,0.0014,Non_fractured,0.0407,Non_fractured,0.0223,Non_fractured
train,IMG0003570.jpg,Non_fractured,0.0062,Non_fractured,0.0001,Non_fractured,0.0445,Non_fractured,0.0135,Non_fractured
train,IMG0003571.jpg,Non_fractured,0.1925,Non_fractured,0.0064,Non_fractured,0.0473,Non_fractured,0.0746,Non_fractured
train,IMG0003572.jpg,Non_fractured,0.0639,Non_fractured,0.0010,Non_fractured,0.0196,Non_fractured,0.0253,Non_fractured
train,IMG0003573.jpg,Non_fractured,0.0070,Non_fractured,0.0022,Non_fractured,0.0911,Non_fractured,0.0268,Non_fractured
train,IMG0003574.jpg,Non_fractured,0.0350,Non_fractured,0.0047,Non_fractured,0.0194,Non_fractured,0.0179,Non_fractured
train,IMG0003575.jpg,Non_fractured,0.0003,Non_fractured,0.0139,Non_fractured,0.0062,Non_fractured,0.0077,Non_fractured
train,IMG0003576.jpg,Non_fractured,0.0044,Non_fractured,0.0039,Non_fractured,0.0273,Non_fractured,0.0101,Non_fractured
train,IMG0003577.jpg,Non_fractured,0.2055,Non_fractured,0.0059,Non_fractured,0.2809,Non_fractured,0.1392,Non_fractured
train,IMG0003579.jpg,Non_fractured,0.0472,Non_fractured,0.0001,Non_fractured,0.0312,Non_fractured,0.0228,Non_fractured
train,IMG0003580.jpg,Non_fractured,0.0134,Non_fractured,0.0002,Non_fractured,0.0029,Non_fractured,0.0050,Non_fractured
train,IMG0003581.jpg,Non_fractured,0.0025,Non_fractured,0.0007,Non_fractured,0.1121,Non_fractured,0.0302,Non_fractured
train,IMG0003582.jpg,Non_fractured,0.0171,Non_fractured,0.0067,Non_fractured,0.0413,Non_fractured,0.0189,Non_fractured
train,IMG0003583.jpg,Non_fractured,0.0420,Non_fractured,0.0010,Non_fractured,0.0157,Non_fractured,0.0175,Non_fractured
train,IMG0003584.jpg,Non_fractured,0.0078,Non_fractured,0.0006,Non_fractured,0.0355,Non_fractured,0.0119,Non_fractured
train,IMG0003585.jpg,Non_fractured,0.0005,Non_fractured,0.0010,Non_fractured,0.0277,Non_fractured,0.0078,Non_fractured
train,IMG0003590.jpg,Non_fractured,0.1362,Non_fractured,0.0044,Non_fractured,0.4034,Non_fractured,0.0923,Non_fractured
train,IMG0003591.jpg,Non_fractured,0.0070,Non_fractured,0.0052,Non_fractured,0.0239,Non_fractured,0.0106,Non_fractured
train,IMG0003592.jpg,Non_fractured,0.0838,Non_fractured,0.0054,Non_fractured,0.1922,Non_fractured,0.0782,Non_fractured
train,IMG0003596.jpg,Non_fractured,0.0386,Non_fractured,0.0329,Non_fractured,0.0184,Non_fractured,0.0309,Non_fractured
train,IMG0003598.jpg,Non_fractured,0.0013,Non_fractured,0.0006,Non_fractured,0.0150,Non_fractured,0.0045,Non_fractured
train,IMG0003599.jpg,Non_fractured,0.0129,Non_fractured,0.0005,Non_fractured,0.1005,Non_fractured,0.0303,Non_fractured
train,IMG0003600.jpg,Non_fractured,0.0144,Non_fractured,0.0000,Non_fractured,0.0546,Non_fractured,0.0187,Non_fractured
train,IMG0003601.jpg,Non_fractured,0.0177,Non_fractured,0.0126,Non_fractured,0.2158,Non_fractured,0.0670,Non_fractured
train,IMG0003603.jpg,Non_fractured,0.0160,Non_fractured,0.0071,Non_fractured,0.0162,Non_fractured,0.0122,Non_fractured
train,IMG0003605.jpg,Non_fractured,0.6262,Fractured,0.1587,Non_fractured,0.6257,Fractured,0.5931,Fractured
train,IMG0003606.jpg,Non_fractured,0.0051,Non_fractured,0.0003,Non_fractured,0.2062,Non_fractured,0.0553,Non_fractured
train,IMG0003607.jpg,Non_fractured,0.0136,Non_fractured,0.0004,Non_fractured,0.1724,Non_fractured,0.0492,Non_fractured
train,IMG0003608.jpg,Non_fractured,0.0045,Non_fractured,0.0002,Non_fractured,0.0259,Non_fractured,0.0082,Non_fractured
train,IMG0003610.jpg,Non_fractured,0.0002,Non_fractured,0.0000,Non_fractured,0.0919,Non_fractured,0.0240,Non_fractured
train,IMG0003611.jpg,Non_fractured,0.0113,Non_fractured,0.0032,Non_fractured,0.2036,Non_fractured,0.0578,Non_fractured
train,IMG0003612.jpg,Non_fractured,0.0104,Non_fractured,0.0001,Non_fractured,0.0044,Non_fractured,0.0044,Non_fractured
train,IMG0003613.jpg,Non_fractured,0.0016,Non_fractured,0.0006,Non_fractured,0.0065,Non_fractured,0.0025,Non_fractured
train,IMG0003615.jpg,Non_fractured,0.0804,Non_fractured,0.1424,Non_fractured,0.0891,Non_fractured,0.1094,Non_fractured
train,IMG0003616.jpg,Non_fractured,0.0414,Non_fractured,0.0000,Non_fractured,0.0824,Non_fractured,0.0342,Non_fractured
train,IMG0003617.jpg,Non_fractured,0.0163,Non_fractured,0.0018,Non_fractured,0.3596,Non_fractured,0.0414,Non_fractured
train,IMG0003618.jpg,Non_fractured,0.0113,Non_fractured,0.0009,Non_fractured,0.3147,Non_fractured,0.0857,Non_fractured
train,IMG0003622.jpg,Non_fractured,0.0664,Non_fractured,0.0002,Non_fractured,0.1347,Non_fractured,0.0556,Non_fractured
train,IMG0003623.jpg,Non_fractured,0.3278,Non_fractured,0.0002,Non_fractured,0.2007,Non_fractured,0.1537,Non_fractured
train,IMG0003624.jpg,Non_fractured,0.0540,Non_fractured,0.0108,Non_fractured,0.1256,Non_fractured,0.0540,Non_fractured
train,IMG0003627.jpg,Non_fractured,0.0344,Non_fractured,0.0016,Non_fractured,0.1118,Non_fractured,0.0404,Non_fractured
train,IMG0003630.jpg,Non_fractured,0.0434,Non_fractured,0.0140,Non_fractured,0.0191,Non_fractured,0.0244,Non_fractured
train,IMG0003631.jpg,Non_fractured,0.0203,Non_fractured,0.0005,Non_fractured,0.0133,Non_fractured,0.0100,Non_fractured
train,IMG0003632.jpg,Non_fractured,0.2116,Non_fractured,0.0000,Non_fractured,0.0772,Non_fractured,0.0855,Non_fractured
train,IMG0003633.jpg,Non_fractured,0.0436,Non_fractured,0.0002,Non_fractured,0.0035,Non_fractured,0.0145,Non_fractured
train,IMG0003634.jpg,Non_fractured,0.0801,Non_fractured,0.0009,Non_fractured,0.0069,Non_fractured,0.0270,Non_fractured
train,IMG0003635.jpg,Non_fractured,0.0013,Non_fractured,0.0001,Non_fractured,0.0007,Non_fractured,0.0006,Non_fractured
train,IMG0003636.jpg,Non_fractured,0.0005,Non_fractured,0.0008,Non_fractured,0.0049,Non_fractured,0.0017,Non_fractured
train,IMG0003637.jpg,Non_fractured,0.1781,Non_fractured,0.0295,Non_fractured,0.3023,Non_fractured,0.1464,Non_fractured
train,IMG0003638.jpg,Non_fractured,0.1112,Non_fractured,0.0038,Non_fractured,0.0989,Non_fractured,0.0618,Non_fractured
train,IMG0003640.jpg,Non_fractured,0.0014,Non_fractured,0.0011,Non_fractured,0.0058,Non_fractured,0.0024,Non_fractured
train,IMG0003641.jpg,Non_fractured,0.0039,Non_fractured,0.0059,Non_fractured,0.0036,Non_fractured,0.0047,Non_fractured
train,IMG0003642.jpg,Non_fractured,0.2049,Non_fractured,0.0000,Non_fractured,0.0170,Non_fractured,0.0678,Non_fractured
train,IMG0003644.jpg,Non_fractured,0.0206,Non_fractured,0.0443,Non_fractured,0.0384,Non_fractured,0.0355,Non_fractured
train,IMG0003645.jpg,Non_fractured,0.4157,Non_fractured,0.1790,Fractured,0.2432,Non_fractured,0.2689,Non_fractured
train,IMG0003647.jpg,Non_fractured,0.0610,Non_fractured,0.0027,Non_fractured,0.1419,Non_fractured,0.0569,Non_fractured
train,IMG0003648.jpg,Non_fractured,0.0211,Non_fractured,0.0041,Non_fractured,0.1255,Non_fractured,0.0409,Non_fractured
train,IMG0003650.jpg,Non_fractured,0.0652,Non_fractured,0.0265,Non_fractured,0.4358,Non_fractured,0.0802,Non_fractured
train,IMG0003651.jpg,Non_fractured,0.0174,Non_fractured,0.0006,Non_fractured,0.0748,Non_fractured,0.0251,Non_fractured
train,IMG0003652.jpg,Non_fractured,0.0450,Non_fractured,0.0008,Non_fractured,0.0496,Non_fractured,0.0272,Non_fractured
train,IMG0003656.jpg,Non_fractured,0.0100,Non_fractured,0.1190,Non_fractured,0.0101,Non_fractured,0.0570,Non_fractured
train,IMG0003659.jpg,Non_fractured,0.0458,Non_fractured,0.0000,Non_fractured,0.0578,Non_fractured,0.0292,Non_fractured
train,IMG0003660.jpg,Non_fractured,0.0055,Non_fractured,0.0001,Non_fractured,0.0745,Non_fractured,0.0211,Non_fractured
train,IMG0003662.jpg,Non_fractured,0.0112,Non_fractured,0.0001,Non_fractured,0.0189,Non_fractured,0.0084,Non_fractured
train,IMG0003663.jpg,Non_fractured,0.0749,Non_fractured,0.0010,Non_fractured,0.0418,Non_fractured,0.0345,Non_fractured
train,IMG0003664.jpg,Non_fractured,0.0001,Non_fractured,0.0002,Non_fractured,0.0178,Non_fractured,0.0047,Non_fractured
train,IMG0003665.jpg,Non_fractured,0.0632,Non_fractured,0.0000,Non_fractured,0.0124,Non_fractured,0.0228,Non_fractured
train,IMG0003667.jpg,Non_fractured,0.0180,Non_fractured,0.0081,Non_fractured,0.1708,Non_fractured,0.0535,Non_fractured
train,IMG0003668.jpg,Non_fractured,0.0123,Non_fractured,0.0006,Non_fractured,0.0972,Non_fractured,0.0293,Non_fractured
train,IMG0003669.jpg,Non_fractured,0.0201,Non_fractured,0.0000,Non_fractured,0.0229,Non_fractured,0.0122,Non_fractured
train,IMG0003670.jpg,Non_fractured,0.0206,Non_fractured,0.0001,Non_fractured,0.0136,Non_fractured,0.0100,Non_fractured
train,IMG0003672.jpg,Non_fractured,0.0403,Non_fractured,0.0055,Non_fractured,0.0382,Non_fractured,0.0248,Non_fractured
train,IMG0003673.jpg,Non_fractured,0.0013,Non_fractured,0.0000,Non_fractured,0.0154,Non_fractured,0.0044,Non_fractured
train,IMG0003675.jpg,Non_fractured,0.0098,Non_fractured,0.0003,Non_fractured,0.1555,Non_fractured,0.0436,Non_fractured
train,IMG0003676.jpg,Non_fractured,0.0140,Non_fractured,0.0001,Non_fractured,0.0823,Non_fractured,0.0258,Non_fractured
train,IMG0003677.jpg,Non_fractured,0.1160,Non_fractured,0.0332,Non_fractured,0.8028,Fractured,0.2322,Non_fractured
train,IMG0003679.jpg,Non_fractured,0.0088,Non_fractured,0.0000,Non_fractured,0.0044,Non_fractured,0.0039,Non_fractured
train,IMG0003681.jpg,Non_fractured,0.0381,Non_fractured,0.0008,Non_fractured,0.1127,Non_fractured,0.0414,Non_fractured
train,IMG0003682.jpg,Non_fractured,0.0072,Non_fractured,0.0016,Non_fractured,0.0219,Non_fractured,0.0086,Non_fractured
train,IMG0003683.jpg,Non_fractured,0.0389,Non_fractured,0.0044,Non_fractured,0.0384,Non_fractured,0.0239,Non_fractured
train,IMG0003684.jpg,Non_fractured,0.0617,Non_fractured,0.0358,Non_fractured,0.0406,Non_fractured,0.0451,Non_fractured
train,IMG0003687.jpg,Non_fractured,0.0385,Non_fractured,0.0052,Non_fractured,0.0453,Non_fractured,0.0259,Non_fractured
train,IMG0003689.jpg,Non_fractured,0.0159,Non_fractured,0.0002,Non_fractured,0.0412,Non_fractured,0.0157,Non_fractured
train,IMG0003690.jpg,Non_fractured,0.0982,Non_fractured,0.0039,Non_fractured,0.0861,Non_fractured,0.0544,Non_fractured
train,IMG0003691.jpg,Non_fractured,0.0011,Non_fractured,0.0054,Non_fractured,0.0016,Non_fractured,0.0031,Non_fractured
train,IMG0003692.jpg,Non_fractured,0.0044,Non_fractured,0.0014,Non_fractured,0.0097,Non_fractured,0.0045,Non_fractured
train,IMG0003693.jpg,Non_fractured,0.2942,Non_fractured,0.0000,Non_fractured,0.0339,Non_fractured,0.0998,Non_fractured
train,IMG0003694.jpg,Non_fractured,0.3573,Non_fractured,0.0040,Non_fractured,0.0200,Non_fractured,0.0512,Non_fractured
train,IMG0003695.jpg,Non_fractured,0.2300,Non_fractured,0.0001,Non_fractured,0.0335,Non_fractured,0.0799,Non_fractured
train,IMG0003696.jpg,Non_fractured,0.2404,Non_fractured,0.0002,Non_fractured,0.0109,Non_fractured,0.0773,Non_fractured
train,IMG0003697.jpg,Non_fractured,0.1521,Non_fractured,0.0020,Non_fractured,0.0095,Non_fractured,0.0504,Non_fractured
train,IMG0003698.jpg,Non_fractured,0.0218,Non_fractured,0.0088,Non_fractured,0.0715,Non_fractured,0.0291,Non_fractured
train,IMG0003699.jpg,Non_fractured,0.0137,Non_fractured,0.0035,Non_fractured,0.0877,Non_fractured,0.0286,Non_fractured
train,IMG0003701.jpg,Non_fractured,0.0260,Non_fractured,0.0000,Non_fractured,0.0084,Non_fractured,0.0103,Non_fractured
train,IMG0003702.jpg,Non_fractured,0.0470,Non_fractured,0.0010,Non_fractured,0.0553,Non_fractured,0.0294,Non_fractured
train,IMG0003706.jpg,Non_fractured,0.2815,Non_fractured,0.4440,Fractured,0.5874,Fractured,0.4310,Fractured
train,IMG0003708.jpg,Non_fractured,0.0116,Non_fractured,0.0013,Non_fractured,0.0038,Non_fractured,0.0052,Non_fractured
train,IMG0003710.jpg,Non_fractured,0.0140,Non_fractured,0.0054,Non_fractured,0.3605,Non_fractured,0.0425,Non_fractured
train,IMG0003715.jpg,Non_fractured,0.0022,Non_fractured,0.0006,Non_fractured,0.0088,Non_fractured,0.0032,Non_fractured
train,IMG0003716.jpg,Non_fractured,0.0037,Non_fractured,0.0010,Non_fractured,0.0054,Non_fractured,0.0030,Non_fractured
train,IMG0003718.jpg,Non_fractured,0.0008,Non_fractured,0.0030,Non_fractured,0.0006,Non_fractured,0.0017,Non_fractured
train,IMG0003719.jpg,Non_fractured,0.0216,Non_fractured,0.0029,Non_fractured,0.0021,Non_fractured,0.0085,Non_fractured
train,IMG0003720.jpg,Non_fractured,0.0001,Non_fractured,0.0012,Non_fractured,0.0019,Non_fractured,0.0011,Non_fractured
train,IMG0003721.jpg,Non_fractured,0.0021,Non_fractured,0.0010,Non_fractured,0.0026,Non_fractured,0.0018,Non_fractured
train,IMG0003722.jpg,Non_fractured,0.0586,Non_fractured,0.0006,Non_fractured,0.0033,Non_fractured,0.0192,Non_fractured
train,IMG0003723.jpg,Non_fractured,0.0106,Non_fractured,0.0032,Non_fractured,0.0017,Non_fractured,0.0051,Non_fractured
train,IMG0003724.jpg,Non_fractured,0.0042,Non_fractured,0.0052,Non_fractured,0.4738,Non_fractured,0.0495,Non_fractured
train,IMG0003726.jpg,Non_fractured,0.0411,Non_fractured,0.0004,Non_fractured,0.5516,Fractured,0.0683,Non_fractured
train,IMG0003728.jpg,Non_fractured,0.0019,Non_fractured,0.0027,Non_fractured,0.0523,Non_fractured,0.0154,Non_fractured
train,IMG0003729.jpg,Non_fractured,0.0002,Non_fractured,0.0002,Non_fractured,0.0324,Non_fractured,0.0086,Non_fractured
train,IMG0003730.jpg,Non_fractured,0.0020,Non_fractured,0.0011,Non_fractured,0.0241,Non_fractured,0.0074,Non_fractured
train,IMG0003731.jpg,Non_fractured,0.0012,Non_fractured,0.0000,Non_fractured,0.0720,Non_fractured,0.0191,Non_fractured
train,IMG0003732.jpg,Non_fractured,0.0157,Non_fractured,0.0001,Non_fractured,0.1052,Non_fractured,0.0322,Non_fractured
train,IMG0003736.jpg,Non_fractured,0.0034,Non_fractured,0.0002,Non_fractured,0.0010,Non_fractured,0.0014,Non_fractured
train,IMG0003738.jpg,Non_fractured,0.0008,Non_fractured,0.0000,Non_fractured,0.0101,Non_fractured,0.0029,Non_fractured
train,IMG0003739.jpg,Non_fractured,0.0040,Non_fractured,0.0003,Non_fractured,0.1223,Non_fractured,0.0332,Non_fractured
train,IMG0003740.jpg,Non_fractured,0.0143,Non_fractured,0.0011,Non_fractured,0.0497,Non_fractured,0.0178,Non_fractured
train,IMG0003741.jpg,Non_fractured,0.0035,Non_fractured,0.0000,Non_fractured,0.0007,Non_fractured,0.0013,Non_fractured
train,IMG0003742.jpg,Non_fractured,0.0475,Non_fractured,0.0017,Non_fractured,0.0026,Non_fractured,0.0161,Non_fractured
train,IMG0003743.jpg,Non_fractured,0.0067,Non_fractured,0.0002,Non_fractured,0.0367,Non_fractured,0.0117,Non_fractured
train,IMG0003744.jpg,Non_fractured,0.0269,Non_fractured,0.0002,Non_fractured,0.3103,Non_fractured,0.0891,Non_fractured
train,IMG0003745.jpg,Non_fractured,0.0051,Non_fractured,0.0000,Non_fractured,0.0068,Non_fractured,0.0034,Non_fractured
train,IMG0003746.jpg,Non_fractured,0.0041,Non_fractured,0.0000,Non_fractured,0.0488,Non_fractured,0.0140,Non_fractured
train,IMG0003747.jpg,Non_fractured,0.0010,Non_fractured,0.0004,Non_fractured,0.0035,Non_fractured,0.0014,Non_fractured
train,IMG0003749.jpg,Non_fractured,0.0513,Non_fractured,0.0006,Non_fractured,0.0220,Non_fractured,0.0219,Non_fractured
train,IMG0003751.jpg,Non_fractured,0.0070,Non_fractured,0.0120,Non_fractured,0.0020,Non_fractured,0.0078,Non_fractured
train,IMG0003752.jpg,Non_fractured,0.0002,Non_fractured,0.0019,Non_fractured,0.0057,Non_fractured,0.0023,Non_fractured
train,IMG0003755.jpg,Non_fractured,0.0063,Non_fractured,0.0007,Non_fractured,0.3253,Non_fractured,0.0338,Non_fractured
train,IMG0003756.jpg,Non_fractured,0.0060,Non_fractured,0.0000,Non_fractured,0.0616,Non_fractured,0.0179,Non_fractured
train,IMG0003757.jpg,Non_fractured,0.0065,Non_fractured,0.0003,Non_fractured,0.1566,Non_fractured,0.0429,Non_fractured
train,IMG0003758.jpg,Non_fractured,0.0235,Non_fractured,0.0017,Non_fractured,0.3884,Non_fractured,0.0468,Non_fractured
train,IMG0003760.jpg,Non_fractured,0.0100,Non_fractured,0.0000,Non_fractured,0.0184,Non_fractured,0.0079,Non_fractured
train,IMG0003761.jpg,Non_fractured,0.0118,Non_fractured,0.0002,Non_fractured,0.0071,Non_fractured,0.0056,Non_fractured
train,IMG0003763.jpg,Non_fractured,0.0154,Non_fractured,0.0030,Non_fractured,0.0085,Non_fractured,0.0083,Non_fractured
train,IMG0003764.jpg,Non_fractured,0.0779,Non_fractured,0.0017,Non_fractured,0.0380,Non_fractured,0.0347,Non_fractured
train,IMG0003765.jpg,Non_fractured,0.0891,Non_fractured,0.0289,Non_fractured,0.0914,Non_fractured,0.0638,Non_fractured
train,IMG0003768.jpg,Non_fractured,0.0144,Non_fractured,0.0138,Non_fractured,0.0531,Non_fractured,0.0242,Non_fractured
train,IMG0003769.jpg,Non_fractured,0.0021,Non_fractured,0.0007,Non_fractured,0.0038,Non_fractured,0.0019,Non_fractured
train,IMG0003772.jpg,Non_fractured,0.0246,Non_fractured,0.0001,Non_fractured,0.2967,Non_fractured,0.0848,Non_fractured
train,IMG0003773.jpg,Non_fractured,0.0162,Non_fractured,0.0310,Non_fractured,0.3277,Non_fractured,0.1036,Non_fractured
train,IMG0003775.jpg,Non_fractured,0.0040,Non_fractured,0.0015,Non_fractured,0.0063,Non_fractured,0.0035,Non_fractured
train,IMG0003776.jpg,Non_fractured,0.0006,Non_fractured,0.0027,Non_fractured,0.0424,Non_fractured,0.0124,Non_fractured
train,IMG0003777.jpg,Non_fractured,0.1592,Non_fractured,0.0001,Non_fractured,0.0760,Non_fractured,0.0690,Non_fractured
train,IMG0003779.jpg,Non_fractured,0.0046,Non_fractured,0.0008,Non_fractured,0.0066,Non_fractured,0.0035,Non_fractured
train,IMG0003781.jpg,Non_fractured,0.0003,Non_fractured,0.0005,Non_fractured,0.0112,Non_fractured,0.0032,Non_fractured
train,IMG0003782.jpg,Non_fractured,0.0153,Non_fractured,0.0019,Non_fractured,0.0025,Non_fractured,0.0062,Non_fractured
train,IMG0003783.jpg,Non_fractured,0.0018,Non_fractured,0.0141,Non_fractured,0.0018,Non_fractured,0.0071,Non_fractured
train,IMG0003784.jpg,Non_fractured,0.0001,Non_fractured,0.0010,Non_fractured,0.0007,Non_fractured,0.0007,Non_fractured
train,IMG0003787.jpg,Non_fractured,0.0201,Non_fractured,0.0000,Non_fractured,0.1458,Non_fractured,0.0441,Non_fractured
train,IMG0003788.jpg,Non_fractured,0.0760,Non_fractured,0.0078,Non_fractured,0.2452,Non_fractured,0.0906,Non_fractured
train,IMG0003789.jpg,Non_fractured,0.2102,Non_fractured,0.0053,Non_fractured,0.8212,Fractured,0.3004,Non_fractured
train,IMG0003790.jpg,Non_fractured,0.0576,Non_fractured,0.0027,Non_fractured,0.1084,Non_fractured,0.0472,Non_fractured
train,IMG0003792.jpg,Non_fractured,0.0358,Non_fractured,0.0203,Non_fractured,0.1888,Non_fractured,0.0689,Non_fractured
train,IMG0003793.jpg,Non_fractured,0.0639,Non_fractured,0.0089,Non_fractured,0.2849,Non_fractured,0.0977,Non_fractured
train,IMG0003794.jpg,Non_fractured,0.0589,Non_fractured,0.0043,Non_fractured,0.0924,Non_fractured,0.0441,Non_fractured
train,IMG0003796.jpg,Non_fractured,0.0094,Non_fractured,0.0001,Non_fractured,0.0032,Non_fractured,0.0038,Non_fractured
train,IMG0003799.jpg,Non_fractured,0.0626,Non_fractured,0.0333,Non_fractured,0.0773,Non_fractured,0.0538,Non_fractured
train,IMG0003800.jpg,Non_fractured,0.0411,Non_fractured,0.1710,Non_fractured,0.3087,Non_fractured,0.1666,Non_fractured
train,IMG0003801.jpg,Non_fractured,0.0104,Non_fractured,0.0005,Non_fractured,0.0011,Non_fractured,0.0037,Non_fractured
train,IMG0003802.jpg,Non_fractured,0.0742,Non_fractured,0.0003,Non_fractured,0.0170,Non_fractured,0.0275,Non_fractured
train,IMG0003806.jpg,Non_fractured,0.0051,Non_fractured,0.0000,Non_fractured,0.0046,Non_fractured,0.0028,Non_fractured
train,IMG0003807.jpg,Non_fractured,0.0885,Non_fractured,0.0086,Non_fractured,0.1635,Non_fractured,0.0736,Non_fractured
train,IMG0003808.jpg,Non_fractured,0.0172,Non_fractured,0.1174,Non_fractured,0.0179,Non_fractured,0.0605,Non_fractured
train,IMG0003814.jpg,Non_fractured,0.0115,Non_fractured,0.0019,Non_fractured,0.0024,Non_fractured,0.0050,Non_fractured
train,IMG0003817.jpg,Non_fractured,0.0034,Non_fractured,0.0005,Non_fractured,0.1062,Non_fractured,0.0289,Non_fractured
train,IMG0003818.jpg,Non_fractured,0.1548,Non_fractured,0.0010,Non_fractured,0.1954,Non_fractured,0.0991,Non_fractured
train,IMG0003822.jpg,Non_fractured,0.0045,Non_fractured,0.0009,Non_fractured,0.0041,Non_fractured,0.0029,Non_fractured
train,IMG0003824.jpg,Non_fractured,0.0585,Non_fractured,0.0009,Non_fractured,0.0051,Non_fractured,0.0198,Non_fractured
train,IMG0003827.jpg,Non_fractured,0.0006,Non_fractured,0.0002,Non_fractured,0.0061,Non_fractured,0.0018,Non_fractured
train,IMG0003828.jpg,Non_fractured,0.1131,Non_fractured,0.1625,Non_fractured,0.2159,Non_fractured,0.1611,Non_fractured
train,IMG0003831.jpg,Non_fractured,0.0034,Non_fractured,0.0007,Non_fractured,0.0027,Non_fractured,0.0021,Non_fractured
train,IMG0003832.jpg,Non_fractured,0.0035,Non_fractured,0.0024,Non_fractured,0.0145,Non_fractured,0.0059,Non_fractured
train,IMG0003835.jpg,Non_fractured,0.0011,Non_fractured,0.0000,Non_fractured,0.0939,Non_fractured,0.0248,Non_fractured
train,IMG0003837.jpg,Non_fractured,0.1984,Non_fractured,0.0000,Non_fractured,0.0510,Non_fractured,0.0746,Non_fractured
train,IMG0003838.jpg,Non_fractured,0.0505,Non_fractured,0.0001,Non_fractured,0.0327,Non_fractured,0.0242,Non_fractured
train,IMG0003839.jpg,Non_fractured,0.0250,Non_fractured,0.0029,Non_fractured,0.0110,Non_fractured,0.0118,Non_fractured
train,IMG0003841.jpg,Non_fractured,0.0117,Non_fractured,0.0000,Non_fractured,0.0626,Non_fractured,0.0199,Non_fractured
train,IMG0003842.jpg,Non_fractured,0.0393,Non_fractured,0.0004,Non_fractured,0.2608,Non_fractured,0.0801,Non_fractured
train,IMG0003845.jpg,Non_fractured,0.0163,Non_fractured,0.0191,Non_fractured,0.0889,Non_fractured,0.0364,Non_fractured
train,IMG0003846.jpg,Non_fractured,0.0130,Non_fractured,0.0001,Non_fractured,0.0178,Non_fractured,0.0087,Non_fractured
train,IMG0003849.jpg,Non_fractured,0.0014,Non_fractured,0.0004,Non_fractured,0.0031,Non_fractured,0.0014,Non_fractured
train,IMG0003855.jpg,Non_fractured,0.0204,Non_fractured,0.0022,Non_fractured,0.1089,Non_fractured,0.0356,Non_fractured
train,IMG0003856.jpg,Non_fractured,0.0002,Non_fractured,0.0001,Non_fractured,0.0040,Non_fractured,0.0011,Non_fractured
train,IMG0003857.jpg,Non_fractured,0.0360,Non_fractured,0.0003,Non_fractured,0.0226,Non_fractured,0.0171,Non_fractured
train,IMG0003858.jpg,Non_fractured,0.0186,Non_fractured,0.0003,Non_fractured,0.0113,Non_fractured,0.0088,Non_fractured
train,IMG0003859.jpg,Non_fractured,0.0139,Non_fractured,0.0001,Non_fractured,0.1402,Non_fractured,0.0408,Non_fractured
train,IMG0003860.jpg,Non_fractured,0.1014,Non_fractured,0.0394,Non_fractured,0.0986,Non_fractured,0.0740,Non_fractured
train,IMG0003863.jpg,Non_fractured,0.0047,Non_fractured,0.0001,Non_fractured,0.2928,Non_fractured,0.0776,Non_fractured
train,IMG0003865.jpg,Non_fractured,0.0176,Non_fractured,0.0062,Non_fractured,0.0375,Non_fractured,0.0179,Non_fractured
train,IMG0003867.jpg,Non_fractured,0.5328,Fractured,0.0002,Non_fractured,0.0725,Non_fractured,0.0873,Non_fractured
train,IMG0003868.jpg,Non_fractured,0.0049,Non_fractured,0.0021,Non_fractured,0.0160,Non_fractured,0.0066,Non_fractured
train,IMG0003872.jpg,Non_fractured,0.0004,Non_fractured,0.0000,Non_fractured,0.0046,Non_fractured,0.0013,Non_fractured
train,IMG0003873.jpg,Non_fractured,0.0002,Non_fractured,0.0000,Non_fractured,0.0022,Non_fractured,0.0007,Non_fractured
train,IMG0003876.jpg,Non_fractured,0.6092,Fractured,0.3345,Fractured,0.1421,Non_fractured,0.3718,Non_fractured
train,IMG0003879.jpg,Non_fractured,0.0665,Non_fractured,0.0152,Non_fractured,0.0355,Non_fractured,0.0363,Non_fractured
train,IMG0003881.jpg,Non_fractured,0.0354,Non_fractured,0.0073,Non_fractured,0.0015,Non_fractured,0.0145,Non_fractured
train,IMG0003884.jpg,Non_fractured,0.0098,Non_fractured,0.0001,Non_fractured,0.1473,Non_fractured,0.0414,Non_fractured
train,IMG0003888.jpg,Non_fractured,0.0123,Non_fractured,0.0012,Non_fractured,0.0026,Non_fractured,0.0050,Non_fractured
train,IMG0003889.jpg,Non_fractured,0.0015,Non_fractured,0.0000,Non_fractured,0.0109,Non_fractured,0.0033,Non_fractured
train,IMG0003891.jpg,Non_fractured,0.0088,Non_fractured,0.0009,Non_fractured,0.2103,Non_fractured,0.0578,Non_fractured
train,IMG0003895.jpg,Non_fractured,0.0225,Non_fractured,0.0024,Non_fractured,0.0073,Non_fractured,0.0099,Non_fractured
train,IMG0003899.jpg,Non_fractured,0.0438,Non_fractured,0.0001,Non_fractured,0.0472,Non_fractured,0.0259,Non_fractured
train,IMG0003900.jpg,Non_fractured,0.0172,Non_fractured,0.0001,Non_fractured,0.0072,Non_fractured,0.0073,Non_fractured
train,IMG0003911.jpg,Non_fractured,0.0514,Non_fractured,0.0003,Non_fractured,0.1155,Non_fractured,0.0461,Non_fractured
train,IMG0003913.jpg,Non_fractured,0.0001,Non_fractured,0.0008,Non_fractured,0.0202,Non_fractured,0.0056,Non_fractured
train,IMG0003914.jpg,Non_fractured,0.0379,Non_fractured,0.0004,Non_fractured,0.2631,Non_fractured,0.0803,Non_fractured
train,IMG0003915.jpg,Non_fractured,0.1822,Non_fractured,0.0065,Non_fractured,0.0230,Non_fractured,0.0652,Non_fractured
train,IMG0003916.jpg,Non_fractured,0.0287,Non_fractured,0.0040,Non_fractured,0.0250,Non_fractured,0.0171,Non_fractured
train,IMG0003917.jpg,Non_fractured,0.0599,Non_fractured,0.0033,Non_fractured,0.0164,Non_fractured,0.0242,Non_fractured
train,IMG0003918.jpg,Non_fractured,0.1487,Non_fractured,0.0153,Non_fractured,0.3461,Non_fractured,0.1425,Non_fractured
train,IMG0003919.jpg,Non_fractured,0.0258,Non_fractured,0.0008,Non_fractured,0.2215,Non_fractured,0.0659,Non_fractured
train,IMG0003922.jpg,Non_fractured,0.0233,Non_fractured,0.0055,Non_fractured,0.0408,Non_fractured,0.0202,Non_fractured
train,IMG0003923.jpg,Non_fractured,0.0501,Non_fractured,0.0239,Non_fractured,0.0136,Non_fractured,0.0293,Non_fractured
train,IMG0003928.jpg,Non_fractured,0.2400,Non_fractured,0.0047,Non_fractured,0.0712,Non_fractured,0.0948,Non_fractured
train,IMG0003929.jpg,Non_fractured,0.0293,Non_fractured,0.0009,Non_fractured,0.0527,Non_fractured,0.0231,Non_fractured
train,IMG0003930.jpg,Non_fractured,0.0142,Non_fractured,0.0000,Non_fractured,0.1554,Non_fractured,0.0448,Non_fractured
train,IMG0003934.jpg,Non_fractured,0.0043,Non_fractured,0.0005,Non_fractured,0.0459,Non_fractured,0.0135,Non_fractured
train,IMG0003937.jpg,Non_fractured,0.0065,Non_fractured,0.0001,Non_fractured,0.0410,Non_fractured,0.0127,Non_fractured
train,IMG0003940.jpg,Non_fractured,0.1540,Non_fractured,0.0025,Non_fractured,0.0365,Non_fractured,0.0582,Non_fractured
train,IMG0003941.jpg,Non_fractured,0.0001,Non_fractured,0.0003,Non_fractured,0.0006,Non_fractured,0.0003,Non_fractured
train,IMG0003944.jpg,Non_fractured,0.0059,Non_fractured,0.0018,Non_fractured,0.0764,Non_fractured,0.0225,Non_fractured
train,IMG0003945.jpg,Non_fractured,0.0088,Non_fractured,0.0005,Non_fractured,0.0079,Non_fractured,0.0050,Non_fractured
train,IMG0003946.jpg,Non_fractured,0.0112,Non_fractured,0.0003,Non_fractured,0.0230,Non_fractured,0.0096,Non_fractured
train,IMG0003948.jpg,Non_fractured,0.0054,Non_fractured,0.0026,Non_fractured,0.0665,Non_fractured,0.0201,Non_fractured
train,IMG0003949.jpg,Non_fractured,0.0014,Non_fractured,0.0011,Non_fractured,0.0116,Non_fractured,0.0039,Non_fractured
train,IMG0003950.jpg,Non_fractured,0.0452,Non_fractured,0.0181,Non_fractured,0.0740,Non_fractured,0.0410,Non_fractured
train,IMG0003951.jpg,Non_fractured,0.7095,Fractured,0.0793,Non_fractured,0.2825,Non_fractured,0.3605,Non_fractured
train,IMG0003958.jpg,Non_fractured,0.0806,Non_fractured,0.0076,Non_fractured,0.0564,Non_fractured,0.0429,Non_fractured
train,IMG0003959.jpg,Non_fractured,0.0719,Non_fractured,0.0763,Non_fractured,0.0029,Non_fractured,0.0559,Non_fractured
train,IMG0003960.jpg,Non_fractured,0.0276,Non_fractured,0.0000,Non_fractured,0.0592,Non_fractured,0.0240,Non_fractured
train,IMG0003961.jpg,Non_fractured,0.0373,Non_fractured,0.0053,Non_fractured,0.0577,Non_fractured,0.0288,Non_fractured
train,IMG0003964.jpg,Non_fractured,0.1693,Non_fractured,0.0001,Non_fractured,0.1080,Non_fractured,0.0805,Non_fractured
train,IMG0003969.jpg,Non_fractured,0.0082,Non_fractured,0.0002,Non_fractured,0.0527,Non_fractured,0.0163,Non_fractured
train,IMG0003970.jpg,Non_fractured,0.0099,Non_fractured,0.0006,Non_fractured,0.0053,Non_fractured,0.0047,Non_fractured
train,IMG0003971.jpg,Non_fractured,0.0077,Non_fractured,0.0008,Non_fractured,0.0813,Non_fractured,0.0239,Non_fractured
train,IMG0003976.jpg,Non_fractured,0.0009,Non_fractured,0.0005,Non_fractured,0.0097,Non_fractured,0.0030,Non_fractured
train,IMG0003977.jpg,Non_fractured,0.0308,Non_fractured,0.0005,Non_fractured,0.0452,Non_fractured,0.0215,Non_fractured
train,IMG0003980.jpg,Non_fractured,0.0762,Non_fractured,0.0001,Non_fractured,0.0080,Non_fractured,0.0257,Non_fractured
train,IMG0003981.jpg,Non_fractured,0.0132,Non_fractured,0.0001,Non_fractured,0.0157,Non_fractured,0.0082,Non_fractured
train,IMG0003982.jpg,Non_fractured,0.0108,Non_fractured,0.0001,Non_fractured,0.1495,Non_fractured,0.0423,Non_fractured
train,IMG0003983.jpg,Non_fractured,0.0014,Non_fractured,0.0000,Non_fractured,0.0523,Non_fractured,0.0140,Non_fractured
train,IMG0003984.jpg,Non_fractured,0.1016,Non_fractured,0.0022,Non_fractured,0.0296,Non_fractured,0.0401,Non_fractured
train,IMG0003985.jpg,Non_fractured,0.1134,Non_fractured,0.0202,Non_fractured,0.3069,Non_fractured,0.1236,Non_fractured
train,IMG0003986.jpg,Non_fractured,0.4379,Non_fractured,0.1479,Non_fractured,0.3011,Non_fractured,0.2775,Non_fractured
train,IMG0003987.jpg,Non_fractured,0.0606,Non_fractured,0.0017,Non_fractured,0.1992,Non_fractured,0.0713,Non_fractured
train,IMG0003991.jpg,Non_fractured,0.6683,Fractured,0.0637,Non_fractured,0.5192,Non_fractured,0.5046,Fractured
train,IMG0003992.jpg,Non_fractured,0.1331,Non_fractured,0.0293,Non_fractured,0.0167,Non_fractured,0.0581,Non_fractured
train,IMG0003993.jpg,Non_fractured,0.0095,Non_fractured,0.0001,Non_fractured,0.0075,Non_fractured,0.0050,Non_fractured
train,IMG0003998.jpg,Non_fractured,0.0157,Non_fractured,0.0027,Non_fractured,0.5566,Fractured,0.0604,Non_fractured
train,IMG0003999.jpg,Non_fractured,0.0043,Non_fractured,0.0001,Non_fractured,0.1545,Non_fractured,0.0415,Non_fractured
train,IMG0004002.jpg,Non_fractured,0.0185,Non_fractured,0.0004,Non_fractured,0.5821,Fractured,0.0627,Non_fractured
train,IMG0004003.jpg,Non_fractured,0.3788,Non_fractured,0.0007,Non_fractured,0.3631,Non_fractured,0.3456,Non_fractured
train,IMG0004004.jpg,Non_fractured,0.0434,Non_fractured,0.0025,Non_fractured,0.0894,Non_fractured,0.0378,Non_fractured
train,IMG0004011.jpg,Non_fractured,0.0385,Non_fractured,0.0001,Non_fractured,0.2136,Non_fractured,0.0675,Non_fractured
train,IMG0004012.jpg,Non_fractured,0.0230,Non_fractured,0.0217,Non_fractured,0.2116,Non_fractured,0.0715,Non_fractured
train,IMG0004016.jpg,Non_fractured,0.0507,Non_fractured,0.0252,Non_fractured,0.1791,Non_fractured,0.0731,Non_fractured
train,IMG0004017.jpg,Non_fractured,0.5082,Non_fractured,0.0176,Non_fractured,0.4358,Non_fractured,0.4430,Fractured
train,IMG0004018.jpg,Non_fractured,0.4877,Non_fractured,0.0309,Non_fractured,0.7685,Fractured,0.4929,Fractured
train,IMG0004019.jpg,Non_fractured,0.0326,Non_fractured,0.0005,Non_fractured,0.1369,Non_fractured,0.0459,Non_fractured
train,IMG0004020.jpg,Non_fractured,0.0600,Non_fractured,0.0006,Non_fractured,0.0165,Non_fractured,0.0231,Non_fractured
train,IMG0004021.jpg,Non_fractured,0.0275,Non_fractured,0.0001,Non_fractured,0.0707,Non_fractured,0.0269,Non_fractured
train,IMG0004022.jpg,Non_fractured,0.0233,Non_fractured,0.0002,Non_fractured,0.1908,Non_fractured,0.0569,Non_fractured
train,IMG0004027.jpg,Non_fractured,0.0081,Non_fractured,0.0020,Non_fractured,0.0031,Non_fractured,0.0042,Non_fractured
train,IMG0004028.jpg,Non_fractured,0.0425,Non_fractured,0.6221,Fractured,0.0446,Non_fractured,0.1504,Non_fractured
train,IMG0004036.jpg,Non_fractured,0.0012,Non_fractured,0.0000,Non_fractured,0.0482,Non_fractured,0.0129,Non_fractured
train,IMG0004059.jpg,Non_fractured,0.0215,Non_fractured,0.0000,Non_fractured,0.1224,Non_fractured,0.0385,Non_fractured
train,IMG0004060.jpg,Non_fractured,0.0363,Non_fractured,0.0059,Non_fractured,0.1123,Non_fractured,0.0430,Non_fractured
train,IMG0004062.jpg,Non_fractured,0.2150,Non_fractured,0.0137,Non_fractured,0.5078,Non_fractured,0.2479,Non_fractured
train,IMG0004065.jpg,Non_fractured,0.0026,Non_fractured,0.0009,Non_fractured,0.2053,Non_fractured,0.0546,Non_fractured
train,IMG0004070.jpg,Non_fractured,0.0012,Non_fractured,0.0001,Non_fractured,0.0409,Non_fractured,0.0110,Non_fractured
train,IMG0004073.jpg,Non_fractured,0.1760,Non_fractured,0.0101,Non_fractured,0.0849,Non_fractured,0.0809,Non_fractured
train,IMG0004075.jpg,Non_fractured,0.1543,Non_fractured,0.0004,Non_fractured,0.6205,Fractured,0.2234,Non_fractured
train,IMG0004076.jpg,Non_fractured,0.0041,Non_fractured,0.0007,Non_fractured,0.0059,Non_fractured,0.0031,Non_fractured
train,IMG0004079.jpg,Non_fractured,0.0027,Non_fractured,0.0000,Non_fractured,0.0288,Non_fractured,0.0084,Non_fractured
train,IMG0004081.jpg,Non_fractured,0.0463,Non_fractured,0.0087,Non_fractured,0.1088,Non_fractured,0.0463,Non_fractured
train,IMG0004084.jpg,Non_fractured,0.0223,Non_fractured,0.0000,Non_fractured,0.2745,Non_fractured,0.0783,Non_fractured
train,IMG0004087.jpg,Non_fractured,0.0047,Non_fractured,0.0006,Non_fractured,0.0177,Non_fractured,0.0063,Non_fractured
train,IMG0004092.jpg,Non_fractured,0.0419,Non_fractured,0.0403,Non_fractured,0.5222,Non_fractured,0.0869,Non_fractured
train,IMG0004094.jpg,Non_fractured,0.0535,Non_fractured,0.0004,Non_fractured,0.0064,Non_fractured,0.0184,Non_fractured
train,IMG0004096.jpg,Non_fractured,0.4175,Non_fractured,0.0486,Non_fractured,0.2652,Non_fractured,0.2190,Non_fractured
train,IMG0004097.jpg,Non_fractured,0.1153,Non_fractured,0.0024,Non_fractured,0.1929,Non_fractured,0.0869,Non_fractured
train,IMG0004098.jpg,Non_fractured,0.0669,Non_fractured,0.0000,Non_fractured,0.0103,Non_fractured,0.0234,Non_fractured
train,IMG0004100.jpg,Non_fractured,0.0238,Non_fractured,0.0001,Non_fractured,0.0193,Non_fractured,0.0124,Non_fractured
train,IMG0004105.jpg,Non_fractured,0.0779,Non_fractured,0.0069,Non_fractured,0.1694,Non_fractured,0.0711,Non_fractured
train,IMG0004108.jpg,Non_fractured,0.0005,Non_fractured,0.0000,Non_fractured,0.0059,Non_fractured,0.0017,Non_fractured
train,IMG0004109.jpg,Non_fractured,0.0009,Non_fractured,0.0000,Non_fractured,0.0011,Non_fractured,0.0005,Non_fractured
train,IMG0004112.jpg,Non_fractured,0.0027,Non_fractured,0.0011,Non_fractured,0.1210,Non_fractured,0.0328,Non_fractured
train,IMG0004118.jpg,Non_fractured,0.0706,Non_fractured,0.0020,Non_fractured,0.0133,Non_fractured,0.0262,Non_fractured
train,IMG0004119.jpg,Non_fractured,0.1597,Non_fractured,0.0122,Non_fractured,0.0647,Non_fractured,0.0715,Non_fractured
train,IMG0004120.jpg,Non_fractured,0.1279,Non_fractured,0.0018,Non_fractured,0.0637,Non_fractured,0.0569,Non_fractured
train,IMG0004121.jpg,Non_fractured,0.7151,Fractured,0.6264,Fractured,0.0887,Non_fractured,0.6160,Fractured
train,IMG0004122.jpg,Non_fractured,0.0271,Non_fractured,0.0064,Non_fractured,0.0824,Non_fractured,0.0326,Non_fractured
train,IMG0004123.jpg,Non_fractured,0.2397,Non_fractured,0.0256,Non_fractured,0.0245,Non_fractured,0.0915,Non_fractured
train,IMG0004129.jpg,Non_fractured,0.0513,Non_fractured,0.0000,Non_fractured,0.0078,Non_fractured,0.0179,Non_fractured
train,IMG0004130.jpg,Non_fractured,0.0224,Non_fractured,0.0001,Non_fractured,0.0222,Non_fractured,0.0127,Non_fractured
train,IMG0004134.jpg,Non_fractured,0.0392,Non_fractured,0.0014,Non_fractured,0.0756,Non_fractured,0.0324,Non_fractured
train,IMG0004138.jpg,Non_fractured,0.0904,Non_fractured,0.0054,Non_fractured,0.2664,Non_fractured,0.0995,Non_fractured
train,IMG0004142.jpg,Non_fractured,0.0234,Non_fractured,0.0012,Non_fractured,0.0305,Non_fractured,0.0157,Non_fractured
train,IMG0004143.jpg,Non_fractured,0.0028,Non_fractured,0.0030,Non_fractured,0.0035,Non_fractured,0.0031,Non_fractured
train,IMG0004145.jpg,Non_fractured,0.0138,Non_fractured,0.0001,Non_fractured,0.0457,Non_fractured,0.0162,Non_fractured
train,IMG0004146.jpg,Non_fractured,0.0008,Non_fractured,0.0009,Non_fractured,0.0277,Non_fractured,0.0078,Non_fractured
train,IMG0004148.jpg,Non_fractured,0.0175,Non_fractured,0.0028,Non_fractured,0.1077,Non_fractured,0.0346,Non_fractured
train,IMG0004149.jpg,Non_fractured,0.0127,Non_fractured,0.0003,Non_fractured,0.0208,Non_fractured,0.0095,Non_fractured
train,IMG0004154.jpg,Non_fractured,0.4599,Non_fractured,0.0005,Non_fractured,0.0570,Non_fractured,0.0737,Non_fractured
train,IMG0004155.jpg,Non_fractured,0.0055,Non_fractured,0.0020,Non_fractured,0.0139,Non_fractured,0.0062,Non_fractured
train,IMG0004159.jpg,Non_fractured,0.0027,Non_fractured,0.0001,Non_fractured,0.0572,Non_fractured,0.0158,Non_fractured
train,IMG0004160.jpg,Non_fractured,0.0985,Non_fractured,0.0011,Non_fractured,0.0032,Non_fractured,0.0318,Non_fractured
train,IMG0004161.jpg,Non_fractured,0.0214,Non_fractured,0.0053,Non_fractured,0.0377,Non_fractured,0.0187,Non_fractured
train,IMG0004164.jpg,Non_fractured,0.0024,Non_fractured,0.0004,Non_fractured,0.0018,Non_fractured,0.0014,Non_fractured
train,IMG0004167.jpg,Non_fractured,0.0730,Non_fractured,0.0004,Non_fractured,0.1395,Non_fractured,0.0590,Non_fractured
train,IMG0004168.jpg,Non_fractured,0.0891,Non_fractured,0.0040,Non_fractured,0.0525,Non_fractured,0.0429,Non_fractured
train,IMG0004170.jpg,Non_fractured,0.1742,Non_fractured,0.0001,Non_fractured,0.0998,Non_fractured,0.0799,Non_fractured
train,IMG0004172.jpg,Non_fractured,0.0382,Non_fractured,0.0021,Non_fractured,0.2567,Non_fractured,0.0795,Non_fractured
train,IMG0004173.jpg,Non_fractured,0.0358,Non_fractured,0.0028,Non_fractured,0.0257,Non_fractured,0.0189,Non_fractured
train,IMG0004174.jpg,Non_fractured,0.8371,Fractured,0.2958,Fractured,0.4989,Non_fractured,0.5561,Fractured
train,IMG0004176.jpg,Non_fractured,0.0074,Non_fractured,0.0046,Non_fractured,0.0310,Non_fractured,0.0123,Non_fractured
train,IMG0004177.jpg,Non_fractured,0.2902,Non_fractured,0.0002,Non_fractured,0.2404,Non_fractured,0.1524,Non_fractured
train,IMG0004179.jpg,Non_fractured,0.0358,Non_fractured,0.0072,Non_fractured,0.2508,Non_fractured,0.0794,Non_fractured
train,IMG0004185.jpg,Non_fractured,0.0123,Non_fractured,0.0060,Non_fractured,0.2172,Non_fractured,0.0628,Non_fractured
train,IMG0004188.jpg,Non_fractured,0.0385,Non_fractured,0.0326,Non_fractured,0.1178,Non_fractured,0.0566,Non_fractured
train,IMG0004193.jpg,Non_fractured,0.0070,Non_fractured,0.0028,Non_fractured,0.0110,Non_fractured,0.0062,Non_fractured
train,IMG0004194.jpg,Non_fractured,0.0863,Non_fractured,0.0001,Non_fractured,0.0097,Non_fractured,0.0293,Non_fractured
train,IMG0004195.jpg,Non_fractured,0.0203,Non_fractured,0.0003,Non_fractured,0.0154,Non_fractured,0.0104,Non_fractured
train,IMG0004223.jpg,Non_fractured,0.0107,Non_fractured,0.0248,Non_fractured,0.0047,Non_fractured,0.0152,Non_fractured
train,IMG0004225.jpg,Non_fractured,0.1057,Non_fractured,0.0218,Non_fractured,0.0354,Non_fractured,0.0513,Non_fractured
train,IMG0004226.jpg,Non_fractured,0.0034,Non_fractured,0.0001,Non_fractured,0.4057,Non_fractured,0.0400,Non_fractured
train,IMG0004227.jpg,Non_fractured,0.0223,Non_fractured,0.0014,Non_fractured,0.0417,Non_fractured,0.0184,Non_fractured
train,IMG0004236.jpg,Non_fractured,0.0419,Non_fractured,0.0143,Non_fractured,0.0071,Non_fractured,0.0210,Non_fractured
train,IMG0004241.jpg,Non_fractured,0.0009,Non_fractured,0.0002,Non_fractured,0.0041,Non_fractured,0.0014,Non_fractured
train,IMG0004243.jpg,Non_fractured,0.8834,Fractured,0.9905,Fractured,0.4575,Non_fractured,0.8893,Fractured
train,IMG0004244.jpg,Non_fractured,0.0124,Non_fractured,0.0018,Non_fractured,0.0951,Non_fractured,0.0293,Non_fractured
train,IMG0004245.jpg,Non_fractured,0.0532,Non_fractured,0.0480,Non_fractured,0.2934,Non_fractured,0.1134,Non_fractured
train,IMG0004256.jpg,Non_fractured,0.0212,Non_fractured,0.0001,Non_fractured,0.0349,Non_fractured,0.0157,Non_fractured
train,IMG0004258.jpg,Non_fractured,0.0176,Non_fractured,0.0001,Non_fractured,0.4732,Non_fractured,0.0518,Non_fractured
train,IMG0004259.jpg,Non_fractured,0.0023,Non_fractured,0.0009,Non_fractured,0.1210,Non_fractured,0.0326,Non_fractured
train,IMG0004260.jpg,Non_fractured,0.0385,Non_fractured,0.0102,Non_fractured,0.0111,Non_fractured,0.0192,Non_fractured
train,IMG0004263.jpg,Non_fractured,0.1363,Non_fractured,0.0045,Non_fractured,0.0179,Non_fractured,0.0487,Non_fractured
train,IMG0004264.jpg,Non_fractured,0.0673,Non_fractured,0.0496,Non_fractured,0.0980,Non_fractured,0.0677,Non_fractured
train,IMG0004270.jpg,Non_fractured,0.0266,Non_fractured,0.0074,Non_fractured,0.4436,Non_fractured,0.0562,Non_fractured
train,IMG0004273.jpg,Non_fractured,0.2276,Non_fractured,0.0026,Non_fractured,0.5838,Fractured,0.2696,Non_fractured
train,IMG0004274.jpg,Non_fractured,0.9797,Fractured,0.7898,Fractured,0.8808,Fractured,0.8722,Fractured
train,IMG0004277.jpg,Non_fractured,0.4736,Non_fractured,0.0495,Non_fractured,0.3412,Non_fractured,0.3876,Non_fractured
train,IMG0004278.jpg,Non_fractured,0.2322,Non_fractured,0.0013,Non_fractured,0.1835,Non_fractured,0.1201,Non_fractured
train,IMG0004279.jpg,Non_fractured,0.0896,Non_fractured,0.0010,Non_fractured,0.9051,Fractured,0.4830,Fractured
train,IMG0004284.jpg,Non_fractured,0.1996,Non_fractured,0.0003,Non_fractured,0.3416,Non_fractured,0.1507,Non_fractured
train,IMG0004286.jpg,Non_fractured,0.7614,Fractured,0.0074,Non_fractured,0.6681,Fractured,0.6181,Fractured
train,IMG0004287.jpg,Non_fractured,0.2650,Non_fractured,0.3845,Fractured,0.3374,Non_fractured,0.3353,Non_fractured
train,IMG0004288.jpg,Non_fractured,0.0106,Non_fractured,0.0000,Non_fractured,0.0295,Non_fractured,0.0109,Non_fractured
train,IMG0004290.jpg,Non_fractured,0.8623,Fractured,0.5777,Fractured,0.9442,Fractured,0.8770,Fractured
train,IMG0004291.jpg,Non_fractured,0.1949,Non_fractured,0.0180,Non_fractured,0.7966,Fractured,0.2862,Non_fractured
train,IMG0004294.jpg,Non_fractured,0.0203,Non_fractured,0.0021,Non_fractured,0.0147,Non_fractured,0.0110,Non_fractured
train,IMG0004295.jpg,Non_fractured,0.0145,Non_fractured,0.0002,Non_fractured,0.1271,Non_fractured,0.0376,Non_fractured
train,IMG0004296.jpg,Non_fractured,0.1412,Non_fractured,0.0053,Non_fractured,0.0266,Non_fractured,0.0529,Non_fractured
train,IMG0004297.jpg,Non_fractured,0.0716,Non_fractured,0.0000,Non_fractured,0.0050,Non_fractured,0.0235,Non_fractured
train,IMG0004299.jpg,Non_fractured,0.1573,Non_fractured,0.0008,Non_fractured,0.2057,Non_fractured,0.1025,Non_fractured
train,IMG0004302.jpg,Non_fractured,0.3996,Non_fractured,0.0029,Non_fractured,0.1149,Non_fractured,0.0871,Non_fractured
train,IMG0004304.jpg,Non_fractured,0.0979,Non_fractured,0.0008,Non_fractured,0.8595,Fractured,0.4612,Fractured
train,IMG0004307.jpg,Non_fractured,0.0279,Non_fractured,0.0028,Non_fractured,0.4424,Non_fractured,0.0542,Non_fractured
train,IMG0004308.jpg,Non_fractured,0.0340,Non_fractured,0.0023,Non_fractured,0.0536,Non_fractured,0.0254,Non_fractured
train,IMG0004310.jpg,Non_fractured,0.0734,Non_fractured,0.0040,Non_fractured,0.2382,Non_fractured,0.0863,Non_fractured
train,IMG0004314.jpg,Non_fractured,0.4689,Non_fractured,0.6868,Fractured,0.7627,Fractured,0.6391,Fractured
train,IMG0004346.jpg,Non_fractured,0.0734,Non_fractured,0.0040,Non_fractured,0.2382,Non_fractured,0.0863,Non_fractured
train,IMG0004347.jpg,Non_fractured,0.0340,Non_fractured,0.0023,Non_fractured,0.0536,Non_fractured,0.0254,Non_fractured
train,IMG0004371.jpg,Non_fractured,0.0192,Non_fractured,0.0004,Non_fractured,0.0035,Non_fractured,0.0070,Non_fractured
train,IMG0004372.jpg,Non_fractured,0.1157,Non_fractured,0.0004,Non_fractured,0.2201,Non_fractured,0.0932,Non_fractured
train,IMG0004383.jpg,Non_fractured,0.0010,Non_fractured,0.0000,Non_fractured,0.0317,Non_fractured,0.0085,Non_fractured
train,IMG0004389.jpg,Non_fractured,0.0000,Non_fractured,0.0002,Non_fractured,0.0127,Non_fractured,0.0034,Non_fractured
val,IMG0003733.jpg,Fractured,0.7700,Fractured,0.1760,Fractured,0.8329,Fractured,0.7220,Fractured
val,IMG0003734.jpg,Fractured,0.4119,Non_fractured,0.9632,Fractured,0.9344,Fractured,0.9292,Fractured
val,IMG0003766.jpg,Fractured,0.5432,Fractured,0.9995,Fractured,0.7467,Fractured,0.8095,Fractured
val,IMG0003767.jpg,Fractured,0.5283,Fractured,0.3229,Fractured,0.8781,Fractured,0.5711,Fractured
val,IMG0003770.jpg,Fractured,0.0314,Non_fractured,0.0027,Non_fractured,0.0479,Non_fractured,0.0233,Non_fractured
val,IMG0003771.jpg,Fractured,0.1165,Non_fractured,0.2129,Fractured,0.1184,Non_fractured,0.1585,Non_fractured
val,IMG0003774.jpg,Fractured,0.0218,Non_fractured,0.0002,Non_fractured,0.2463,Non_fractured,0.0709,Non_fractured
val,IMG0003785.jpg,Fractured,0.9494,Fractured,0.9984,Fractured,0.8299,Fractured,0.9394,Fractured
val,IMG0003786.jpg,Fractured,0.9847,Fractured,0.9929,Fractured,0.8485,Fractured,0.9528,Fractured
val,IMG0003797.jpg,Fractured,0.1220,Non_fractured,0.0000,Non_fractured,0.0081,Non_fractured,0.0399,Non_fractured
val,IMG0003798.jpg,Fractured,0.0267,Non_fractured,0.0002,Non_fractured,0.0363,Non_fractured,0.0178,Non_fractured
val,IMG0003803.jpg,Fractured,0.0246,Non_fractured,0.0006,Non_fractured,0.0607,Non_fractured,0.0236,Non_fractured
val,IMG0003810.jpg,Fractured,0.3949,Non_fractured,0.0551,Non_fractured,0.4761,Non_fractured,0.4055,Fractured
val,IMG0003812.jpg,Fractured,0.0284,Non_fractured,0.0251,Non_fractured,0.0869,Non_fractured,0.0422,Non_fractured
val,IMG0003813.jpg,Fractured,0.3420,Non_fractured,0.7356,Fractured,0.7110,Fractured,0.7098,Fractured
val,IMG0003819.jpg,Fractured,0.0997,Non_fractured,0.0004,Non_fractured,0.3302,Non_fractured,0.1169,Non_fractured
val,IMG0003820.jpg,Fractured,0.0751,Non_fractured,0.0195,Non_fractured,0.7735,Fractured,0.4178,Fractured
val,IMG0003821.jpg,Fractured,0.3476,Non_fractured,0.0108,Non_fractured,0.5723,Fractured,0.3546,Non_fractured
val,IMG0003843.jpg,Fractured,0.9999,Fractured,0.9996,Fractured,0.9984,Fractured,0.9994,Fractured
val,IMG0003844.jpg,Fractured,0.9992,Fractured,0.9978,Fractured,0.9870,Fractured,0.9954,Fractured
val,IMG0003847.jpg,Fractured,0.0474,Non_fractured,0.0001,Non_fractured,0.1073,Non_fractured,0.0426,Non_fractured
val,IMG0003848.jpg,Fractured,0.2036,Non_fractured,0.0094,Non_fractured,0.3235,Non_fractured,0.1511,Non_fractured
val,IMG0003851.jpg,Fractured,0.0336,Non_fractured,0.0001,Non_fractured,0.0266,Non_fractured,0.0173,Non_fractured
val,IMG0003852.jpg,Fractured,0.0303,Non_fractured,0.0011,Non_fractured,0.0615,Non_fractured,0.0258,Non_fractured
val,IMG0003870.jpg,Fractured,0.9965,Fractured,0.9995,Fractured,0.9613,Fractured,0.9886,Fractured
val,IMG0003871.jpg,Fractured,0.9279,Fractured,0.9994,Fractured,0.9821,Fractured,0.9728,Fractured
val,IMG0003892.jpg,Fractured,0.4095,Non_fractured,0.1426,Non_fractured,0.5627,Fractured,0.4558,Fractured
val,IMG0003893.jpg,Fractured,0.6674,Fractured,0.9340,Fractured,0.6794,Fractured,0.7853,Fractured
val,IMG0003905.jpg,Fractured,0.7626,Fractured,0.4788,Fractured,0.7341,Fractured,0.6330,Fractured
val,IMG0003906.jpg,Fractured,0.7785,Fractured,0.9522,Fractured,0.5191,Non_fractured,0.8674,Fractured
val,IMG0003924.jpg,Fractured,0.9524,Fractured,0.9995,Fractured,0.8932,Fractured,0.9573,Fractured
val,IMG0003925.jpg,Fractured,0.9010,Fractured,0.9680,Fractured,0.7090,Fractured,0.8799,Fractured
val,IMG0003926.jpg,Fractured,0.5405,Fractured,0.1638,Non_fractured,0.5371,Fractured,0.5125,Fractured
val,IMG0003927.jpg,Fractured,0.9288,Fractured,0.9705,Fractured,0.5049,Non_fractured,0.9378,Fractured
val,IMG0003932.jpg,Fractured,0.0017,Non_fractured,0.0049,Non_fractured,0.0684,Non_fractured,0.0204,Non_fractured
val,IMG0003942.jpg,Fractured,0.1871,Non_fractured,0.4919,Fractured,0.1681,Non_fractured,0.3134,Non_fractured
val,IMG0003943.jpg,Fractured,0.8099,Fractured,0.9962,Fractured,0.7595,Fractured,0.8770,Fractured
val,IMG0003952.jpg,Fractured,0.7316,Fractured,0.8802,Fractured,0.7942,Fractured,0.8119,Fractured
val,IMG0003953.jpg,Fractured,0.7722,Fractured,0.7981,Fractured,0.5724,Fractured,0.7314,Fractured
val,IMG0003954.jpg,Fractured,0.0851,Non_fractured,0.0003,Non_fractured,0.6871,Fractured,0.1857,Non_fractured
val,IMG0003955.jpg,Fractured,0.6929,Fractured,0.2673,Fractured,0.6844,Fractured,0.6594,Fractured
val,IMG0004007.jpg,Fractured,0.8878,Fractured,0.9697,Fractured,0.2570,Non_fractured,0.8753,Fractured
val,IMG0004008.jpg,Fractured,0.2008,Non_fractured,0.2971,Fractured,0.2711,Non_fractured,0.2606,Non_fractured
val,IMG0004009.jpg,Fractured,0.5667,Fractured,0.7093,Fractured,0.5655,Fractured,0.6278,Fractured
val,IMG0004010.jpg,Fractured,0.9256,Fractured,0.5478,Fractured,0.5923,Fractured,0.6073,Fractured
val,IMG0004042.jpg,Fractured,0.7752,Fractured,0.6401,Fractured,0.3619,Non_fractured,0.6852,Fractured
val,IMG0004043.jpg,Fractured,0.7706,Fractured,0.6041,Fractured,0.5309,Fractured,0.6366,Fractured
val,IMG0004044.jpg,Fractured,0.9994,Fractured,0.9976,Fractured,0.7112,Fractured,0.9237,Fractured
val,IMG0004045.jpg,Fractured,0.9916,Fractured,0.9545,Fractured,0.6735,Fractured,0.8929,Fractured
val,IMG0004061.jpg,Fractured,0.2695,Non_fractured,0.9809,Fractured,0.0765,Non_fractured,0.4565,Fractured
val,IMG0004067.jpg,Fractured,0.8657,Fractured,0.9984,Fractured,0.8409,Fractured,0.9164,Fractured
val,IMG0004068.jpg,Fractured,0.9032,Fractured,0.9898,Fractured,0.2618,Non_fractured,0.8914,Fractured
val,IMG0004071.jpg,Fractured,0.9862,Fractured,0.9962,Fractured,0.9845,Fractured,0.9901,Fractured
val,IMG0004072.jpg,Fractured,0.9984,Fractured,0.9985,Fractured,0.9724,Fractured,0.9917,Fractured
val,IMG0004113.jpg,Fractured,0.9486,Fractured,0.9995,Fractured,0.9522,Fractured,0.9714,Fractured
val,IMG0004114.jpg,Fractured,0.9827,Fractured,0.9998,Fractured,0.9826,Fractured,0.9900,Fractured
val,IMG0004116.jpg,Fractured,0.9746,Fractured,0.9987,Fractured,0.9875,Fractured,0.9884,Fractured
val,IMG0004117.jpg,Fractured,0.8730,Fractured,0.9983,Fractured,0.8353,Fractured,0.9171,Fractured
val,IMG0004150.jpg,Fractured,0.9497,Fractured,0.9972,Fractured,0.9664,Fractured,0.9745,Fractured
val,IMG0004151.jpg,Fractured,0.9972,Fractured,0.9969,Fractured,0.8112,Fractured,0.9487,Fractured
val,IMG0004187.jpg,Fractured,0.9647,Fractured,0.9985,Fractured,0.6659,Fractured,0.9736,Fractured
val,IMG0004206.jpg,Fractured,0.6920,Fractured,0.8403,Fractured,0.8427,Fractured,0.7950,Fractured
val,IMG0004207.jpg,Fractured,0.9397,Fractured,0.9984,Fractured,0.6017,Fractured,0.9613,Fractured
val,IMG0004208.jpg,Fractured,0.9990,Fractured,0.9993,Fractured,0.9854,Fractured,0.9956,Fractured
val,IMG0004209.jpg,Fractured,0.9999,Fractured,0.9998,Fractured,0.9969,Fractured,0.9991,Fractured
val,IMG0004217.jpg,Fractured,0.2332,Non_fractured,1.0000,Fractured,0.6536,Fractured,0.7292,Fractured
val,IMG0004232.jpg,Fractured,0.7002,Fractured,0.9831,Fractured,0.6048,Fractured,0.7170,Fractured
val,IMG0004233.jpg,Fractured,0.4167,Non_fractured,0.9866,Fractured,0.5809,Fractured,0.6936,Fractured
val,IMG0004262.jpg,Fractured,0.2555,Non_fractured,0.1145,Non_fractured,0.6732,Fractured,0.3171,Non_fractured
val,IMG0004266.jpg,Fractured,0.9920,Fractured,0.9952,Fractured,0.9524,Fractured,0.9831,Fractured
val,IMG0004267.jpg,Fractured,0.9530,Fractured,0.9970,Fractured,0.9291,Fractured,0.9658,Fractured
val,IMG0004320.jpg,Fractured,0.9980,Fractured,0.9660,Fractured,0.9808,Fractured,0.9798,Fractured
val,IMG0004333.jpg,Fractured,0.9743,Fractured,0.9994,Fractured,0.7929,Fractured,0.9379,Fractured
val,IMG0004334.jpg,Fractured,0.9902,Fractured,0.9991,Fractured,0.9309,Fractured,0.9786,Fractured
val,IMG0004337.jpg,Fractured,0.0696,Non_fractured,0.0002,Non_fractured,0.0197,Non_fractured,0.0267,Non_fractured
val,IMG0004349.jpg,Fractured,0.0033,Non_fractured,0.0001,Non_fractured,0.1433,Non_fractured,0.0383,Non_fractured
val,IMG0004356.jpg,Fractured,0.1421,Non_fractured,0.8319,Fractured,0.7072,Fractured,0.7040,Fractured
val,IMG0004369.jpg,Fractured,0.0033,Non_fractured,0.0003,Non_fractured,0.0883,Non_fractured,0.0241,Non_fractured
val,IMG0004370.jpg,Fractured,0.1324,Non_fractured,0.0085,Non_fractured,0.9180,Fractured,0.5004,Fractured
val,IMG0004374.jpg,Fractured,0.9994,Fractured,0.9976,Fractured,0.7112,Fractured,0.9237,Fractured
val,IMG0004375.jpg,Fractured,0.7752,Fractured,0.6401,Fractured,0.3619,Non_fractured,0.6852,Fractured
val,IMG0004376.jpg,Fractured,0.7706,Fractured,0.6041,Fractured,0.5309,Fractured,0.6366,Fractured
val,IMG0000001.jpg,Non_fractured,0.0001,Non_fractured,0.0000,Non_fractured,0.0008,Non_fractured,0.0002,Non_fractured
val,IMG0000006.jpg,Non_fractured,0.0178,Non_fractured,0.0004,Non_fractured,0.0095,Non_fractured,0.0082,Non_fractured
val,IMG0000008.jpg,Non_fractured,0.0228,Non_fractured,0.0030,Non_fractured,0.1905,Non_fractured,0.0579,Non_fractured
val,IMG0000014.jpg,Non_fractured,0.0038,Non_fractured,0.0003,Non_fractured,0.2820,Non_fractured,0.0746,Non_fractured
val,IMG0000023.jpg,Non_fractured,0.9631,Fractured,0.9912,Fractured,0.8956,Fractured,0.9576,Fractured
val,IMG0000034.jpg,Non_fractured,0.0017,Non_fractured,0.0010,Non_fractured,0.0004,Non_fractured,0.0011,Non_fractured
val,IMG0000040.jpg,Non_fractured,0.0133,Non_fractured,0.0016,Non_fractured,0.1571,Non_fractured,0.0456,Non_fractured
val,IMG0000041.jpg,Non_fractured,0.0075,Non_fractured,0.0005,Non_fractured,0.1617,Non_fractured,0.0446,Non_fractured
val,IMG0000066.jpg,Non_fractured,0.0350,Non_fractured,0.0089,Non_fractured,0.0734,Non_fractured,0.0337,Non_fractured
val,IMG0000104.jpg,Non_fractured,0.0310,Non_fractured,0.0055,Non_fractured,0.2850,Non_fractured,0.0861,Non_fractured
val,IMG0000108.jpg,Non_fractured,0.4011,Non_fractured,0.0194,Non_fractured,0.1199,Non_fractured,0.0980,Non_fractured
val,IMG0000109.jpg,Non_fractured,0.0020,Non_fractured,0.0010,Non_fractured,0.1236,Non_fractured,0.0331,Non_fractured
val,IMG0000121.jpg,Non_fractured,0.0069,Non_fractured,0.0001,Non_fractured,0.0410,Non_fractured,0.0128,Non_fractured
val,IMG0000161.jpg,Non_fractured,0.2324,Non_fractured,0.0031,Non_fractured,0.2746,Non_fractured,0.1446,Non_fractured
val,IMG0000170.jpg,Non_fractured,0.3207,Non_fractured,0.0034,Non_fractured,0.8981,Fractured,0.3936,Non_fractured
val,IMG0000172.jpg,Non_fractured,0.3650,Non_fractured,0.3847,Fractured,0.4304,Non_fractured,0.3905,Non_fractured
val,IMG0000176.jpg,Non_fractured,0.0004,Non_fractured,0.0058,Non_fractured,0.0514,Non_fractured,0.0160,Non_fractured
val,IMG0000177.jpg,Non_fractured,0.0150,Non_fractured,0.0017,Non_fractured,0.1131,Non_fractured,0.0348,Non_fractured
val,IMG0000185.jpg,Non_fractured,0.1698,Non_fractured,0.0001,Non_fractured,0.0895,Non_fractured,0.0758,Non_fractured
val,IMG0000197.jpg,Non_fractured,0.3930,Non_fractured,0.1511,Non_fractured,0.6565,Fractured,0.4166,Fractured
val,IMG0000198.jpg,Non_fractured,0.9022,Fractured,0.6373,Fractured,0.7178,Fractured,0.7402,Fractured
val,IMG0000208.jpg,Non_fractured,0.0035,Non_fractured,0.0021,Non_fractured,0.2803,Non_fractured,0.0749,Non_fractured
val,IMG0000224.jpg,Non_fractured,0.0112,Non_fractured,0.0004,Non_fractured,0.0357,Non_fractured,0.0129,Non_fractured
val,IMG0000226.jpg,Non_fractured,0.0338,Non_fractured,0.0005,Non_fractured,0.0061,Non_fractured,0.0123,Non_fractured
val,IMG0000227.jpg,Non_fractured,0.0000,Non_fractured,0.0000,Non_fractured,0.0482,Non_fractured,0.0125,Non_fractured
val,IMG0000240.jpg,Non_fractured,0.0060,Non_fractured,0.0001,Non_fractured,0.0149,Non_fractured,0.0058,Non_fractured
val,IMG0000251.jpg,Non_fractured,0.0059,Non_fractured,0.0000,Non_fractured,0.0034,Non_fractured,0.0027,Non_fractured
val,IMG0000253.jpg,Non_fractured,0.1565,Non_fractured,0.0439,Non_fractured,0.4972,Non_fractured,0.1297,Non_fractured
val,IMG0000258.jpg,Non_fractured,0.0252,Non_fractured,0.0020,Non_fractured,0.0137,Non_fractured,0.0122,Non_fractured
val,IMG0000259.jpg,Non_fractured,0.0131,Non_fractured,0.0018,Non_fractured,0.0094,Non_fractured,0.0073,Non_fractured
val,IMG0000269.jpg,Non_fractured,0.0491,Non_fractured,0.0004,Non_fractured,0.0235,Non_fractured,0.0214,Non_fractured
val,IMG0000270.jpg,Non_fractured,0.3002,Non_fractured,0.3545,Fractured,0.3165,Non_fractured,0.3278,Non_fractured
val,IMG0000300.jpg,Non_fractured,0.0104,Non_fractured,0.0032,Non_fractured,0.0100,Non_fractured,0.0072,Non_fractured
val,IMG0000302.jpg,Non_fractured,0.0002,Non_fractured,0.0002,Non_fractured,0.0601,Non_fractured,0.0157,Non_fractured
val,IMG0000303.jpg,Non_fractured,0.0381,Non_fractured,0.0187,Non_fractured,0.0368,Non_fractured,0.0294,Non_fractured
val,IMG0000309.jpg,Non_fractured,0.0246,Non_fractured,0.0037,Non_fractured,0.0317,Non_fractured,0.0175,Non_fractured
val,IMG0000321.jpg,Non_fractured,0.0338,Non_fractured,0.0156,Non_fractured,0.0165,Non_fractured,0.0215,Non_fractured
val,IMG0000322.jpg,Non_fractured,0.0253,Non_fractured,0.0021,Non_fractured,0.0313,Non_fractured,0.0169,Non_fractured
val,IMG0000324.jpg,Non_fractured,0.0031,Non_fractured,0.0002,Non_fractured,0.0092,Non_fractured,0.0034,Non_fractured
val,IMG0000332.jpg,Non_fractured,0.0005,Non_fractured,0.0003,Non_fractured,0.0154,Non_fractured,0.0043,Non_fractured
val,IMG0000355.jpg,Non_fractured,0.0286,Non_fractured,0.0006,Non_fractured,0.0137,Non_fractured,0.0127,Non_fractured
val,IMG0000362.jpg,Non_fractured,0.2662,Non_fractured,0.0001,Non_fractured,0.4793,Non_fractured,0.2782,Non_fractured
val,IMG0000374.jpg,Non_fractured,0.0938,Non_fractured,0.1347,Non_fractured,0.0676,Non_fractured,0.1046,Non_fractured
val,IMG0000405.jpg,Non_fractured,0.0003,Non_fractured,0.0012,Non_fractured,0.0012,Non_fractured,0.0009,Non_fractured
val,IMG0000409.jpg,Non_fractured,0.0007,Non_fractured,0.0010,Non_fractured,0.0010,Non_fractured,0.0009,Non_fractured
val,IMG0000413.jpg,Non_fractured,0.0004,Non_fractured,0.0023,Non_fractured,0.0322,Non_fractured,0.0095,Non_fractured
val,IMG0000424.jpg,Non_fractured,0.0016,Non_fractured,0.0021,Non_fractured,0.0034,Non_fractured,0.0023,Non_fractured
val,IMG0000428.jpg,Non_fractured,0.0171,Non_fractured,0.0026,Non_fractured,0.0145,Non_fractured,0.0102,Non_fractured
val,IMG0000430.jpg,Non_fractured,0.0007,Non_fractured,0.0002,Non_fractured,0.0090,Non_fractured,0.0026,Non_fractured
val,IMG0000436.jpg,Non_fractured,0.0004,Non_fractured,0.0115,Non_fractured,0.1119,Non_fractured,0.0342,Non_fractured
val,IMG0000451.jpg,Non_fractured,0.1531,Non_fractured,0.0736,Non_fractured,0.2273,Non_fractured,0.1381,Non_fractured
val,IMG0000458.jpg,Non_fractured,0.0996,Non_fractured,0.0032,Non_fractured,0.0323,Non_fractured,0.0406,Non_fractured
val,IMG0000477.jpg,Non_fractured,0.1728,Non_fractured,0.0437,Non_fractured,0.0954,Non_fractured,0.0971,Non_fractured
val,IMG0000481.jpg,Non_fractured,0.0036,Non_fractured,0.0001,Non_fractured,0.0044,Non_fractured,0.0023,Non_fractured
val,IMG0000485.jpg,Non_fractured,0.0110,Non_fractured,0.0070,Non_fractured,0.0400,Non_fractured,0.0168,Non_fractured
val,IMG0000489.jpg,Non_fractured,0.0002,Non_fractured,0.0060,Non_fractured,0.0073,Non_fractured,0.0046,Non_fractured
val,IMG0000492.jpg,Non_fractured,0.0007,Non_fractured,0.0007,Non_fractured,0.0043,Non_fractured,0.0016,Non_fractured
val,IMG0000518.jpg,Non_fractured,0.0118,Non_fractured,0.0031,Non_fractured,0.0233,Non_fractured,0.0110,Non_fractured
val,IMG0000519.jpg,Non_fractured,0.0483,Non_fractured,0.0044,Non_fractured,0.3500,Non_fractured,0.0539,Non_fractured
val,IMG0000537.jpg,Non_fractured,0.0602,Non_fractured,0.0040,Non_fractured,0.0252,Non_fractured,0.0269,Non_fractured
val,IMG0000543.jpg,Non_fractured,0.3870,Non_fractured,0.0002,Non_fractured,0.2720,Non_fractured,0.3110,Non_fractured
val,IMG0000556.jpg,Non_fractured,0.0247,Non_fractured,0.0004,Non_fractured,0.0351,Non_fractured,0.0170,Non_fractured
val,IMG0000567.jpg,Non_fractured,0.0147,Non_fractured,0.0096,Non_fractured,0.5123,Non_fractured,0.0595,Non_fractured
val,IMG0000568.jpg,Non_fractured,0.1187,Non_fractured,0.0048,Non_fractured,0.5785,Fractured,0.1906,Non_fractured
val,IMG0000581.jpg,Non_fractured,0.1201,Non_fractured,0.0121,Non_fractured,0.3404,Non_fractured,0.1308,Non_fractured
val,IMG0000582.jpg,Non_fractured,0.0470,Non_fractured,0.0059,Non_fractured,0.6536,Fractured,0.1528,Non_fractured
val,IMG0000587.jpg,Non_fractured,0.0320,Non_fractured,0.0019,Non_fractured,0.0297,Non_fractured,0.0184,Non_fractured
val,IMG0000588.jpg,Non_fractured,0.0006,Non_fractured,0.0006,Non_fractured,0.0880,Non_fractured,0.0233,Non_fractured
val,IMG0000592.jpg,Non_fractured,0.0001,Non_fractured,0.0040,Non_fractured,0.0003,Non_fractured,0.0018,Non_fractured
val,IMG0000596.jpg,Non_fractured,0.0159,Non_fractured,0.0094,Non_fractured,0.0096,Non_fractured,0.0114,Non_fractured
val,IMG0000623.jpg,Non_fractured,0.0784,Non_fractured,0.4896,Fractured,0.4787,Non_fractured,0.4680,Fractured
val,IMG0000652.jpg,Non_fractured,0.0002,Non_fractured,0.0018,Non_fractured,0.0048,Non_fractured,0.0021,Non_fractured
val,IMG0000653.jpg,Non_fractured,0.0048,Non_fractured,0.0008,Non_fractured,0.0206,Non_fractured,0.0072,Non_fractured
val,IMG0000655.jpg,Non_fractured,0.0003,Non_fractured,0.0037,Non_fractured,0.0010,Non_fractured,0.0019,Non_fractured
val,IMG0000659.jpg,Non_fractured,0.0113,Non_fractured,0.0004,Non_fractured,0.1247,Non_fractured,0.0361,Non_fractured
val,IMG0000683.jpg,Non_fractured,0.0481,Non_fractured,0.0005,Non_fractured,0.0256,Non_fractured,0.0217,Non_fractured
val,IMG0000684.jpg,Non_fractured,0.0024,Non_fractured,0.0002,Non_fractured,0.0882,Non_fractured,0.0238,Non_fractured
val,IMG0000695.jpg,Non_fractured,0.0594,Non_fractured,0.1417,Non_fractured,0.7921,Fractured,0.2310,Non_fractured
val,IMG0000697.jpg,Non_fractured,0.2783,Non_fractured,0.3138,Fractured,0.6629,Fractured,0.3336,Non_fractured
val,IMG0000703.jpg,Non_fractured,0.6354,Fractured,0.0086,Non_fractured,0.2179,Non_fractured,0.2930,Non_fractured
val,IMG0000704.jpg,Non_fractured,0.0204,Non_fractured,0.0003,Non_fractured,0.0186,Non_fractured,0.0113,Non_fractured
val,IMG0000717.jpg,Non_fractured,0.6345,Fractured,0.0221,Non_fractured,0.7191,Fractured,0.5886,Fractured
val,IMG0000726.jpg,Non_fractured,0.1586,Non_fractured,0.1123,Non_fractured,0.2033,Non_fractured,0.1503,Non_fractured
val,IMG0000733.jpg,Non_fractured,0.0279,Non_fractured,0.0019,Non_fractured,0.0274,Non_fractured,0.0166,Non_fractured
val,IMG0000747.jpg,Non_fractured,0.0633,Non_fractured,0.0000,Non_fractured,0.0025,Non_fractured,0.0202,Non_fractured
val,IMG0000769.jpg,Non_fractured,0.0015,Non_fractured,0.0000,Non_fractured,0.0145,Non_fractured,0.0043,Non_fractured
val,IMG0000779.jpg,Non_fractured,0.0017,Non_fractured,0.0022,Non_fractured,0.0186,Non_fractured,0.0063,Non_fractured
val,IMG0000784.jpg,Non_fractured,0.0001,Non_fractured,0.0001,Non_fractured,0.0197,Non_fractured,0.0052,Non_fractured
val,IMG0000793.jpg,Non_fractured,0.0482,Non_fractured,0.0450,Non_fractured,0.3153,Non_fractured,0.1163,Non_fractured
val,IMG0000813.jpg,Non_fractured,0.0281,Non_fractured,0.0006,Non_fractured,0.4232,Non_fractured,0.0513,Non_fractured
val,IMG0000824.jpg,Non_fractured,0.0192,Non_fractured,0.0009,Non_fractured,0.0085,Non_fractured,0.0086,Non_fractured
val,IMG0000840.jpg,Non_fractured,0.0197,Non_fractured,0.0011,Non_fractured,0.0869,Non_fractured,0.0292,Non_fractured
val,IMG0000841.jpg,Non_fractured,0.0031,Non_fractured,0.0004,Non_fractured,0.0012,Non_fractured,0.0015,Non_fractured
val,IMG0000842.jpg,Non_fractured,0.0026,Non_fractured,0.0012,Non_fractured,0.0013,Non_fractured,0.0016,Non_fractured
val,IMG0000849.jpg,Non_fractured,0.1151,Non_fractured,0.0030,Non_fractured,0.0041,Non_fractured,0.0380,Non_fractured
val,IMG0000850.jpg,Non_fractured,0.0136,Non_fractured,0.0004,Non_fractured,0.0005,Non_fractured,0.0045,Non_fractured
val,IMG0000858.jpg,Non_fractured,0.0189,Non_fractured,0.0013,Non_fractured,0.3085,Non_fractured,0.0866,Non_fractured
val,IMG0000863.jpg,Non_fractured,0.3976,Non_fractured,0.0654,Non_fractured,0.0838,Non_fractured,0.1109,Non_fractured
val,IMG0000874.jpg,Non_fractured,0.0896,Non_fractured,0.0003,Non_fractured,0.3742,Non_fractured,0.0697,Non_fractured
val,IMG0000882.jpg,Non_fractured,0.0159,Non_fractured,0.0001,Non_fractured,0.0113,Non_fractured,0.0079,Non_fractured
val,IMG0000884.jpg,Non_fractured,0.0201,Non_fractured,0.0416,Non_fractured,0.0310,Non_fractured,0.0322,Non_fractured
val,IMG0000900.jpg,Non_fractured,0.0216,Non_fractured,0.0008,Non_fractured,0.0206,Non_fractured,0.0124,Non_fractured
val,IMG0000903.jpg,Non_fractured,0.2917,Non_fractured,0.0492,Non_fractured,0.4574,Non_fractured,0.3450,Non_fractured
val,IMG0000928.jpg,Non_fractured,0.0144,Non_fractured,0.0005,Non_fractured,0.3375,Non_fractured,0.0379,Non_fractured
val,IMG0000930.jpg,Non_fractured,0.0170,Non_fractured,0.0011,Non_fractured,0.0460,Non_fractured,0.0177,Non_fractured
val,IMG0000941.jpg,Non_fractured,0.1279,Non_fractured,0.0018,Non_fractured,0.0507,Non_fractured,0.0535,Non_fractured
val,IMG0000943.jpg,Non_fractured,0.0000,Non_fractured,0.0001,Non_fractured,0.0008,Non_fractured,0.0003,Non_fractured
val,IMG0000945.jpg,Non_fractured,0.0002,Non_fractured,0.0002,Non_fractured,0.0210,Non_fractured,0.0056,Non_fractured
val,IMG0000959.jpg,Non_fractured,0.0132,Non_fractured,0.0002,Non_fractured,0.0448,Non_fractured,0.0158,Non_fractured
val,IMG0000964.jpg,Non_fractured,0.0086,Non_fractured,0.0003,Non_fractured,0.0028,Non_fractured,0.0035,Non_fractured
val,IMG0000980.jpg,Non_fractured,0.0062,Non_fractured,0.0003,Non_fractured,0.0354,Non_fractured,0.0113,Non_fractured
val,IMG0000982.jpg,Non_fractured,0.0241,Non_fractured,0.0033,Non_fractured,0.1465,Non_fractured,0.0470,Non_fractured
val,IMG0001001.jpg,Non_fractured,0.9016,Fractured,0.9534,Fractured,0.8181,Fractured,0.9022,Fractured
val,IMG0001035.jpg,Non_fractured,0.0000,Non_fractured,0.0000,Non_fractured,0.0167,Non_fractured,0.0044,Non_fractured
val,IMG0001036.jpg,Non_fractured,0.0001,Non_fractured,0.0001,Non_fractured,0.0036,Non_fractured,0.0010,Non_fractured
val,IMG0001042.jpg,Non_fractured,0.0392,Non_fractured,0.1166,Non_fractured,0.4784,Non_fractured,0.1218,Non_fractured
val,IMG0001043.jpg,Non_fractured,0.0179,Non_fractured,0.0001,Non_fractured,0.0191,Non_fractured,0.0105,Non_fractured
val,IMG0001048.jpg,Non_fractured,0.0253,Non_fractured,0.0104,Non_fractured,0.0038,Non_fractured,0.0133,Non_fractured
val,IMG0001051.jpg,Non_fractured,0.0081,Non_fractured,0.0015,Non_fractured,0.0234,Non_fractured,0.0092,Non_fractured
val,IMG0001053.jpg,Non_fractured,0.0155,Non_fractured,0.0001,Non_fractured,0.0522,Non_fractured,0.0184,Non_fractured
val,IMG0001069.jpg,Non_fractured,0.0006,Non_fractured,0.0002,Non_fractured,0.0038,Non_fractured,0.0013,Non_fractured
val,IMG0001075.jpg,Non_fractured,0.1182,Non_fractured,0.0170,Non_fractured,0.1828,Non_fractured,0.0914,Non_fractured
val,IMG0001076.jpg,Non_fractured,0.0112,Non_fractured,0.0011,Non_fractured,0.1308,Non_fractured,0.0379,Non_fractured
val,IMG0001084.jpg,Non_fractured,0.0042,Non_fractured,0.0108,Non_fractured,0.0060,Non_fractured,0.0075,Non_fractured
val,IMG0001088.jpg,Non_fractured,0.0116,Non_fractured,0.0007,Non_fractured,0.0233,Non_fractured,0.0099,Non_fractured
val,IMG0001092.jpg,Non_fractured,0.0002,Non_fractured,0.0012,Non_fractured,0.0089,Non_fractured,0.0028,Non_fractured
val,IMG0001094.jpg,Non_fractured,0.0353,Non_fractured,0.0000,Non_fractured,0.0439,Non_fractured,0.0223,Non_fractured
val,IMG0001096.jpg,Non_fractured,0.0009,Non_fractured,0.0007,Non_fractured,0.0167,Non_fractured,0.0049,Non_fractured
val,IMG0001098.jpg,Non_fractured,0.0004,Non_fractured,0.0001,Non_fractured,0.0016,Non_fractured,0.0006,Non_fractured
val,IMG0001099.jpg,Non_fractured,0.0047,Non_fractured,0.0012,Non_fractured,0.0081,Non_fractured,0.0041,Non_fractured
val,IMG0001104.jpg,Non_fractured,0.3257,Non_fractured,0.0138,Non_fractured,0.4380,Non_fractured,0.3515,Non_fractured
val,IMG0001119.jpg,Non_fractured,0.0010,Non_fractured,0.0004,Non_fractured,0.1487,Non_fractured,0.0391,Non_fractured
val,IMG0001138.jpg,Non_fractured,0.0294,Non_fractured,0.0017,Non_fractured,0.1663,Non_fractured,0.0531,Non_fractured
val,IMG0001145.jpg,Non_fractured,0.0002,Non_fractured,0.0028,Non_fractured,0.0061,Non_fractured,0.0028,Non_fractured
val,IMG0001146.jpg,Non_fractured,0.0003,Non_fractured,0.0073,Non_fractured,0.0060,Non_fractured,0.0048,Non_fractured
val,IMG0001153.jpg,Non_fractured,0.2646,Non_fractured,0.0064,Non_fractured,0.0485,Non_fractured,0.0972,Non_fractured
val,IMG0001162.jpg,Non_fractured,0.0629,Non_fractured,0.0027,Non_fractured,0.8500,Fractured,0.4497,Fractured
val,IMG0001167.jpg,Non_fractured,0.0010,Non_fractured,0.0035,Non_fractured,0.0085,Non_fractured,0.0041,Non_fractured
val,IMG0001168.jpg,Non_fractured,0.0015,Non_fractured,0.0041,Non_fractured,0.0059,Non_fractured,0.0037,Non_fractured
val,IMG0001201.jpg,Non_fractured,0.8700,Fractured,0.8983,Fractured,0.4690,Non_fractured,0.8723,Fractured
val,IMG0001210.jpg,Non_fractured,0.0596,Non_fractured,0.0000,Non_fractured,0.4941,Non_fractured,0.0697,Non_fractured
val,IMG0001219.jpg,Non_fractured,0.3030,Non_fractured,0.0019,Non_fractured,0.0394,Non_fractured,0.1048,Non_fractured
val,IMG0001221.jpg,Non_fractured,0.0068,Non_fractured,0.0008,Non_fractured,0.0132,Non_fractured,0.0059,Non_fractured
val,IMG0001226.jpg,Non_fractured,0.0268,Non_fractured,0.0644,Non_fractured,0.1051,Non_fractured,0.0633,Non_fractured
val,IMG0001227.jpg,Non_fractured,0.0155,Non_fractured,0.0022,Non_fractured,0.1363,Non_fractured,0.0411,Non_fractured
val,IMG0001229.jpg,Non_fractured,0.0526,Non_fractured,0.0058,Non_fractured,0.0242,Non_fractured,0.0250,Non_fractured
val,IMG0001241.jpg,Non_fractured,0.2813,Non_fractured,0.1342,Non_fractured,0.7098,Fractured,0.3443,Non_fractured
val,IMG0001249.jpg,Non_fractured,0.0000,Non_fractured,0.0000,Non_fractured,0.0026,Non_fractured,0.0007,Non_fractured
val,IMG0001254.jpg,Non_fractured,0.9466,Fractured,0.9745,Fractured,0.6547,Fractured,0.8827,Fractured
val,IMG0001255.jpg,Non_fractured,0.2019,Non_fractured,0.0036,Non_fractured,0.0046,Non_fractured,0.0652,Non_fractured
val,IMG0001262.jpg,Non_fractured,0.0099,Non_fractured,0.0000,Non_fractured,0.0356,Non_fractured,0.0123,Non_fractured
val,IMG0001299.jpg,Non_fractured,0.0064,Non_fractured,0.0019,Non_fractured,0.0231,Non_fractured,0.0088,Non_fractured
val,IMG0001303.jpg,Non_fractured,0.2580,Non_fractured,0.0000,Non_fractured,0.0424,Non_fractured,0.0908,Non_fractured
val,IMG0001314.jpg,Non_fractured,0.0176,Non_fractured,0.0015,Non_fractured,0.0379,Non_fractured,0.0159,Non_fractured
val,IMG0001316.jpg,Non_fractured,0.2673,Non_fractured,0.0086,Non_fractured,0.5578,Fractured,0.2941,Non_fractured
val,IMG0001318.jpg,Non_fractured,0.0000,Non_fractured,0.0001,Non_fractured,0.0125,Non_fractured,0.0033,Non_fractured
val,IMG0001320.jpg,Non_fractured,0.1500,Non_fractured,0.0500,Non_fractured,0.1267,Non_fractured,0.1009,Non_fractured
val,IMG0001327.jpg,Non_fractured,0.0048,Non_fractured,0.0009,Non_fractured,0.0315,Non_fractured,0.0101,Non_fractured
val,IMG0001332.jpg,Non_fractured,0.0005,Non_fractured,0.0019,Non_fractured,0.0033,Non_fractured,0.0018,Non_fractured
val,IMG0001338.jpg,Non_fractured,0.5203,Non_fractured,0.0218,Non_fractured,0.0747,Non_fractured,0.0984,Non_fractured
val,IMG0001352.jpg,Non_fractured,0.3677,Non_fractured,0.0012,Non_fractured,0.1013,Non_fractured,0.0778,Non_fractured
val,IMG0001356.jpg,Non_fractured,0.1489,Non_fractured,0.0056,Non_fractured,0.2728,Non_fractured,0.1194,Non_fractured
val,IMG0001369.jpg,Non_fractured,0.0069,Non_fractured,0.0031,Non_fractured,0.0125,Non_fractured,0.0067,Non_fractured
val,IMG0001386.jpg,Non_fractured,0.0066,Non_fractured,0.0006,Non_fractured,0.0647,Non_fractured,0.0191,Non_fractured
val,IMG0001387.jpg,Non_fractured,0.1460,Non_fractured,0.0037,Non_fractured,0.0514,Non_fractured,0.0601,Non_fractured
val,IMG0001388.jpg,Non_fractured,0.0003,Non_fractured,0.0001,Non_fractured,0.0637,Non_fractured,0.0167,Non_fractured
val,IMG0001399.jpg,Non_fractured,0.0405,Non_fractured,0.0001,Non_fractured,0.0106,Non_fractured,0.0153,Non_fractured
val,IMG0001403.jpg,Non_fractured,0.1279,Non_fractured,0.0000,Non_fractured,0.0747,Non_fractured,0.0590,Non_fractured
val,IMG0001425.jpg,Non_fractured,0.0543,Non_fractured,0.0883,Non_fractured,0.0775,Non_fractured,0.0750,Non_fractured
val,IMG0001445.jpg,Non_fractured,0.0024,Non_fractured,0.0011,Non_fractured,0.0009,Non_fractured,0.0014,Non_fractured
val,IMG0001454.jpg,Non_fractured,0.0025,Non_fractured,0.0016,Non_fractured,0.0330,Non_fractured,0.0100,Non_fractured
val,IMG0001462.jpg,Non_fractured,0.0078,Non_fractured,0.0004,Non_fractured,0.0027,Non_fractured,0.0033,Non_fractured
val,IMG0001466.jpg,Non_fractured,0.0003,Non_fractured,0.0003,Non_fractured,0.0135,Non_fractured,0.0038,Non_fractured
val,IMG0001470.jpg,Non_fractured,0.0082,Non_fractured,0.0003,Non_fractured,0.0167,Non_fractured,0.0070,Non_fractured
val,IMG0001476.jpg,Non_fractured,0.0028,Non_fractured,0.0013,Non_fractured,0.0025,Non_fractured,0.0021,Non_fractured
val,IMG0001482.jpg,Non_fractured,0.0016,Non_fractured,0.0006,Non_fractured,0.0007,Non_fractured,0.0009,Non_fractured
val,IMG0001501.jpg,Non_fractured,0.3221,Non_fractured,0.1338,Non_fractured,0.3119,Non_fractured,0.2384,Non_fractured
val,IMG0001516.jpg,Non_fractured,0.5422,Fractured,0.8967,Fractured,0.1131,Non_fractured,0.6168,Fractured
val,IMG0001527.jpg,Non_fractured,0.0001,Non_fractured,0.0003,Non_fractured,0.0078,Non_fractured,0.0022,Non_fractured
val,IMG0001541.jpg,Non_fractured,0.0113,Non_fractured,0.0001,Non_fractured,0.0882,Non_fractured,0.0265,Non_fractured
val,IMG0001544.jpg,Non_fractured,0.0375,Non_fractured,0.0003,Non_fractured,0.1686,Non_fractured,0.0556,Non_fractured
val,IMG0001551.jpg,Non_fractured,0.0002,Non_fractured,0.0001,Non_fractured,0.0155,Non_fractured,0.0041,Non_fractured
val,IMG0001561.jpg,Non_fractured,0.0005,Non_fractured,0.0001,Non_fractured,0.0040,Non_fractured,0.0012,Non_fractured
val,IMG0001564.jpg,Non_fractured,0.0220,Non_fractured,0.0010,Non_fractured,0.0396,Non_fractured,0.0175,Non_fractured
val,IMG0001583.jpg,Non_fractured,0.1681,Non_fractured,0.0681,Non_fractured,0.2279,Non_fractured,0.1406,Non_fractured
val,IMG0001609.jpg,Non_fractured,0.0446,Non_fractured,0.0001,Non_fractured,0.0823,Non_fractured,0.0352,Non_fractured
val,IMG0001611.jpg,Non_fractured,0.5395,Fractured,0.7590,Fractured,0.6059,Fractured,0.6513,Fractured
val,IMG0001630.jpg,Non_fractured,0.0532,Non_fractured,0.0009,Non_fractured,0.0522,Non_fractured,0.0304,Non_fractured
val,IMG0001631.jpg,Non_fractured,0.0213,Non_fractured,0.0000,Non_fractured,0.0170,Non_fractured,0.0110,Non_fractured
val,IMG0001676.jpg,Non_fractured,0.0030,Non_fractured,0.0000,Non_fractured,0.0093,Non_fractured,0.0034,Non_fractured
val,IMG0001690.jpg,Non_fractured,0.0068,Non_fractured,0.0074,Non_fractured,0.0002,Non_fractured,0.0054,Non_fractured
val,IMG0001696.jpg,Non_fractured,0.0002,Non_fractured,0.0001,Non_fractured,0.1844,Non_fractured,0.0481,Non_fractured
val,IMG0001701.jpg,Non_fractured,0.2338,Non_fractured,0.0110,Non_fractured,0.0747,Non_fractured,0.0965,Non_fractured
val,IMG0001725.jpg,Non_fractured,0.0017,Non_fractured,0.0371,Non_fractured,0.0124,Non_fractured,0.0197,Non_fractured
val,IMG0001752.jpg,Non_fractured,0.0029,Non_fractured,0.0017,Non_fractured,0.0028,Non_fractured,0.0024,Non_fractured
val,IMG0001766.jpg,Non_fractured,0.0661,Non_fractured,0.0559,Non_fractured,0.3284,Non_fractured,0.1299,Non_fractured
val,IMG0001770.jpg,Non_fractured,0.1800,Non_fractured,0.0478,Non_fractured,0.2344,Non_fractured,0.1372,Non_fractured
val,IMG0001771.jpg,Non_fractured,0.0381,Non_fractured,0.0000,Non_fractured,0.0236,Non_fractured,0.0179,Non_fractured
val,IMG0001777.jpg,Non_fractured,0.7284,Fractured,0.0727,Non_fractured,0.7742,Fractured,0.6711,Fractured
val,IMG0001785.jpg,Non_fractured,0.0094,Non_fractured,0.0174,Non_fractured,0.2030,Non_fractured,0.0632,Non_fractured
val,IMG0001786.jpg,Non_fractured,0.0310,Non_fractured,0.0555,Non_fractured,0.0465,Non_fractured,0.0456,Non_fractured
val,IMG0001790.jpg,Non_fractured,0.0005,Non_fractured,0.0000,Non_fractured,0.0030,Non_fractured,0.0010,Non_fractured
val,IMG0001800.jpg,Non_fractured,0.0097,Non_fractured,0.0003,Non_fractured,0.0424,Non_fractured,0.0141,Non_fractured
val,IMG0001801.jpg,Non_fractured,0.2433,Non_fractured,0.0568,Non_fractured,0.6648,Fractured,0.3010,Non_fractured
val,IMG0001804.jpg,Non_fractured,0.0000,Non_fractured,0.0002,Non_fractured,0.0297,Non_fractured,0.0078,Non_fractured
val,IMG0001811.jpg,Non_fractured,0.0468,Non_fractured,0.0044,Non_fractured,0.2518,Non_fractured,0.0818,Non_fractured
val,IMG0001822.jpg,Non_fractured,0.0407,Non_fractured,0.0003,Non_fractured,0.0495,Non_fractured,0.0256,Non_fractured
val,IMG0001825.jpg,Non_fractured,0.0020,Non_fractured,0.0003,Non_fractured,0.0213,Non_fractured,0.0063,Non_fractured
val,IMG0001827.jpg,Non_fractured,0.0175,Non_fractured,0.0029,Non_fractured,0.0932,Non_fractured,0.0309,Non_fractured
val,IMG0001836.jpg,Non_fractured,0.0402,Non_fractured,0.0050,Non_fractured,0.0034,Non_fractured,0.0155,Non_fractured
val,IMG0001856.jpg,Non_fractured,0.0981,Non_fractured,0.0050,Non_fractured,0.0444,Non_fractured,0.0440,Non_fractured
val,IMG0001861.jpg,Non_fractured,0.0332,Non_fractured,0.0211,Non_fractured,0.2391,Non_fractured,0.0816,Non_fractured
val,IMG0001875.jpg,Non_fractured,0.0005,Non_fractured,0.0025,Non_fractured,0.0021,Non_fractured,0.0018,Non_fractured
val,IMG0001877.jpg,Non_fractured,0.0003,Non_fractured,0.0012,Non_fractured,0.0142,Non_fractured,0.0043,Non_fractured
val,IMG0001885.jpg,Non_fractured,0.0007,Non_fractured,0.0014,Non_fractured,0.0078,Non_fractured,0.0028,Non_fractured
val,IMG0001891.jpg,Non_fractured,0.0420,Non_fractured,0.0007,Non_fractured,0.0289,Non_fractured,0.0208,Non_fractured
val,IMG0001895.jpg,Non_fractured,0.0008,Non_fractured,0.0063,Non_fractured,0.0003,Non_fractured,0.0030,Non_fractured
val,IMG0001905.jpg,Non_fractured,0.0000,Non_fractured,0.0001,Non_fractured,0.0087,Non_fractured,0.0023,Non_fractured
val,IMG0001910.jpg,Non_fractured,0.2705,Non_fractured,0.0079,Non_fractured,0.3587,Non_fractured,0.1803,Non_fractured
val,IMG0001911.jpg,Non_fractured,0.4492,Non_fractured,0.0011,Non_fractured,0.2777,Non_fractured,0.3449,Non_fractured
val,IMG0001925.jpg,Non_fractured,0.0094,Non_fractured,0.0028,Non_fractured,0.1976,Non_fractured,0.0555,Non_fractured
val,IMG0001932.jpg,Non_fractured,0.1130,Non_fractured,0.0006,Non_fractured,0.0547,Non_fractured,0.0494,Non_fractured
val,IMG0001935.jpg,Non_fractured,0.1181,Non_fractured,0.0093,Non_fractured,0.7725,Fractured,0.2258,Non_fractured
val,IMG0001952.jpg,Non_fractured,0.1019,Non_fractured,0.0005,Non_fractured,0.1337,Non_fractured,0.0665,Non_fractured
val,IMG0001960.jpg,Non_fractured,0.0141,Non_fractured,0.0014,Non_fractured,0.0952,Non_fractured,0.0297,Non_fractured
val,IMG0001962.jpg,Non_fractured,0.0098,Non_fractured,0.0031,Non_fractured,0.1161,Non_fractured,0.0346,Non_fractured
val,IMG0001963.jpg,Non_fractured,0.0146,Non_fractured,0.0002,Non_fractured,0.2151,Non_fractured,0.0605,Non_fractured
val,IMG0001968.jpg,Non_fractured,0.6631,Fractured,0.0009,Non_fractured,0.5067,Non_fractured,0.4884,Fractured
val,IMG0001983.jpg,Non_fractured,0.0069,Non_fractured,0.0022,Non_fractured,0.0078,Non_fractured,0.0051,Non_fractured
val,IMG0001994.jpg,Non_fractured,0.0000,Non_fractured,0.0003,Non_fractured,0.0019,Non_fractured,0.0006,Non_fractured
val,IMG0002000.jpg,Non_fractured,0.0055,Non_fractured,0.0002,Non_fractured,0.0398,Non_fractured,0.0121,Non_fractured
val,IMG0002023.jpg,Non_fractured,0.0037,Non_fractured,0.0001,Non_fractured,0.0121,Non_fractured,0.0043,Non_fractured
val,IMG0002025.jpg,Non_fractured,0.0148,Non_fractured,0.0055,Non_fractured,0.0015,Non_fractured,0.0074,Non_fractured
val,IMG0002029.jpg,Non_fractured,0.0403,Non_fractured,0.0002,Non_fractured,0.0109,Non_fractured,0.0154,Non_fractured
val,IMG0002032.jpg,Non_fractured,0.0011,Non_fractured,0.0079,Non_fractured,0.0160,Non_fractured,0.0079,Non_fractured
val,IMG0002040.jpg,Non_fractured,0.0131,Non_fractured,0.0004,Non_fractured,0.1049,Non_fractured,0.0315,Non_fractured
val,IMG0002048.jpg,Non_fractured,0.0207,Non_fractured,0.0001,Non_fractured,0.0049,Non_fractured,0.0077,Non_fractured
val,IMG0002057.jpg,Non_fractured,0.0172,Non_fractured,0.0023,Non_fractured,0.0037,Non_fractured,0.0073,Non_fractured
val,IMG0002065.jpg,Non_fractured,0.0994,Non_fractured,0.0002,Non_fractured,0.0631,Non_fractured,0.0472,Non_fractured
val,IMG0002066.jpg,Non_fractured,0.1869,Non_fractured,0.0116,Non_fractured,0.4429,Non_fractured,0.1190,Non_fractured
val,IMG0002067.jpg,Non_fractured,0.0392,Non_fractured,0.0034,Non_fractured,0.1663,Non_fractured,0.0568,Non_fractured
val,IMG0002075.jpg,Non_fractured,0.1631,Non_fractured,0.0116,Non_fractured,0.7629,Fractured,0.2567,Non_fractured
val,IMG0002092.jpg,Non_fractured,0.0011,Non_fractured,0.0041,Non_fractured,0.0004,Non_fractured,0.0022,Non_fractured
val,IMG0002103.jpg,Non_fractured,0.0127,Non_fractured,0.1571,Non_fractured,0.2577,Non_fractured,0.1386,Non_fractured
val,IMG0002104.jpg,Non_fractured,0.1534,Non_fractured,0.0231,Non_fractured,0.5220,Non_fractured,0.1200,Non_fractured
val,IMG0002107.jpg,Non_fractured,0.0055,Non_fractured,0.0003,Non_fractured,0.0022,Non_fractured,0.0024,Non_fractured
val,IMG0002113.jpg,Non_fractured,0.0157,Non_fractured,0.0010,Non_fractured,0.0427,Non_fractured,0.0164,Non_fractured
val,IMG0002121.jpg,Non_fractured,0.0003,Non_fractured,0.0091,Non_fractured,0.0010,Non_fractured,0.0043,Non_fractured
val,IMG0002144.jpg,Non_fractured,0.0163,Non_fractured,0.0004,Non_fractured,0.0086,Non_fractured,0.0074,Non_fractured
val,IMG0002159.jpg,Non_fractured,0.6582,Fractured,0.7723,Fractured,0.5866,Fractured,0.6887,Fractured
val,IMG0002163.jpg,Non_fractured,0.0005,Non_fractured,0.0097,Non_fractured,0.0019,Non_fractured,0.0048,Non_fractured
val,IMG0002164.jpg,Non_fractured,0.0004,Non_fractured,0.0024,Non_fractured,0.0017,Non_fractured,0.0016,Non_fractured
val,IMG0002170.jpg,Non_fractured,0.2537,Non_fractured,0.0056,Non_fractured,0.1080,Non_fractured,0.1090,Non_fractured
val,IMG0002203.jpg,Non_fractured,0.0062,Non_fractured,0.0000,Non_fractured,0.0249,Non_fractured,0.0084,Non_fractured
val,IMG0002240.jpg,Non_fractured,0.0145,Non_fractured,0.0008,Non_fractured,0.0087,Non_fractured,0.0071,Non_fractured
val,IMG0002248.jpg,Non_fractured,0.0212,Non_fractured,0.0000,Non_fractured,0.1213,Non_fractured,0.0381,Non_fractured
val,IMG0002251.jpg,Non_fractured,0.0127,Non_fractured,0.0009,Non_fractured,0.4283,Non_fractured,0.0461,Non_fractured
val,IMG0002253.jpg,Non_fractured,0.0129,Non_fractured,0.0013,Non_fractured,0.0964,Non_fractured,0.0296,Non_fractured
val,IMG0002258.jpg,Non_fractured,0.0769,Non_fractured,0.0173,Non_fractured,0.2986,Non_fractured,0.1088,Non_fractured
val,IMG0002261.jpg,Non_fractured,0.1177,Non_fractured,0.9467,Fractured,0.9055,Fractured,0.8255,Fractured
val,IMG0002268.jpg,Non_fractured,0.1284,Non_fractured,0.0304,Non_fractured,0.6325,Fractured,0.2099,Non_fractured
val,IMG0002277.jpg,Non_fractured,0.1436,Non_fractured,0.0956,Non_fractured,0.8877,Fractured,0.5118,Fractured
val,IMG0002278.jpg,Non_fractured,0.0002,Non_fractured,0.0001,Non_fractured,0.0615,Non_fractured,0.0161,Non_fractured
val,IMG0002296.jpg,Non_fractured,0.0095,Non_fractured,0.0001,Non_fractured,0.0140,Non_fractured,0.0066,Non_fractured
val,IMG0002631.jpg,Non_fractured,0.0087,Non_fractured,0.0007,Non_fractured,0.0111,Non_fractured,0.0059,Non_fractured
val,IMG0002639.jpg,Non_fractured,0.0025,Non_fractured,0.0006,Non_fractured,0.0047,Non_fractured,0.0023,Non_fractured
val,IMG0002645.jpg,Non_fractured,0.2118,Non_fractured,0.0098,Non_fractured,0.0717,Non_fractured,0.0884,Non_fractured
val,IMG0002657.jpg,Non_fractured,0.0008,Non_fractured,0.0015,Non_fractured,0.0077,Non_fractured,0.0029,Non_fractured
val,IMG0002684.jpg,Non_fractured,0.2330,Non_fractured,0.0573,Non_fractured,0.0900,Non_fractured,0.1201,Non_fractured
val,IMG0002693.jpg,Non_fractured,0.1153,Non_fractured,0.0024,Non_fractured,0.1929,Non_fractured,0.0869,Non_fractured
val,IMG0002724.jpg,Non_fractured,0.0145,Non_fractured,0.0001,Non_fractured,0.0095,Non_fractured,0.0070,Non_fractured
val,IMG0002727.jpg,Non_fractured,0.0165,Non_fractured,0.0001,Non_fractured,0.0103,Non_fractured,0.0078,Non_fractured
val,IMG0002740.jpg,Non_fractured,0.3870,Non_fractured,0.0327,Non_fractured,0.0445,Non_fractured,0.0786,Non_fractured
val,IMG0002748.jpg,Non_fractured,0.0010,Non_fractured,0.0093,Non_fractured,0.0033,Non_fractured,0.0051,Non_fractured
val,IMG0002755.jpg,Non_fractured,0.0039,Non_fractured,0.0003,Non_fractured,0.0035,Non_fractured,0.0022,Non_fractured
val,IMG0002764.jpg,Non_fractured,0.0642,Non_fractured,0.0047,Non_fractured,0.0998,Non_fractured,0.0478,Non_fractured
val,IMG0002775.jpg,Non_fractured,0.0056,Non_fractured,0.0001,Non_fractured,0.0171,Non_fractured,0.0062,Non_fractured
val,IMG0002785.jpg,Non_fractured,0.0004,Non_fractured,0.0017,Non_fractured,0.0002,Non_fractured,0.0009,Non_fractured
val,IMG0002792.jpg,Non_fractured,0.0143,Non_fractured,0.0029,Non_fractured,0.1254,Non_fractured,0.0383,Non_fractured
val,IMG0002796.jpg,Non_fractured,0.0008,Non_fractured,0.0009,Non_fractured,0.0277,Non_fractured,0.0078,Non_fractured
val,IMG0002803.jpg,Non_fractured,0.0286,Non_fractured,0.0036,Non_fractured,0.0108,Non_fractured,0.0132,Non_fractured
val,IMG0002804.jpg,Non_fractured,0.0131,Non_fractured,0.0031,Non_fractured,0.0085,Non_fractured,0.0076,Non_fractured
val,IMG0002811.jpg,Non_fractured,0.0106,Non_fractured,0.0001,Non_fractured,0.1786,Non_fractured,0.0497,Non_fractured
val,IMG0002818.jpg,Non_fractured,0.2628,Non_fractured,0.0004,Non_fractured,0.1476,Non_fractured,0.1199,Non_fractured
val,IMG0002824.jpg,Non_fractured,0.0040,Non_fractured,0.0027,Non_fractured,0.0128,Non_fractured,0.0057,Non_fractured
val,IMG0002828.jpg,Non_fractured,0.0219,Non_fractured,0.0024,Non_fractured,0.7567,Fractured,0.3934,Non_fractured
val,IMG0002836.jpg,Non_fractured,0.1287,Non_fractured,0.0188,Non_fractured,0.0071,Non_fractured,0.0498,Non_fractured
val,IMG0002850.jpg,Non_fractured,0.0023,Non_fractured,0.0013,Non_fractured,0.0375,Non_fractured,0.0110,Non_fractured
val,IMG0002859.jpg,Non_fractured,0.0016,Non_fractured,0.0005,Non_fractured,0.0137,Non_fractured,0.0043,Non_fractured
val,IMG0002875.jpg,Non_fractured,0.0385,Non_fractured,0.0326,Non_fractured,0.1178,Non_fractured,0.0566,Non_fractured
val,IMG0002877.jpg,Non_fractured,0.0168,Non_fractured,0.0003,Non_fractured,0.0112,Non_fractured,0.0082,Non_fractured
val,IMG0002882.jpg,Non_fractured,0.0532,Non_fractured,0.0480,Non_fractured,0.2934,Non_fractured,0.1134,Non_fractured
val,IMG0002903.jpg,Non_fractured,0.1837,Non_fractured,0.0044,Non_fractured,0.2474,Non_fractured,0.1230,Non_fractured
val,IMG0002908.jpg,Non_fractured,0.0821,Non_fractured,0.0001,Non_fractured,0.0637,Non_fractured,0.0420,Non_fractured
val,IMG0002909.jpg,Non_fractured,0.0279,Non_fractured,0.0002,Non_fractured,0.0049,Non_fractured,0.0100,Non_fractured
val,IMG0002919.jpg,Non_fractured,0.1057,Non_fractured,0.0218,Non_fractured,0.0354,Non_fractured,0.0513,Non_fractured
val,IMG0002920.jpg,Non_fractured,0.0160,Non_fractured,0.0444,Non_fractured,0.0909,Non_fractured,0.0477,Non_fractured
val,IMG0002923.jpg,Non_fractured,0.0786,Non_fractured,0.0006,Non_fractured,0.0315,Non_fractured,0.0328,Non_fractured
val,IMG0002926.jpg,Non_fractured,0.0021,Non_fractured,0.0024,Non_fractured,0.0014,Non_fractured,0.0021,Non_fractured
val,IMG0002933.jpg,Non_fractured,0.1672,Non_fractured,0.0014,Non_fractured,0.0064,Non_fractured,0.0540,Non_fractured
val,IMG0002942.jpg,Non_fractured,0.0070,Non_fractured,0.0043,Non_fractured,0.0942,Non_fractured,0.0285,Non_fractured
val,IMG0002992.jpg,Non_fractured,0.0014,Non_fractured,0.0012,Non_fractured,0.0070,Non_fractured,0.0028,Non_fractured
val,IMG0002994.jpg,Non_fractured,0.1996,Non_fractured,0.0003,Non_fractured,0.3416,Non_fractured,0.1507,Non_fractured
val,IMG0002995.jpg,Non_fractured,0.0882,Non_fractured,0.0060,Non_fractured,0.0736,Non_fractured,0.0490,Non_fractured
val,IMG0003004.jpg,Non_fractured,0.0294,Non_fractured,0.0141,Non_fractured,0.3759,Non_fractured,0.0544,Non_fractured
val,IMG0003042.jpg,Non_fractured,0.0945,Non_fractured,0.0008,Non_fractured,0.0049,Non_fractured,0.0308,Non_fractured
val,IMG0003048.jpg,Non_fractured,0.0052,Non_fractured,0.0110,Non_fractured,0.0116,Non_fractured,0.0094,Non_fractured
val,IMG0003068.jpg,Non_fractured,0.4905,Non_fractured,0.3053,Fractured,0.1972,Non_fractured,0.3345,Non_fractured
val,IMG0003071.jpg,Non_fractured,0.1047,Non_fractured,0.0239,Non_fractured,0.0173,Non_fractured,0.0472,Non_fractured
val,IMG0003075.jpg,Non_fractured,0.5495,Fractured,0.8239,Fractured,0.7642,Fractured,0.7235,Fractured
val,IMG0003088.jpg,Non_fractured,0.0270,Non_fractured,0.0504,Non_fractured,0.0192,Non_fractured,0.0350,Non_fractured
val,IMG0003107.jpg,Non_fractured,0.3556,Non_fractured,0.0058,Non_fractured,0.0514,Non_fractured,0.0624,Non_fractured
val,IMG0003115.jpg,Non_fractured,0.0104,Non_fractured,0.0002,Non_fractured,0.0124,Non_fractured,0.0065,Non_fractured
val,IMG0003117.jpg,Non_fractured,0.2480,Non_fractured,0.0834,Non_fractured,0.0798,Non_fractured,0.1334,Non_fractured
val,IMG0003126.jpg,Non_fractured,0.6630,Fractured,0.9185,Fractured,0.1709,Non_fractured,0.7065,Fractured
val,IMG0003144.jpg,Non_fractured,0.2438,Non_fractured,0.0128,Non_fractured,0.5201,Non_fractured,0.2708,Non_fractured
val,IMG0003159.jpg,Non_fractured,0.0053,Non_fractured,0.0004,Non_fractured,0.0378,Non_fractured,0.0116,Non_fractured
val,IMG0003176.jpg,Non_fractured,0.0207,Non_fractured,0.0016,Non_fractured,0.0005,Non_fractured,0.0072,Non_fractured
val,IMG0003181.jpg,Non_fractured,0.0360,Non_fractured,0.0002,Non_fractured,0.0139,Non_fractured,0.0148,Non_fractured
val,IMG0003185.jpg,Non_fractured,0.0065,Non_fractured,0.0101,Non_fractured,0.0131,Non_fractured,0.0097,Non_fractured
val,IMG0003196.jpg,Non_fractured,0.0464,Non_fractured,0.0817,Non_fractured,0.2919,Non_fractured,0.1254,Non_fractured
val,IMG0003198.jpg,Non_fractured,0.0003,Non_fractured,0.0013,Non_fractured,0.0199,Non_fractured,0.0058,Non_fractured
val,IMG0003223.jpg,Non_fractured,0.0003,Non_fractured,0.0011,Non_fractured,0.0005,Non_fractured,0.0007,Non_fractured
val,IMG0003241.jpg,Non_fractured,0.0740,Non_fractured,0.0005,Non_fractured,0.0368,Non_fractured,0.0327,Non_fractured
val,IMG0003244.jpg,Non_fractured,0.0386,Non_fractured,0.0002,Non_fractured,0.0426,Non_fractured,0.0231,Non_fractured
val,IMG0003275.jpg,Non_fractured,0.0133,Non_fractured,0.0004,Non_fractured,0.0463,Non_fractured,0.0163,Non_fractured
val,IMG0003282.jpg,Non_fractured,0.0022,Non_fractured,0.0001,Non_fractured,0.0036,Non_fractured,0.0017,Non_fractured
val,IMG0003284.jpg,Non_fractured,0.3999,Non_fractured,0.9377,Fractured,0.7383,Fractured,0.7747,Fractured
val,IMG0003289.jpg,Non_fractured,0.0010,Non_fractured,0.0006,Non_fractured,0.0132,Non_fractured,0.0040,Non_fractured
val,IMG0003300.jpg,Non_fractured,0.0534,Non_fractured,0.0114,Non_fractured,0.1759,Non_fractured,0.0672,Non_fractured
val,IMG0003306.jpg,Non_fractured,0.0055,Non_fractured,0.0002,Non_fractured,0.0022,Non_fractured,0.0024,Non_fractured
val,IMG0003318.jpg,Non_fractured,0.0002,Non_fractured,0.0002,Non_fractured,0.0013,Non_fractured,0.0005,Non_fractured
val,IMG0003319.jpg,Non_fractured,0.0028,Non_fractured,0.0018,Non_fractured,0.0123,Non_fractured,0.0048,Non_fractured
val,IMG0003323.jpg,Non_fractured,0.2458,Non_fractured,0.7807,Fractured,0.2502,Non_fractured,0.3464,Non_fractured
val,IMG0003333.jpg,Non_fractured,0.4929,Non_fractured,0.0854,Non_fractured,0.2875,Non_fractured,0.2640,Non_fractured
val,IMG0003343.jpg,Non_fractured,0.0022,Non_fractured,0.0001,Non_fractured,0.0472,Non_fractured,0.0130,Non_fractured
val,IMG0003345.jpg,Non_fractured,0.0073,Non_fractured,0.0013,Non_fractured,0.0099,Non_fractured,0.0054,Non_fractured
val,IMG0003346.jpg,Non_fractured,0.0438,Non_fractured,0.0189,Non_fractured,0.1462,Non_fractured,0.0597,Non_fractured
val,IMG0003349.jpg,Non_fractured,0.0109,Non_fractured,0.0105,Non_fractured,0.0175,Non_fractured,0.0124,Non_fractured
val,IMG0003357.jpg,Non_fractured,0.0001,Non_fractured,0.0016,Non_fractured,0.0003,Non_fractured,0.0008,Non_fractured
val,IMG0003361.jpg,Non_fractured,0.0036,Non_fractured,0.0119,Non_fractured,0.0112,Non_fractured,0.0091,Non_fractured
val,IMG0003366.jpg,Non_fractured,0.0211,Non_fractured,0.0011,Non_fractured,0.0714,Non_fractured,0.0256,Non_fractured
val,IMG0003369.jpg,Non_fractured,0.0130,Non_fractured,0.1352,Non_fractured,0.3994,Non_fractured,0.1142,Non_fractured
val,IMG0003372.jpg,Non_fractured,0.4706,Non_fractured,0.9763,Fractured,0.8165,Fractured,0.8402,Fractured
val,IMG0003389.jpg,Non_fractured,0.0000,Non_fractured,0.0004,Non_fractured,0.0005,Non_fractured,0.0003,Non_fractured
val,IMG0003402.jpg,Non_fractured,0.0579,Non_fractured,0.0087,Non_fractured,0.2907,Non_fractured,0.0972,Non_fractured
val,IMG0003411.jpg,Non_fractured,0.0050,Non_fractured,0.0011,Non_fractured,0.0027,Non_fractured,0.0027,Non_fractured
val,IMG0003413.jpg,Non_fractured,0.0703,Non_fractured,0.0727,Non_fractured,0.0179,Non_fractured,0.0577,Non_fractured
val,IMG0003422.jpg,Non_fractured,0.0885,Non_fractured,0.0247,Non_fractured,0.0154,Non_fractured,0.0420,Non_fractured
val,IMG0003434.jpg,Non_fractured,0.2326,Non_fractured,0.0054,Non_fractured,0.1619,Non_fractured,0.1164,Non_fractured
val,IMG0003456.jpg,Non_fractured,0.0050,Non_fractured,0.0041,Non_fractured,0.0815,Non_fractured,0.0245,Non_fractured
val,IMG0003475.jpg,Non_fractured,0.0210,Non_fractured,0.0069,Non_fractured,0.3408,Non_fractured,0.0441,Non_fractured
val,IMG0003500.jpg,Non_fractured,0.0043,Non_fractured,0.0001,Non_fractured,0.0610,Non_fractured,0.0172,Non_fractured
val,IMG0003531.jpg,Non_fractured,0.0085,Non_fractured,0.0091,Non_fractured,0.0523,Non_fractured,0.0201,Non_fractured
val,IMG0003534.jpg,Non_fractured,0.0009,Non_fractured,0.0014,Non_fractured,0.0058,Non_fractured,0.0024,Non_fractured
val,IMG0003535.jpg,Non_fractured,0.0021,Non_fractured,0.0001,Non_fractured,0.0189,Non_fractured,0.0056,Non_fractured
val,IMG0003541.jpg,Non_fractured,0.0740,Non_fractured,0.0003,Non_fractured,0.0295,Non_fractured,0.0307,Non_fractured
val,IMG0003544.jpg,Non_fractured,0.0000,Non_fractured,0.0001,Non_fractured,0.0018,Non_fractured,0.0005,Non_fractured
val,IMG0003558.jpg,Non_fractured,0.0007,Non_fractured,0.0250,Non_fractured,0.0005,Non_fractured,0.0111,Non_fractured
val,IMG0003593.jpg,Non_fractured,0.2039,Non_fractured,0.0997,Non_fractured,0.4056,Non_fractured,0.2115,Non_fractured
val,IMG0003595.jpg,Non_fractured,0.2318,Non_fractured,0.0205,Non_fractured,0.3589,Non_fractured,0.1739,Non_fractured
val,IMG0003597.jpg,Non_fractured,0.0162,Non_fractured,0.0005,Non_fractured,0.0152,Non_fractured,0.0092,Non_fractured
val,IMG0003604.jpg,Non_fractured,0.3216,Non_fractured,0.3754,Fractured,0.4072,Non_fractured,0.3670,Non_fractured
val,IMG0003629.jpg,Non_fractured,0.2529,Non_fractured,0.0130,Non_fractured,0.0737,Non_fractured,0.1030,Non_fractured
val,IMG0003639.jpg,Non_fractured,0.0152,Non_fractured,0.0157,Non_fractured,0.3334,Non_fractured,0.0458,Non_fractured
val,IMG0003643.jpg,Non_fractured,0.0654,Non_fractured,0.3149,Fractured,0.3343,Non_fractured,0.2428,Non_fractured
val,IMG0003646.jpg,Non_fractured,0.0163,Non_fractured,0.0008,Non_fractured,0.0101,Non_fractured,0.0080,Non_fractured
val,IMG0003649.jpg,Non_fractured,0.0065,Non_fractured,0.0011,Non_fractured,0.0084,Non_fractured,0.0047,Non_fractured
val,IMG0003661.jpg,Non_fractured,0.1076,Non_fractured,0.0006,Non_fractured,0.4054,Non_fractured,0.0797,Non_fractured
val,IMG0003674.jpg,Non_fractured,0.2112,Non_fractured,0.0002,Non_fractured,0.0081,Non_fractured,0.0676,Non_fractured
val,IMG0003678.jpg,Non_fractured,0.1566,Non_fractured,0.7855,Fractured,0.6812,Fractured,0.6746,Fractured
val,IMG0003680.jpg,Non_fractured,0.0052,Non_fractured,0.0001,Non_fractured,0.0002,Non_fractured,0.0017,Non_fractured
val,IMG0003700.jpg,Non_fractured,0.1104,Non_fractured,0.0055,Non_fractured,0.0837,Non_fractured,0.0583,Non_fractured
val,IMG0003705.jpg,Non_fractured,0.0468,Non_fractured,0.0490,Non_fractured,0.3683,Non_fractured,0.0786,Non_fractured
val,IMG0003709.jpg,Non_fractured,0.1314,Non_fractured,0.0094,Non_fractured,0.3740,Non_fractured,0.1420,Non_fractured
val,IMG0003714.jpg,Non_fractured,0.0061,Non_fractured,0.0014,Non_fractured,0.0328,Non_fractured,0.0110,Non_fractured
val,IMG0003717.jpg,Non_fractured,0.0008,Non_fractured,0.0016,Non_fractured,0.0003,Non_fractured,0.0010,Non_fractured
val,IMG0003725.jpg,Non_fractured,0.0493,Non_fractured,0.0037,Non_fractured,0.1605,Non_fractured,0.0586,Non_fractured
val,IMG0003735.jpg,Non_fractured,0.0058,Non_fractured,0.0005,Non_fractured,0.0515,Non_fractured,0.0154,Non_fractured
val,IMG0003750.jpg,Non_fractured,0.0133,Non_fractured,0.0006,Non_fractured,0.1331,Non_fractured,0.0390,Non_fractured
val,IMG0003753.jpg,Non_fractured,0.0031,Non_fractured,0.0001,Non_fractured,0.2123,Non_fractured,0.0562,Non_fractured
val,IMG0003759.jpg,Non_fractured,0.0040,Non_fractured,0.0038,Non_fractured,0.0023,Non_fractured,0.0035,Non_fractured
val,IMG0003804.jpg,Non_fractured,0.0173,Non_fractured,0.0004,Non_fractured,0.0344,Non_fractured,0.0145,Non_fractured
val,IMG0003809.jpg,Non_fractured,0.0441,Non_fractured,0.0064,Non_fractured,0.0208,Non_fractured,0.0218,Non_fractured
val,IMG0003815.jpg,Non_fractured,0.0002,Non_fractured,0.0039,Non_fractured,0.0017,Non_fractured,0.0022,Non_fractured
val,IMG0003825.jpg,Non_fractured,0.0004,Non_fractured,0.0000,Non_fractured,0.0092,Non_fractured,0.0025,Non_fractured
val,IMG0003826.jpg,Non_fractured,0.0060,Non_fractured,0.0260,Non_fractured,0.0266,Non_fractured,0.0200,Non_fractured
val,IMG0003829.jpg,Non_fractured,0.0147,Non_fractured,0.0048,Non_fractured,0.0025,Non_fractured,0.0072,Non_fractured
val,IMG0003836.jpg,Non_fractured,0.1359,Non_fractured,0.0000,Non_fractured,0.1345,Non_fractured,0.0770,Non_fractured
val,IMG0003864.jpg,Non_fractured,0.3785,Non_fractured,0.0006,Non_fractured,0.0136,Non_fractured,0.0497,Non_fractured
val,IMG0003866.jpg,Non_fractured,0.0163,Non_fractured,0.0112,Non_fractured,0.0445,Non_fractured,0.0215,Non_fractured
val,IMG0003878.jpg,Non_fractured,0.0269,Non_fractured,0.0038,Non_fractured,0.0368,Non_fractured,0.0195,Non_fractured
val,IMG0003904.jpg,Non_fractured,0.0074,Non_fractured,0.0005,Non_fractured,0.1957,Non_fractured,0.0534,Non_fractured
val,IMG0003931.jpg,Non_fractured,0.2760,Non_fractured,0.0478,Non_fractured,0.0478,Non_fractured,0.1184,Non_fractured
val,IMG0003947.jpg,Non_fractured,0.0597,Non_fractured,0.0019,Non_fractured,0.0263,Non_fractured,0.0262,Non_fractured
val,IMG0003988.jpg,Non_fractured,0.0141,Non_fractured,0.0018,Non_fractured,0.1661,Non_fractured,0.0483,Non_fractured
val,IMG0004106.jpg,Non_fractured,0.7845,Fractured,0.0699,Non_fractured,0.5847,Fractured,0.5756,Fractured
val,IMG0004107.jpg,Non_fractured,0.0019,Non_fractured,0.0003,Non_fractured,0.0078,Non_fractured,0.0027,Non_fractured
val,IMG0004169.jpg,Non_fractured,0.0102,Non_fractured,0.0002,Non_fractured,0.0518,Non_fractured,0.0167,Non_fractured
val,IMG0004201.jpg,Non_fractured,0.0064,Non_fractured,0.0013,Non_fractured,0.0249,Non_fractured,0.0090,Non_fractured
val,IMG0004214.jpg,Non_fractured,0.1288,Non_fractured,0.0188,Non_fractured,0.0071,Non_fractured,0.0498,Non_fractured
val,IMG0004251.jpg,Non_fractured,0.0707,Non_fractured,0.0394,Non_fractured,0.2771,Non_fractured,0.1108,Non_fractured
val,IMG0004298.jpg,Non_fractured,0.0855,Non_fractured,0.0000,Non_fractured,0.0054,Non_fractured,0.0279,Non_fractured
test,IMG0003297.jpg,Fractured,0.1586,Non_fractured,0.0006,Non_fractured,0.1663,Non_fractured,0.0926,Non_fractured
test,IMG0003298.jpg,Fractured,0.4307,Non_fractured,0.0010,Non_fractured,0.0036,Non_fractured,0.0527,Non_fractured
test,IMG0003301.jpg,Fractured,0.5156,Non_fractured,0.3529,Fractured,0.2630,Non_fractured,0.3799,Non_fractured
test,IMG0003308.jpg,Fractured,0.0035,Non_fractured,0.0156,Non_fractured,0.0004,Non_fractured,0.0079,Non_fractured
test,IMG0003309.jpg,Fractured,0.5187,Non_fractured,0.4989,Fractured,0.0359,Non_fractured,0.4912,Fractured
test,IMG0003310.jpg,Fractured,0.1502,Non_fractured,0.0079,Non_fractured,0.0743,Non_fractured,0.0692,Non_fractured
test,IMG0003311.jpg,Fractured,0.2650,Non_fractured,0.0182,Non_fractured,0.0262,Non_fractured,0.0967,Non_fractured
test,IMG0003312.jpg,Fractured,0.6055,Fractured,0.9937,Fractured,0.8512,Fractured,0.9257,Fractured
test,IMG0003313.jpg,Fractured,0.9006,Fractured,0.9918,Fractured,0.9287,Fractured,0.9472,Fractured
test,IMG0003331.jpg,Fractured,0.2190,Non_fractured,0.0008,Non_fractured,0.3323,Non_fractured,0.1545,Non_fractured
test,IMG0003332.jpg,Fractured,0.6946,Fractured,0.4278,Fractured,0.9120,Fractured,0.7073,Fractured
test,IMG0003338.jpg,Fractured,0.9998,Fractured,0.9989,Fractured,0.9993,Fractured,0.9993,Fractured
test,IMG0003339.jpg,Fractured,0.9762,Fractured,0.9999,Fractured,0.9776,Fractured,0.9868,Fractured
test,IMG0003341.jpg,Fractured,0.6945,Fractured,0.8071,Fractured,0.6792,Fractured,0.7390,Fractured
test,IMG0003342.jpg,Fractured,0.5885,Fractured,0.8459,Fractured,0.8912,Fractured,0.7780,Fractured
test,IMG0003373.jpg,Fractured,0.9571,Fractured,0.6491,Fractured,0.9918,Fractured,0.9501,Fractured
test,IMG0003374.jpg,Fractured,0.9939,Fractured,0.9973,Fractured,0.9552,Fractured,0.9853,Fractured
test,IMG0003381.jpg,Fractured,0.5874,Fractured,0.9462,Fractured,0.6700,Fractured,0.6845,Fractured
test,IMG0003382.jpg,Fractured,0.1646,Non_fractured,0.9762,Fractured,0.0170,Non_fractured,0.7073,Fractured
test,IMG0003383.jpg,Fractured,0.2941,Non_fractured,0.6342,Fractured,0.4024,Non_fractured,0.4687,Fractured
test,IMG0003394.jpg,Fractured,0.9999,Fractured,1.0000,Fractured,0.9932,Fractured,0.9982,Fractured
test,IMG0003395.jpg,Fractured,0.9544,Fractured,0.9994,Fractured,0.8896,Fractured,0.9569,Fractured
test,IMG0003396.jpg,Fractured,0.6561,Fractured,0.5677,Fractured,0.2218,Non_fractured,0.5917,Fractured
test,IMG0003397.jpg,Fractured,0.7070,Fractured,0.7796,Fractured,0.3515,Non_fractured,0.7357,Fractured
test,IMG0003398.jpg,Fractured,0.3147,Non_fractured,0.0643,Non_fractured,0.2153,Non_fractured,0.1811,Non_fractured
test,IMG0003399.jpg,Fractured,0.6093,Fractured,0.9145,Fractured,0.6216,Fractured,0.7439,Fractured
test,IMG0003419.jpg,Fractured,0.4338,Non_fractured,0.1090,Non_fractured,0.6537,Fractured,0.4411,Fractured
test,IMG0003420.jpg,Fractured,0.0186,Non_fractured,0.0041,Non_fractured,0.1306,Non_fractured,0.0415,Non_fractured
test,IMG0003458.jpg,Fractured,0.8474,Fractured,0.9738,Fractured,0.5884,Fractured,0.9096,Fractured
test,IMG0003459.jpg,Fractured,0.9445,Fractured,0.0411,Non_fractured,0.0683,Non_fractured,0.5634,Fractured
test,IMG0003466.jpg,Fractured,0.9946,Fractured,0.9997,Fractured,0.9957,Fractured,0.9971,Fractured
test,IMG0003467.jpg,Fractured,0.9846,Fractured,0.9985,Fractured,0.9549,Fractured,0.9828,Fractured
test,IMG0003477.jpg,Fractured,0.1219,Non_fractured,0.0000,Non_fractured,0.2949,Non_fractured,0.1144,Non_fractured
test,IMG0003509.jpg,Fractured,0.6033,Fractured,0.9699,Fractured,0.7360,Fractured,0.7957,Fractured
test,IMG0003510.jpg,Fractured,0.2195,Non_fractured,0.9915,Fractured,0.2732,Non_fractured,0.7629,Fractured
test,IMG0003519.jpg,Fractured,0.5139,Non_fractured,0.0193,Non_fractured,0.1010,Non_fractured,0.1050,Non_fractured
test,IMG0003520.jpg,Fractured,0.0052,Non_fractured,0.0058,Non_fractured,0.0433,Non_fractured,0.0154,Non_fractured
test,IMG0003523.jpg,Fractured,0.9867,Fractured,0.8927,Fractured,0.7436,Fractured,0.8830,Fractured
test,IMG0003524.jpg,Fractured,0.9546,Fractured,0.9108,Fractured,0.9452,Fractured,0.9333,Fractured
test,IMG0003545.jpg,Fractured,0.0519,Non_fractured,0.0077,Non_fractured,0.2502,Non_fractured,0.0845,Non_fractured
test,IMG0003564.jpg,Fractured,0.8082,Fractured,0.7802,Fractured,0.7864,Fractured,0.7905,Fractured
test,IMG0003565.jpg,Fractured,0.7970,Fractured,0.9992,Fractured,0.8156,Fractured,0.8889,Fractured
test,IMG0003569.jpg,Fractured,0.7767,Fractured,0.0008,Non_fractured,0.4822,Non_fractured,0.4989,Fractured
test,IMG0003586.jpg,Fractured,0.7483,Fractured,0.0046,Non_fractured,0.2377,Non_fractured,0.3320,Non_fractured
test,IMG0003587.jpg,Fractured,0.3013,Non_fractured,0.2367,Fractured,0.5927,Fractured,0.2951,Non_fractured
test,IMG0003588.jpg,Fractured,0.9969,Fractured,0.9998,Fractured,0.9904,Fractured,0.9964,Fractured
test,IMG0003589.jpg,Fractured,0.9758,Fractured,0.9965,Fractured,0.9897,Fractured,0.9883,Fractured
test,IMG0003619.jpg,Fractured,0.8612,Fractured,0.4513,Fractured,0.4569,Non_fractured,0.5017,Fractured
test,IMG0003620.jpg,Fractured,0.4615,Non_fractured,0.8994,Fractured,0.3811,Non_fractured,0.5126,Fractured
test,IMG0003625.jpg,Fractured,0.0011,Non_fractured,0.0000,Non_fractured,0.0711,Non_fractured,0.0188,Non_fractured
test,IMG0003626.jpg,Fractured,0.1025,Non_fractured,0.0006,Non_fractured,0.0116,Non_fractured,0.0350,Non_fractured
test,IMG0003628.jpg,Fractured,0.2236,Non_fractured,0.0675,Non_fractured,0.4779,Non_fractured,0.1657,Non_fractured
test,IMG0003653.jpg,Fractured,0.9996,Fractured,0.9884,Fractured,0.9922,Fractured,0.9928,Fractured
test,IMG0003654.jpg,Fractured,0.9999,Fractured,0.9999,Fractured,0.9915,Fractured,0.9977,Fractured
test,IMG0003671.jpg,Fractured,0.0269,Non_fractured,0.0001,Non_fractured,0.0620,Non_fractured,0.0245,Non_fractured
test,IMG0003685.jpg,Fractured,0.9629,Fractured,0.9998,Fractured,0.5562,Fractured,0.9698,Fractured
test,IMG0003686.jpg,Fractured,0.9767,Fractured,0.9814,Fractured,0.4674,Non_fractured,0.9621,Fractured
test,IMG0003703.jpg,Fractured,0.9998,Fractured,0.9999,Fractured,0.9772,Fractured,0.9940,Fractured
test,IMG0003704.jpg,Fractured,0.9750,Fractured,0.9996,Fractured,0.9976,Fractured,0.9915,Fractured
test,IMG0003712.jpg,Fractured,0.8794,Fractured,0.6337,Fractured,0.7477,Fractured,0.7393,Fractured
test,IMG0003713.jpg,Fractured,0.3963,Non_fractured,0.9963,Fractured,0.3265,Non_fractured,0.5592,Fractured
test,IMG0000002.jpg,Non_fractured,0.0095,Non_fractured,0.0001,Non_fractured,0.0140,Non_fractured,0.0066,Non_fractured
test,IMG0000013.jpg,Non_fractured,0.0144,Non_fractured,0.0003,Non_fractured,0.0779,Non_fractured,0.0248,Non_fractured
test,IMG0000028.jpg,Non_fractured,0.1077,Non_fractured,0.0695,Non_fractured,0.3187,Non_fractured,0.1461,Non_fractured
test,IMG0000031.jpg,Non_fractured,0.0150,Non_fractured,0.0025,Non_fractured,0.2978,Non_fractured,0.0831,Non_fractured
test,IMG0000050.jpg,Non_fractured,0.1097,Non_fractured,0.0236,Non_fractured,0.1045,Non_fractured,0.0713,Non_fractured
test,IMG0000085.jpg,Non_fractured,0.0007,Non_fractured,0.0004,Non_fractured,0.0629,Non_fractured,0.0167,Non_fractured
test,IMG0000093.jpg,Non_fractured,0.6347,Fractured,0.0792,Non_fractured,0.1245,Non_fractured,0.1600,Non_fractured
test,IMG0000110.jpg,Non_fractured,0.0000,Non_fractured,0.0006,Non_fractured,0.0496,Non_fractured,0.0132,Non_fractured
test,IMG0000116.jpg,Non_fractured,0.0002,Non_fractured,0.0002,Non_fractured,0.4089,Non_fractured,0.0392,Non_fractured
test,IMG0000130.jpg,Non_fractured,0.0660,Non_fractured,0.0013,Non_fractured,0.0011,Non_fractured,0.0213,Non_fractured
test,IMG0000136.jpg,Non_fractured,0.0004,Non_fractured,0.0000,Non_fractured,0.0070,Non_fractured,0.0020,Non_fractured
test,IMG0000138.jpg,Non_fractured,0.0016,Non_fractured,0.0000,Non_fractured,0.0038,Non_fractured,0.0015,Non_fractured
test,IMG0000139.jpg,Non_fractured,0.0137,Non_fractured,0.0380,Non_fractured,0.0798,Non_fractured,0.0413,Non_fractured
test,IMG0000194.jpg,Non_fractured,0.0262,Non_fractured,0.0002,Non_fractured,0.0289,Non_fractured,0.0157,Non_fractured
test,IMG0000204.jpg,Non_fractured,0.0588,Non_fractured,0.0113,Non_fractured,0.7853,Fractured,0.4182,Fractured
test,IMG0000211.jpg,Non_fractured,0.0036,Non_fractured,0.0025,Non_fractured,0.0198,Non_fractured,0.0073,Non_fractured
test,IMG0000248.jpg,Non_fractured,0.7655,Fractured,0.0008,Non_fractured,0.6551,Fractured,0.6098,Fractured
test,IMG0000256.jpg,Non_fractured,0.0019,Non_fractured,0.0002,Non_fractured,0.0612,Non_fractured,0.0166,Non_fractured
test,IMG0000260.jpg,Non_fractured,0.2837,Non_fractured,0.0198,Non_fractured,0.2622,Non_fractured,0.1645,Non_fractured
test,IMG0000281.jpg,Non_fractured,0.0101,Non_fractured,0.0012,Non_fractured,0.4924,Non_fractured,0.0514,Non_fractured
test,IMG0000283.jpg,Non_fractured,0.0143,Non_fractured,0.0007,Non_fractured,0.1172,Non_fractured,0.0352,Non_fractured
test,IMG0000293.jpg,Non_fractured,0.0068,Non_fractured,0.0003,Non_fractured,0.1846,Non_fractured,0.0502,Non_fractured
test,IMG0000298.jpg,Non_fractured,0.0069,Non_fractured,0.0010,Non_fractured,0.1881,Non_fractured,0.0515,Non_fractured
test,IMG0000305.jpg,Non_fractured,0.0021,Non_fractured,0.0001,Non_fractured,0.0045,Non_fractured,0.0019,Non_fractured
test,IMG0000306.jpg,Non_fractured,0.0015,Non_fractured,0.0001,Non_fractured,0.0573,Non_fractured,0.0154,Non_fractured
test,IMG0000313.jpg,Non_fractured,0.1666,Non_fractured,0.0000,Non_fractured,0.1340,Non_fractured,0.0864,Non_fractured
test,IMG0000315.jpg,Non_fractured,0.0434,Non_fractured,0.0073,Non_fractured,0.0417,Non_fractured,0.0274,Non_fractured
test,IMG0000347.jpg,Non_fractured,0.0901,Non_fractured,0.0011,Non_fractured,0.0346,Non_fractured,0.0373,Non_fractured
test,IMG0000353.jpg,Non_fractured,0.0222,Non_fractured,0.0055,Non_fractured,0.1590,Non_fractured,0.0506,Non_fractured
test,IMG0000377.jpg,Non_fractured,0.0014,Non_fractured,0.0002,Non_fractured,0.1060,Non_fractured,0.0280,Non_fractured
test,IMG0000383.jpg,Non_fractured,0.4473,Non_fractured,0.9908,Fractured,0.4513,Non_fractured,0.5493,Fractured
test,IMG0000399.jpg,Non_fractured,0.0003,Non_fractured,0.0003,Non_fractured,0.0086,Non_fractured,0.0025,Non_fractured
test,IMG0000406.jpg,Non_fractured,0.1034,Non_fractured,0.0057,Non_fractured,0.1304,Non_fractured,0.0683,Non_fractured
test,IMG0000410.jpg,Non_fractured,0.0379,Non_fractured,0.0079,Non_fractured,0.0189,Non_fractured,0.0201,Non_fractured
test,IMG0000423.jpg,Non_fractured,0.0762,Non_fractured,0.0325,Non_fractured,0.1508,Non_fractured,0.0768,Non_fractured
test,IMG0000440.jpg,Non_fractured,0.2896,Non_fractured,0.0001,Non_fractured,0.3656,Non_fractured,0.3015,Non_fractured
test,IMG0000448.jpg,Non_fractured,0.2867,Non_fractured,0.9547,Fractured,0.7668,Fractured,0.7892,Fractured
test,IMG0000449.jpg,Non_fractured,0.0132,Non_fractured,0.0007,Non_fractured,0.0282,Non_fractured,0.0117,Non_fractured
test,IMG0000476.jpg,Non_fractured,0.0055,Non_fractured,0.0031,Non_fractured,0.0134,Non_fractured,0.0065,Non_fractured
test,IMG0000494.jpg,Non_fractured,0.1035,Non_fractured,0.0509,Non_fractured,0.6266,Fractured,0.1257,Non_fractured
test,IMG0000502.jpg,Non_fractured,0.1392,Non_fractured,0.0007,Non_fractured,0.1674,Non_fractured,0.0869,Non_fractured
test,IMG0000504.jpg,Non_fractured,0.0075,Non_fractured,0.0482,Non_fractured,0.0056,Non_fractured,0.0245,Non_fractured
test,IMG0000515.jpg,Non_fractured,0.0236,Non_fractured,0.0015,Non_fractured,0.2058,Non_fractured,0.0615,Non_fractured
test,IMG0000541.jpg,Non_fractured,0.0155,Non_fractured,0.0000,Non_fractured,0.3444,Non_fractured,0.0387,Non_fractured
test,IMG0000557.jpg,Non_fractured,0.0559,Non_fractured,0.0001,Non_fractured,0.1868,Non_fractured,0.0659,Non_fractured
test,IMG0000561.jpg,Non_fractured,0.0587,Non_fractured,0.0021,Non_fractured,0.0281,Non_fractured,0.0264,Non_fractured
test,IMG0000571.jpg,Non_fractured,0.0045,Non_fractured,0.0622,Non_fractured,0.0281,Non_fractured,0.0355,Non_fractured
test,IMG0000615.jpg,Non_fractured,0.0051,Non_fractured,0.0248,Non_fractured,0.0050,Non_fractured,0.0136,Non_fractured
test,IMG0000620.jpg,Non_fractured,0.0361,Non_fractured,0.0089,Non_fractured,0.3132,Non_fractured,0.0964,Non_fractured
test,IMG0000634.jpg,Non_fractured,0.0010,Non_fractured,0.0000,Non_fractured,0.0035,Non_fractured,0.0012,Non_fractured
test,IMG0000676.jpg,Non_fractured,0.0329,Non_fractured,0.0021,Non_fractured,0.1631,Non_fractured,0.0535,Non_fractured
test,IMG0000686.jpg,Non_fractured,0.0142,Non_fractured,0.0022,Non_fractured,0.0045,Non_fractured,0.0065,Non_fractured
test,IMG0000698.jpg,Non_fractured,0.1808,Non_fractured,0.9243,Fractured,0.9227,Fractured,0.8272,Fractured
test,IMG0000705.jpg,Non_fractured,0.0220,Non_fractured,0.0000,Non_fractured,0.2381,Non_fractured,0.0687,Non_fractured
test,IMG0000707.jpg,Non_fractured,0.0006,Non_fractured,0.0023,Non_fractured,0.1088,Non_fractured,0.0295,Non_fractured
test,IMG0000713.jpg,Non_fractured,0.6158,Fractured,0.0752,Non_fractured,0.1070,Non_fractured,0.1498,Non_fractured
test,IMG0000718.jpg,Non_fractured,0.2672,Non_fractured,0.8868,Fractured,0.6267,Fractured,0.6802,Fractured
test,IMG0000721.jpg,Non_fractured,0.0029,Non_fractured,0.0002,Non_fractured,0.0258,Non_fractured,0.0077,Non_fractured
test,IMG0000728.jpg,Non_fractured,0.6772,Fractured,0.1028,Non_fractured,0.3172,Non_fractured,0.3783,Non_fractured
test,IMG0000754.jpg,Non_fractured,0.8370,Fractured,0.9808,Fractured,0.3243,Non_fractured,0.8483,Fractured
test,IMG0000790.jpg,Non_fractured,0.0013,Non_fractured,0.0003,Non_fractured,0.1025,Non_fractured,0.0272,Non_fractured
test,IMG0000854.jpg,Non_fractured,0.0015,Non_fractured,0.0001,Non_fractured,0.0280,Non_fractured,0.0078,Non_fractured
test,IMG0000881.jpg,Non_fractured,0.0100,Non_fractured,0.0000,Non_fractured,0.0125,Non_fractured,0.0063,Non_fractured
test,IMG0000890.jpg,Non_fractured,0.0330,Non_fractured,0.0004,Non_fractured,0.0359,Non_fractured,0.0197,Non_fractured
test,IMG0000926.jpg,Non_fractured,0.2306,Non_fractured,0.0051,Non_fractured,0.1088,Non_fractured,0.1018,Non_fractured
test,IMG0000932.jpg,Non_fractured,0.4789,Non_fractured,0.0017,Non_fractured,0.7107,Fractured,0.4732,Fractured
test,IMG0000935.jpg,Non_fractured,0.0040,Non_fractured,0.0012,Non_fractured,0.0454,Non_fractured,0.0136,Non_fractured
test,IMG0000938.jpg,Non_fractured,0.0806,Non_fractured,0.0721,Non_fractured,0.2108,Non_fractured,0.1108,Non_fractured
test,IMG0000949.jpg,Non_fractured,0.0089,Non_fractured,0.0002,Non_fractured,0.0023,Non_fractured,0.0035,Non_fractured
test,IMG0000963.jpg,Non_fractured,0.0661,Non_fractured,0.0004,Non_fractured,0.2514,Non_fractured,0.0860,Non_fractured
test,IMG0000966.jpg,Non_fractured,0.0100,Non_fractured,0.0006,Non_fractured,0.0187,Non_fractured,0.0082,Non_fractured
test,IMG0000967.jpg,Non_fractured,0.0030,Non_fractured,0.0109,Non_fractured,0.0030,Non_fractured,0.0064,Non_fractured
test,IMG0000970.jpg,Non_fractured,0.0032,Non_fractured,0.0011,Non_fractured,0.0336,Non_fractured,0.0102,Non_fractured
test,IMG0000983.jpg,Non_fractured,0.0003,Non_fractured,0.0004,Non_fractured,0.0119,Non_fractured,0.0034,Non_fractured
test,IMG0000989.jpg,Non_fractured,0.0007,Non_fractured,0.0018,Non_fractured,0.0197,Non_fractured,0.0061,Non_fractured
test,IMG0001002.jpg,Non_fractured,0.6276,Fractured,0.8363,Fractured,0.7377,Fractured,0.7461,Fractured
test,IMG0001006.jpg,Non_fractured,0.2551,Non_fractured,0.0052,Non_fractured,0.3442,Non_fractured,0.1706,Non_fractured
test,IMG0001009.jpg,Non_fractured,0.0059,Non_fractured,0.0007,Non_fractured,0.0305,Non_fractured,0.0101,Non_fractured
test,IMG0001013.jpg,Non_fractured,0.0115,Non_fractured,0.0002,Non_fractured,0.1973,Non_fractured,0.0550,Non_fractured
test,IMG0001023.jpg,Non_fractured,0.0007,Non_fractured,0.0047,Non_fractured,0.0006,Non_fractured,0.0024,Non_fractured
test,IMG0001024.jpg,Non_fractured,0.0013,Non_fractured,0.0004,Non_fractured,0.0021,Non_fractured,0.0011,Non_fractured
test,IMG0001054.jpg,Non_fractured,0.1187,Non_fractured,0.0065,Non_fractured,0.1292,Non_fractured,0.0731,Non_fractured
test,IMG0001060.jpg,Non_fractured,0.0019,Non_fractured,0.0117,Non_fractured,0.0047,Non_fractured,0.0068,Non_fractured
test,IMG0001078.jpg,Non_fractured,0.0226,Non_fractured,0.0141,Non_fractured,0.0104,Non_fractured,0.0158,Non_fractured
test,IMG0001079.jpg,Non_fractured,0.0626,Non_fractured,0.0013,Non_fractured,0.1728,Non_fractured,0.0649,Non_fractured
test,IMG0001086.jpg,Non_fractured,0.0415,Non_fractured,0.0057,Non_fractured,0.2347,Non_fractured,0.0763,Non_fractured
test,IMG0001091.jpg,Non_fractured,0.0137,Non_fractured,0.0048,Non_fractured,0.0365,Non_fractured,0.0158,Non_fractured
test,IMG0001105.jpg,Non_fractured,0.5208,Non_fractured,0.0895,Non_fractured,0.5428,Fractured,0.4998,Fractured
test,IMG0001157.jpg,Non_fractured,0.0000,Non_fractured,0.0002,Non_fractured,0.1017,Non_fractured,0.0265,Non_fractured
test,IMG0001159.jpg,Non_fractured,0.0014,Non_fractured,0.0012,Non_fractured,0.0007,Non_fractured,0.0011,Non_fractured
test,IMG0001164.jpg,Non_fractured,0.0312,Non_fractured,0.0005,Non_fractured,0.0106,Non_fractured,0.0126,Non_fractured
test,IMG0001165.jpg,Non_fractured,0.0000,Non_fractured,0.0001,Non_fractured,0.0016,Non_fractured,0.0004,Non_fractured
test,IMG0001166.jpg,Non_fractured,0.5610,Fractured,0.0004,Non_fractured,0.5811,Fractured,0.5301,Fractured
test,IMG0001173.jpg,Non_fractured,0.0122,Non_fractured,0.0000,Non_fractured,0.0103,Non_fractured,0.0064,Non_fractured
test,IMG0001174.jpg,Non_fractured,0.0057,Non_fractured,0.0005,Non_fractured,0.0034,Non_fractured,0.0029,Non_fractured
test,IMG0001177.jpg,Non_fractured,0.0140,Non_fractured,0.0001,Non_fractured,0.0156,Non_fractured,0.0084,Non_fractured
test,IMG0001186.jpg,Non_fractured,0.0109,Non_fractured,0.0016,Non_fractured,0.0085,Non_fractured,0.0063,Non_fractured
test,IMG0001212.jpg,Non_fractured,0.0041,Non_fractured,0.0132,Non_fractured,0.0083,Non_fractured,0.0091,Non_fractured
test,IMG0001224.jpg,Non_fractured,0.3417,Non_fractured,0.5514,Fractured,0.7775,Fractured,0.5721,Fractured
test,IMG0001225.jpg,Non_fractured,0.0236,Non_fractured,0.0009,Non_fractured,0.1673,Non_fractured,0.0512,Non_fractured
test,IMG0001272.jpg,Non_fractured,0.1042,Non_fractured,0.0000,Non_fractured,0.0691,Non_fractured,0.0502,Non_fractured
test,IMG0001288.jpg,Non_fractured,0.0105,Non_fractured,0.0118,Non_fractured,0.1230,Non_fractured,0.0403,Non_fractured
test,IMG0001290.jpg,Non_fractured,0.1432,Non_fractured,0.0003,Non_fractured,0.0437,Non_fractured,0.0558,Non_fractured
test,IMG0001310.jpg,Non_fractured,0.0007,Non_fractured,0.0005,Non_fractured,0.0118,Non_fractured,0.0035,Non_fractured
test,IMG0001347.jpg,Non_fractured,0.2898,Non_fractured,0.0009,Non_fractured,0.1499,Non_fractured,0.1290,Non_fractured
test,IMG0001374.jpg,Non_fractured,0.0701,Non_fractured,0.0105,Non_fractured,0.2783,Non_fractured,0.0985,Non_fractured
test,IMG0001390.jpg,Non_fractured,0.0027,Non_fractured,0.0046,Non_fractured,0.0017,Non_fractured,0.0032,Non_fractured
test,IMG0001396.jpg,Non_fractured,0.0068,Non_fractured,0.0000,Non_fractured,0.0412,Non_fractured,0.0128,Non_fractured
test,IMG0001434.jpg,Non_fractured,0.0135,Non_fractured,0.0029,Non_fractured,0.0139,Non_fractured,0.0091,Non_fractured
test,IMG0001435.jpg,Non_fractured,0.0095,Non_fractured,0.0001,Non_fractured,0.0168,Non_fractured,0.0073,Non_fractured
test,IMG0001463.jpg,Non_fractured,0.0048,Non_fractured,0.0022,Non_fractured,0.0018,Non_fractured,0.0029,Non_fractured
test,IMG0001488.jpg,Non_fractured,0.0062,Non_fractured,0.0032,Non_fractured,0.0033,Non_fractured,0.0041,Non_fractured
test,IMG0001496.jpg,Non_fractured,0.1343,Non_fractured,0.0304,Non_fractured,0.0495,Non_fractured,0.0675,Non_fractured
test,IMG0001505.jpg,Non_fractured,0.0378,Non_fractured,0.0290,Non_fractured,0.1008,Non_fractured,0.0504,Non_fractured
test,IMG0001520.jpg,Non_fractured,0.0964,Non_fractured,0.0120,Non_fractured,0.0943,Non_fractured,0.0595,Non_fractured
test,IMG0001568.jpg,Non_fractured,0.0071,Non_fractured,0.0011,Non_fractured,0.1435,Non_fractured,0.0400,Non_fractured
test,IMG0001588.jpg,Non_fractured,0.0064,Non_fractured,0.0000,Non_fractured,0.0119,Non_fractured,0.0051,Non_fractured
test,IMG0001599.jpg,Non_fractured,0.0793,Non_fractured,0.0027,Non_fractured,0.0363,Non_fractured,0.0351,Non_fractured
test,IMG0001600.jpg,Non_fractured,0.0974,Non_fractured,0.0348,Non_fractured,0.6079,Fractured,0.1836,Non_fractured
test,IMG0001604.jpg,Non_fractured,0.1504,Non_fractured,0.0000,Non_fractured,0.2635,Non_fractured,0.1150,Non_fractured
test,IMG0001612.jpg,Non_fractured,0.0133,Non_fractured,0.0062,Non_fractured,0.1926,Non_fractured,0.0568,Non_fractured
test,IMG0001634.jpg,Non_fractured,0.0064,Non_fractured,0.0058,Non_fractured,0.0246,Non_fractured,0.0109,Non_fractured
test,IMG0001649.jpg,Non_fractured,0.0076,Non_fractured,0.0117,Non_fractured,0.0473,Non_fractured,0.0197,Non_fractured
test,IMG0001651.jpg,Non_fractured,0.0000,Non_fractured,0.0001,Non_fractured,0.0027,Non_fractured,0.0008,Non_fractured
test,IMG0001674.jpg,Non_fractured,0.0197,Non_fractured,0.0001,Non_fractured,0.5412,Fractured,0.0591,Non_fractured
test,IMG0001678.jpg,Non_fractured,0.0080,Non_fractured,0.0112,Non_fractured,0.0406,Non_fractured,0.0179,Non_fractured
test,IMG0001680.jpg,Non_fractured,0.0006,Non_fractured,0.0002,Non_fractured,0.0039,Non_fractured,0.0013,Non_fractured
test,IMG0001687.jpg,Non_fractured,0.0560,Non_fractured,0.0146,Non_fractured,0.1623,Non_fractured,0.0658,Non_fractured
test,IMG0001700.jpg,Non_fractured,0.0777,Non_fractured,0.0216,Non_fractured,0.1689,Non_fractured,0.0772,Non_fractured
test,IMG0001751.jpg,Non_fractured,0.0042,Non_fractured,0.0022,Non_fractured,0.0035,Non_fractured,0.0031,Non_fractured
test,IMG0001768.jpg,Non_fractured,0.7724,Fractured,0.9693,Fractured,0.5848,Fractured,0.8084,Fractured
test,IMG0001769.jpg,Non_fractured,0.0219,Non_fractured,0.9067,Fractured,0.2813,Non_fractured,0.4545,Fractured
test,IMG0001778.jpg,Non_fractured,0.3444,Non_fractured,0.0006,Non_fractured,0.3319,Non_fractured,0.3149,Non_fractured
test,IMG0001857.jpg,Non_fractured,0.1196,Non_fractured,0.0161,Non_fractured,0.0698,Non_fractured,0.0621,Non_fractured
test,IMG0001871.jpg,Non_fractured,0.0064,Non_fractured,0.0006,Non_fractured,0.0236,Non_fractured,0.0084,Non_fractured
test,IMG0001872.jpg,Non_fractured,0.0666,Non_fractured,0.0311,Non_fractured,0.0767,Non_fractured,0.0539,Non_fractured
test,IMG0001874.jpg,Non_fractured,0.0088,Non_fractured,0.0000,Non_fractured,0.0002,Non_fractured,0.0028,Non_fractured
test,IMG0001876.jpg,Non_fractured,0.0013,Non_fractured,0.0013,Non_fractured,0.0022,Non_fractured,0.0015,Non_fractured
test,IMG0001899.jpg,Non_fractured,0.0011,Non_fractured,0.0020,Non_fractured,0.0106,Non_fractured,0.0040,Non_fractured
test,IMG0001926.jpg,Non_fractured,0.0085,Non_fractured,0.0003,Non_fractured,0.0571,Non_fractured,0.0176,Non_fractured
test,IMG0001944.jpg,Non_fractured,0.0392,Non_fractured,0.0332,Non_fractured,0.0510,Non_fractured,0.0397,Non_fractured
test,IMG0001996.jpg,Non_fractured,0.0987,Non_fractured,0.0182,Non_fractured,0.0603,Non_fractured,0.0541,Non_fractured
test,IMG0002006.jpg,Non_fractured,0.0114,Non_fractured,0.0000,Non_fractured,0.0011,Non_fractured,0.0038,Non_fractured
test,IMG0002015.jpg,Non_fractured,0.0000,Non_fractured,0.0001,Non_fractured,0.1958,Non_fractured,0.0510,Non_fractured
test,IMG0002016.jpg,Non_fractured,0.0091,Non_fractured,0.0016,Non_fractured,0.0071,Non_fractured,0.0054,Non_fractured
test,IMG0002042.jpg,Non_fractured,0.0039,Non_fractured,0.0024,Non_fractured,0.0074,Non_fractured,0.0041,Non_fractured
test,IMG0002044.jpg,Non_fractured,0.0250,Non_fractured,0.0000,Non_fractured,0.0343,Non_fractured,0.0167,Non_fractured
test,IMG0002056.jpg,Non_fractured,0.0039,Non_fractured,0.0004,Non_fractured,0.0020,Non_fractured,0.0019,Non_fractured
test,IMG0002080.jpg,Non_fractured,0.0072,Non_fractured,0.0002,Non_fractured,0.1146,Non_fractured,0.0321,Non_fractured
test,IMG0002115.jpg,Non_fractured,0.0001,Non_fractured,0.0001,Non_fractured,0.0056,Non_fractured,0.0015,Non_fractured
test,IMG0002167.jpg,Non_fractured,0.2104,Non_fractured,0.2372,Fractured,0.1059,Non_fractured,0.1948,Non_fractured
test,IMG0002178.jpg,Non_fractured,0.0016,Non_fractured,0.0001,Non_fractured,0.2282,Non_fractured,0.0599,Non_fractured
test,IMG0002200.jpg,Non_fractured,0.0456,Non_fractured,0.0002,Non_fractured,0.2619,Non_fractured,0.0823,Non_fractured
test,IMG0002224.jpg,Non_fractured,0.2209,Non_fractured,0.0115,Non_fractured,0.0651,Non_fractured,0.0902,Non_fractured
test,IMG0002231.jpg,Non_fractured,0.0200,Non_fractured,0.0005,Non_fractured,0.0327,Non_fractured,0.0149,Non_fractured
test,IMG0002250.jpg,Non_fractured,0.0012,Non_fractured,0.0000,Non_fractured,0.1154,Non_fractured,0.0304,Non_fractured
test,IMG0002260.jpg,Non_fractured,0.0085,Non_fractured,0.0306,Non_fractured,0.0680,Non_fractured,0.0335,Non_fractured
test,IMG0002269.jpg,Non_fractured,0.0240,Non_fractured,0.0016,Non_fractured,0.0266,Non_fractured,0.0150,Non_fractured
test,IMG0002290.jpg,Non_fractured,0.2365,Non_fractured,0.0393,Non_fractured,0.7046,Fractured,0.3016,Non_fractured
test,IMG0002629.jpg,Non_fractured,0.0105,Non_fractured,0.0002,Non_fractured,0.0578,Non_fractured,0.0184,Non_fractured
test,IMG0002679.jpg,Non_fractured,0.0107,Non_fractured,0.0242,Non_fractured,0.0087,Non_fractured,0.0160,Non_fractured
test,IMG0002685.jpg,Non_fractured,0.0469,Non_fractured,0.0049,Non_fractured,0.0040,Non_fractured,0.0177,Non_fractured
test,IMG0002690.jpg,Non_fractured,0.1937,Non_fractured,0.0011,Non_fractured,0.0178,Non_fractured,0.0650,Non_fractured
test,IMG0002699.jpg,Non_fractured,0.0016,Non_fractured,0.0000,Non_fractured,0.0050,Non_fractured,0.0018,Non_fractured
test,IMG0002708.jpg,Non_fractured,0.0011,Non_fractured,0.0023,Non_fractured,0.0024,Non_fractured,0.0020,Non_fractured
test,IMG0002718.jpg,Non_fractured,0.0001,Non_fractured,0.0007,Non_fractured,0.0359,Non_fractured,0.0097,Non_fractured
test,IMG0002721.jpg,Non_fractured,0.1138,Non_fractured,0.0068,Non_fractured,0.2083,Non_fractured,0.0923,Non_fractured
test,IMG0002729.jpg,Non_fractured,0.0021,Non_fractured,0.0046,Non_fractured,0.0033,Non_fractured,0.0035,Non_fractured
test,IMG0002730.jpg,Non_fractured,0.0534,Non_fractured,0.0015,Non_fractured,0.0307,Non_fractured,0.0252,Non_fractured
test,IMG0002733.jpg,Non_fractured,0.0277,Non_fractured,0.0036,Non_fractured,0.0118,Non_fractured,0.0132,Non_fractured
test,IMG0002762.jpg,Non_fractured,0.0382,Non_fractured,0.0021,Non_fractured,0.2567,Non_fractured,0.0795,Non_fractured
test,IMG0002763.jpg,Non_fractured,0.0154,Non_fractured,0.0120,Non_fractured,0.0210,Non_fractured,0.0154,Non_fractured
test,IMG0002782.jpg,Non_fractured,0.4696,Non_fractured,0.0019,Non_fractured,0.0518,Non_fractured,0.0739,Non_fractured
test,IMG0002794.jpg,Non_fractured,0.0080,Non_fractured,0.0000,Non_fractured,0.0093,Non_fractured,0.0049,Non_fractured
test,IMG0002799.jpg,Non_fractured,0.0371,Non_fractured,0.0008,Non_fractured,0.0110,Non_fractured,0.0147,Non_fractured
test,IMG0002801.jpg,Non_fractured,0.0323,Non_fractured,0.0012,Non_fractured,0.0302,Non_fractured,0.0184,Non_fractured
test,IMG0002816.jpg,Non_fractured,0.0123,Non_fractured,0.0060,Non_fractured,0.2172,Non_fractured,0.0628,Non_fractured
test,IMG0002837.jpg,Non_fractured,0.0034,Non_fractured,0.0025,Non_fractured,0.0078,Non_fractured,0.0042,Non_fractured
test,IMG0002838.jpg,Non_fractured,0.0003,Non_fractured,0.0085,Non_fractured,0.0064,Non_fractured,0.0054,Non_fractured
test,IMG0002867.jpg,Non_fractured,0.0028,Non_fractured,0.0000,Non_fractured,0.0163,Non_fractured,0.0051,Non_fractured
test,IMG0002912.jpg,Non_fractured,0.5900,Fractured,0.1270,Non_fractured,0.6559,Fractured,0.5854,Fractured
test,IMG0002940.jpg,Non_fractured,0.0266,Non_fractured,0.0074,Non_fractured,0.4436,Non_fractured,0.0562,Non_fractured
test,IMG0002944.jpg,Non_fractured,0.0062,Non_fractured,0.0074,Non_fractured,0.0089,Non_fractured,0.0074,Non_fractured
test,IMG0002961.jpg,Non_fractured,0.0832,Non_fractured,0.0006,Non_fractured,0.2683,Non_fractured,0.0957,Non_fractured
test,IMG0002962.jpg,Non_fractured,0.0059,Non_fractured,0.0001,Non_fractured,0.0562,Non_fractured,0.0165,Non_fractured
test,IMG0002965.jpg,Non_fractured,0.0279,Non_fractured,0.0032,Non_fractured,0.2297,Non_fractured,0.0697,Non_fractured
test,IMG0002972.jpg,Non_fractured,0.0006,Non_fractured,0.0018,Non_fractured,0.0025,Non_fractured,0.0016,Non_fractured
test,IMG0002997.jpg,Non_fractured,0.1176,Non_fractured,0.0001,Non_fractured,0.0438,Non_fractured,0.0478,Non_fractured
test,IMG0003003.jpg,Non_fractured,0.8498,Fractured,0.0332,Non_fractured,0.1150,Non_fractured,0.5145,Fractured
test,IMG0003014.jpg,Non_fractured,0.0073,Non_fractured,0.0014,Non_fractured,0.0010,Non_fractured,0.0031,Non_fractured
test,IMG0003028.jpg,Non_fractured,0.0002,Non_fractured,0.0001,Non_fractured,0.0029,Non_fractured,0.0009,Non_fractured
test,IMG0003037.jpg,Non_fractured,0.0741,Non_fractured,0.0134,Non_fractured,0.4437,Non_fractured,0.0773,Non_fractured
test,IMG0003049.jpg,Non_fractured,0.0849,Non_fractured,0.0024,Non_fractured,0.7156,Fractured,0.1909,Non_fractured
test,IMG0003059.jpg,Non_fractured,0.0565,Non_fractured,0.0079,Non_fractured,0.1584,Non_fractured,0.0620,Non_fractured
test,IMG0003060.jpg,Non_fractured,0.1573,Non_fractured,0.0008,Non_fractured,0.2057,Non_fractured,0.1025,Non_fractured
test,IMG0003104.jpg,Non_fractured,0.4086,Non_fractured,0.0784,Non_fractured,0.2430,Non_fractured,0.2233,Non_fractured
test,IMG0003138.jpg,Non_fractured,0.1671,Non_fractured,0.0164,Non_fractured,0.0707,Non_fractured,0.0771,Non_fractured
test,IMG0003149.jpg,Non_fractured,0.5349,Fractured,0.0029,Non_fractured,0.3023,Non_fractured,0.3243,Non_fractured
test,IMG0003153.jpg,Non_fractured,0.1013,Non_fractured,0.5288,Fractured,0.4043,Non_fractured,0.4656,Fractured
test,IMG0003166.jpg,Non_fractured,0.0003,Non_fractured,0.0003,Non_fractured,0.0764,Non_fractured,0.0201,Non_fractured
test,IMG0003187.jpg,Non_fractured,0.0419,Non_fractured,0.0190,Non_fractured,0.1390,Non_fractured,0.0573,Non_fractured
test,IMG0003190.jpg,Non_fractured,0.0010,Non_fractured,0.0026,Non_fractured,0.0008,Non_fractured,0.0016,Non_fractured
test,IMG0003207.jpg,Non_fractured,0.2572,Non_fractured,0.0226,Non_fractured,0.0335,Non_fractured,0.0980,Non_fractured
test,IMG0003209.jpg,Non_fractured,0.0067,Non_fractured,0.0119,Non_fractured,0.0112,Non_fractured,0.0101,Non_fractured
test,IMG0003211.jpg,Non_fractured,0.1999,Non_fractured,0.0521,Non_fractured,0.0371,Non_fractured,0.0939,Non_fractured
test,IMG0003221.jpg,Non_fractured,0.0214,Non_fractured,0.0001,Non_fractured,0.0096,Non_fractured,0.0092,Non_fractured
test,IMG0003229.jpg,Non_fractured,0.0269,Non_fractured,0.0004,Non_fractured,0.2250,Non_fractured,0.0670,Non_fractured
test,IMG0003252.jpg,Non_fractured,0.0013,Non_fractured,0.0003,Non_fractured,0.0013,Non_fractured,0.0009,Non_fractured
test,IMG0003261.jpg,Non_fractured,0.0149,Non_fractured,0.0006,Non_fractured,0.3749,Non_fractured,0.0417,Non_fractured
test,IMG0003295.jpg,Non_fractured,0.0581,Non_fractured,0.0019,Non_fractured,0.4806,Non_fractured,0.0688,Non_fractured
test,IMG0003322.jpg,Non_fractured,0.4166,Non_fractured,0.4560,Fractured,0.4310,Non_fractured,0.4373,Fractured
test,IMG0003328.jpg,Non_fractured,0.3416,Non_fractured,0.5517,Fractured,0.5145,Non_fractured,0.4770,Fractured
test,IMG0003371.jpg,Non_fractured,0.0873,Non_fractured,0.0112,Non_fractured,0.4155,Non_fractured,0.0785,Non_fractured
test,IMG0003379.jpg,Non_fractured,0.4879,Non_fractured,0.0027,Non_fractured,0.1731,Non_fractured,0.2284,Non_fractured
test,IMG0003408.jpg,Non_fractured,0.0017,Non_fractured,0.0077,Non_fractured,0.1187,Non_fractured,0.0347,Non_fractured
test,IMG0003425.jpg,Non_fractured,0.0116,Non_fractured,0.0005,Non_fractured,0.0348,Non_fractured,0.0129,Non_fractured
test,IMG0003426.jpg,Non_fractured,0.0299,Non_fractured,0.0010,Non_fractured,0.0599,Non_fractured,0.0252,Non_fractured
test,IMG0003433.jpg,Non_fractured,0.2915,Non_fractured,0.0045,Non_fractured,0.5034,Non_fractured,0.3012,Non_fractured
test,IMG0003440.jpg,Non_fractured,0.0073,Non_fractured,0.0001,Non_fractured,0.0022,Non_fractured,0.0029,Non_fractured
test,IMG0003445.jpg,Non_fractured,0.0193,Non_fractured,0.0001,Non_fractured,0.0057,Non_fractured,0.0075,Non_fractured
test,IMG0003461.jpg,Non_fractured,0.6381,Fractured,0.3351,Fractured,0.5293,Fractured,0.4793,Fractured
test,IMG0003470.jpg,Non_fractured,0.0251,Non_fractured,0.0128,Non_fractured,0.0153,Non_fractured,0.0172,Non_fractured
test,IMG0003506.jpg,Non_fractured,0.1979,Non_fractured,0.0005,Non_fractured,0.0407,Non_fractured,0.0720,Non_fractured
test,IMG0003526.jpg,Non_fractured,0.1194,Non_fractured,0.1630,Non_fractured,0.2002,Non_fractured,0.1592,Non_fractured
test,IMG0003528.jpg,Non_fractured,0.0005,Non_fractured,0.0001,Non_fractured,0.0015,Non_fractured,0.0006,Non_fractured
test,IMG0003539.jpg,Non_fractured,0.0026,Non_fractured,0.0009,Non_fractured,0.0140,Non_fractured,0.0048,Non_fractured
test,IMG0003554.jpg,Non_fractured,0.0448,Non_fractured,0.0006,Non_fractured,0.0141,Non_fractured,0.0178,Non_fractured
test,IMG0003578.jpg,Non_fractured,0.3250,Non_fractured,0.6700,Fractured,0.7513,Fractured,0.6845,Fractured
test,IMG0003594.jpg,Non_fractured,0.0552,Non_fractured,0.4892,Fractured,0.6480,Fractured,0.4873,Fractured
test,IMG0003602.jpg,Non_fractured,0.0202,Non_fractured,0.0324,Non_fractured,0.0140,Non_fractured,0.0238,Non_fractured
test,IMG0003609.jpg,Non_fractured,0.0080,Non_fractured,0.0159,Non_fractured,0.0297,Non_fractured,0.0170,Non_fractured
test,IMG0003614.jpg,Non_fractured,0.0021,Non_fractured,0.0001,Non_fractured,0.2021,Non_fractured,0.0532,Non_fractured
test,IMG0003621.jpg,Non_fractured,0.0442,Non_fractured,0.0000,Non_fractured,0.0378,Non_fractured,0.0235,Non_fractured
test,IMG0003655.jpg,Non_fractured,0.0545,Non_fractured,0.0203,Non_fractured,0.0902,Non_fractured,0.0491,Non_fractured
test,IMG0003657.jpg,Non_fractured,0.0084,Non_fractured,0.0014,Non_fractured,0.0053,Non_fractured,0.0046,Non_fractured
test,IMG0003658.jpg,Non_fractured,0.0077,Non_fractured,0.0001,Non_fractured,0.0143,Non_fractured,0.0061,Non_fractured
test,IMG0003666.jpg,Non_fractured,0.0372,Non_fractured,0.0002,Non_fractured,0.1144,Non_fractured,0.0413,Non_fractured
test,IMG0003688.jpg,Non_fractured,0.0020,Non_fractured,0.0007,Non_fractured,0.0416,Non_fractured,0.0117,Non_fractured
test,IMG0003707.jpg,Non_fractured,0.0046,Non_fractured,0.2152,Fractured,0.0756,Non_fractured,0.1138,Non_fractured
test,IMG0003711.jpg,Non_fractured,0.0266,Non_fractured,0.0024,Non_fractured,0.1181,Non_fractured,0.0400,Non_fractured
test,IMG0003727.jpg,Non_fractured,0.0492,Non_fractured,0.1198,Non_fractured,0.0447,Non_fractured,0.0784,Non_fractured
test,IMG0003737.jpg,Non_fractured,0.0013,Non_fractured,0.0002,Non_fractured,0.0021,Non_fractured,0.0010,Non_fractured
test,IMG0003754.jpg,Non_fractured,0.0210,Non_fractured,0.0002,Non_fractured,0.0924,Non_fractured,0.0306,Non_fractured
test,IMG0003778.jpg,Non_fractured,0.1093,Non_fractured,0.0009,Non_fractured,0.1651,Non_fractured,0.0771,Non_fractured
test,IMG0003780.jpg,Non_fractured,0.0029,Non_fractured,0.0011,Non_fractured,0.0032,Non_fractured,0.0022,Non_fractured
test,IMG0003791.jpg,Non_fractured,0.1783,Non_fractured,0.0166,Non_fractured,0.1775,Non_fractured,0.1084,Non_fractured
test,IMG0003795.jpg,Non_fractured,0.0003,Non_fractured,0.0002,Non_fractured,0.0106,Non_fractured,0.0030,Non_fractured
test,IMG0003805.jpg,Non_fractured,0.2166,Non_fractured,0.0001,Non_fractured,0.0171,Non_fractured,0.0715,Non_fractured
test,IMG0003811.jpg,Non_fractured,0.3170,Non_fractured,0.0001,Non_fractured,0.0591,Non_fractured,0.1135,Non_fractured
test,IMG0003816.jpg,Non_fractured,0.0023,Non_fractured,0.0120,Non_fractured,0.0481,Non_fractured,0.0184,Non_fractured
test,IMG0003823.jpg,Non_fractured,0.0024,Non_fractured,0.0016,Non_fractured,0.0070,Non_fractured,0.0032,Non_fractured
test,IMG0003834.jpg,Non_fractured,0.0488,Non_fractured,0.0025,Non_fractured,0.2629,Non_fractured,0.0845,Non_fractured
test,IMG0003853.jpg,Non_fractured,0.0135,Non_fractured,0.0011,Non_fractured,0.2726,Non_fractured,0.0755,Non_fractured
test,IMG0003854.jpg,Non_fractured,0.0010,Non_fractured,0.0000,Non_fractured,0.0012,Non_fractured,0.0006,Non_fractured
test,IMG0003880.jpg,Non_fractured,0.0600,Non_fractured,0.0019,Non_fractured,0.0286,Non_fractured,0.0268,Non_fractured
test,IMG0003903.jpg,Non_fractured,0.0312,Non_fractured,0.0000,Non_fractured,0.0375,Non_fractured,0.0194,Non_fractured
test,IMG0003912.jpg,Non_fractured,0.0025,Non_fractured,0.0002,Non_fractured,0.0140,Non_fractured,0.0045,Non_fractured
test,IMG0003972.jpg,Non_fractured,0.0003,Non_fractured,0.0007,Non_fractured,0.0018,Non_fractured,0.0009,Non_fractured
test,IMG0004029.jpg,Non_fractured,0.0002,Non_fractured,0.0004,Non_fractured,0.0060,Non_fractured,0.0018,Non_fractured
test,IMG0004178.jpg,Non_fractured,0.0220,Non_fractured,0.0024,Non_fractured,0.7568,Fractured,0.3935,Non_fractured
test,IMG0004182.jpg,Non_fractured,0.0944,Non_fractured,0.0114,Non_fractured,0.1501,Non_fractured,0.0732,Non_fractured
test,IMG0004189.jpg,Non_fractured,0.1044,Non_fractured,0.0018,Non_fractured,0.4588,Non_fractured,0.0842,Non_fractured
test,IMG0004228.jpg,Non_fractured,0.0003,Non_fractured,0.0005,Non_fractured,0.0057,Non_fractured,0.0018,Non_fractured
test,IMG0004252.jpg,Non_fractured,0.0339,Non_fractured,0.0000,Non_fractured,0.1704,Non_fractured,0.0548,Non_fractured
test,IMG0004255.jpg,Non_fractured,0.0911,Non_fractured,0.0002,Non_fractured,0.0778,Non_fractured,0.0485,Non_fractured
test,IMG0004265.jpg,Non_fractured,0.0745,Non_fractured,0.0125,Non_fractured,0.6914,Fractured,0.1801,Non_fractured
test,IMG0004275.jpg,Non_fractured,0.1021,Non_fractured,0.0000,Non_fractured,0.0503,Non_fractured,0.0447,Non_fractured
test,IMG0004280.jpg,Non_fractured,0.6075,Fractured,0.9945,Fractured,0.4139,Non_fractured,0.7043,Fractured
test,IMG0004285.jpg,Non_fractured,0.0033,Non_fractured,0.0230,Non_fractured,0.0527,Non_fractured,0.0246,Non_fractured
test,IMG0004341.jpg,Non_fractured,0.4678,Non_fractured,0.6868,Fractured,0.7623,Fractured,0.6387,Fractured
test,IMG0004388.jpg,Non_fractured,0.0037,Non_fractured,0.0047,Non_fractured,0.0087,Non_fractured,0.0054,Non_fractured
